scenario,forecast_basis,year,metric,unit,draws,seed,mean,median,p05,p10,p25,p75,p90,p95,probability_positive
central,conditional,1,_contributor_choice_principal,USD_pledge_principal,200000,69520260814,91876.1115653,3109.56071166,25.9536775903,77.8785029717,460.194839712,18943.1746858,93038.5377159,242143.829915,1
central,conditional,1,_gross_threshold,USD,200000,69520260814,232227.67258,61581.7743328,4299.16883998,7754.64411013,20619.2860358,185487.629271,498071.696104,898056.74336,1
central,conditional,1,_mean_pledge,USD_per_contributor,200000,69520260814,121.911925923,75.1260713744,14.8875125128,21.2267826334,38.7944849022,145.708002427,264.190948647,378.333364751,1
central,conditional,1,_potential_contributors,contributors,200000,69520260814,2527.17264955,483.242235841,23.1578213951,45.3035453137,138.880505577,1665.03097114,5092.95515851,9801.68637124,1
central,conditional,1,_potential_pledge_principal,USD_pledge_principal,200000,69520260814,389088.58033,36186.7857253,960.685131414,2138.63486219,8181.48082355,159648.469393,608156.216397,1358226.98412,1
central,conditional,1,_project_target,USD,200000,69520260814,213112.740501,58665.4610498,4174.44053038,7515.1417422,19898.4869459,173851.676851,458864.276095,821829.91424,1
central,conditional,1,_reserve_before,USD_reserve_state,200000,69520260814,2500,2500,2500,2500,2500,2500,2500,2500,1
central,conditional,1,_reserve_capacity_probability,indicator,200000,69520260814,0.10889,0,0,0,0,0,1,1,0.10889
central,conditional,1,_reserve_exhaustion_probability,indicator,200000,69520260814,0,0,0,0,0,0,0,0,0
central,conditional,1,_stress_projected_liability,USD_internal_liability,200000,69520260814,1886.56474528,507.118014326,8.56457848763,22.1042934532,101.586837336,2216.67468701,5856.31484357,8718.29136194,1
central,conditional,1,_stress_projected_successful_target,USD,200000,69520260814,74589.4591753,20532.9113674,1461.05418563,2630.29960977,6964.47043107,60848.0868978,160602.496633,287640.469984,1
central,conditional,1,_surcharge_rate,proportion,200000,69520260814,0.0543926166954,0.0361138882292,0.0281370332558,0.0283536686953,0.0296253893974,0.0634667949921,0.121701037497,0.15,1
central,conditional,1,_willing_pledge,USD_pledge_principal,200000,69520260814,16431.8212238,2255.80690649,18.7142485266,56.7878294974,340.690571593,13101.9544431,49492.3070735,89977.7034309,1
central,conditional,1,dac_bonus_liability_locked,USD_internal_liability,200000,69520260814,566.435263709,123.296713416,0.992854521723,3.0272406167,18.3677054747,721.74879385,2500,2500,1
central,conditional,1,dac_bonus_liability_released,USD_internal_liability,200000,69520260814,102.579911741,23.2856192347,0.702102496742,1.60576117283,5.7844627717,101.59791506,244.012030115,444.266640595,1
central,conditional,1,dac_bonus_paid,USD_internal_transfer,200000,69520260814,463.855351968,88.7376992958,0,0,5.07345185282,568.068590862,1953.31282982,2289.26820217,0.818525
central,conditional,1,dac_capacity_waiting_pledges,USD_pledge_principal,200000,69520260814,6212.63488619,0,0,0,0,0,4554.1950217,45021.6657465,0.10889
central,conditional,1,dac_free_reserve,USD_reserve_state,200000,69520260814,2189.29984422,2448.74006962,648.217917593,1127.49452112,2116.48797131,2500.14202823,2508.06381392,2543.40796289,1
central,conditional,1,dac_funding_lost_to_surcharge,USD,200000,69520260814,2489.34758673,12.4236319091,0.0433726273761,0.278737752227,1.68643759126,147.658937476,2504.81192296,9680.68556071,0.962
central,conditional,1,dac_gross_threshold,USD,200000,69520260814,232227.67258,61581.7743328,4299.16883998,7754.64411013,20619.2860358,185487.629271,498071.696104,898056.74336,1
central,conditional,1,dac_incremental_funding_caused_by_bonus,USD,200000,69520260814,11.709785399,0.20571922113,0,0,0,2.67994667794,14.9668626076,37.028982522,0.652535
central,conditional,1,dac_pledge_principal,USD,200000,69520260814,10219.1863376,2255.80690649,18.7142485266,56.7878294974,340.690571593,13101.9544431,41918.175721,44111.0793422,1
central,conditional,1,dac_project_funding,USD,200000,69520260814,1699.47771075,409.939665985,12.8725769311,29.2678365349,104.151272112,1720.98113665,3984.84934589,7279.28036524,1
central,conditional,1,dac_project_target,USD,200000,69520260814,213112.740501,58665.4610498,4174.44053038,7515.1417422,19898.4869459,173851.676851,458864.276095,821829.91424,1
central,conditional,1,dac_required_surcharge,USD_internal_threshold_component,200000,69520260814,19114.9320789,2438.15317978,123.461314308,230.400866626,671.870756182,10299.1794202,37636.1130828,78073.5302719,1
central,conditional,1,dac_reserve_cash,USD_reserve_state,200000,69520260814,2189.29984422,2448.74006962,648.217917593,1127.49452112,2116.48797131,2500.14202823,2508.06381392,2543.40796289,1
central,conditional,1,dac_returned_or_cancelled_principal,USD,200000,69520260814,8366.5534307,1629.25222488,0,0,94.4960458065,10298.5298277,34727.1400928,39395.496797,0.818765
central,conditional,1,dac_surcharge_inflow,USD_internal_transfer,200000,69520260814,153.155196184,15.5326618547,0.364080847939,0.842330807798,3.19296060528,112.68961362,434.396477355,725.042770912,1
central,conditional,1,lapsed_dac_projects,projects,200000,69520260814,31.4476803862,18.5837362517,3.18753465362,4.80010258073,9.21723785769,37.2536300312,69.8737394442,101.172480609,1
central,conditional,1,successful_dac_projects,projects,200000,69520260814,0.999478169976,0.118498199566,0.00574452970487,0.013965596949,0.0419900981769,0.367838581663,1.2667420066,3.7897789921,1
central,conditional,2,_contributor_choice_principal,USD_pledge_principal,200000,69520260814,259338.742234,8703.10097734,75.5604272316,226.838348087,1342.90988424,48152.955154,265044.07428,689758.920065,1
central,conditional,2,_gross_threshold,USD,200000,69520260814,674818.076326,178615.93599,12129.091557,21929.5668239,58950.4988806,539656.34037,1451358.7839,2616834.11397,1
central,conditional,2,_mean_pledge,USD_per_contributor,200000,69520260814,121.911925923,75.1260713744,14.8875125128,21.2267826334,38.7944849022,145.708002427,264.190948647,378.333364751,1
central,conditional,2,_potential_contributors,contributors,200000,69520260814,7192.72215641,1375.38174816,65.9107224322,128.940859739,395.275285104,4738.93430247,14495.3339127,27897.1073643,1
central,conditional,2,_potential_pledge_principal,USD_pledge_principal,200000,69520260814,1107405.9594,102993.159372,2734.25768172,6086.88383855,23285.7531132,454384.105197,1730906.15436,3865722.95481,1
central,conditional,2,_project_target,USD,200000,69520260814,606551.646041,166970.927603,11881.0999711,21389.249574,56634.1551538,494808.618729,1305998.32427,2339054.3713,1
central,conditional,2,_reserve_before,USD_reserve_state,200000,69520260814,2189.29984422,2448.74006962,648.217917593,1127.49452112,2116.48797131,2500.14202823,2508.06381392,2543.40796289,1
central,conditional,2,_reserve_capacity_probability,indicator,200000,69520260814,0.23804,0,0,0,0,0,1,1,0.23804
central,conditional,2,_reserve_exhaustion_probability,indicator,200000,69520260814,0,0,0,0,0,0,0,0,0
central,conditional,2,_stress_projected_liability,USD_internal_liability,200000,69520260814,5408.73284886,1440.378476,24.3761080033,62.8777040101,288.71760661,6327.24865336,16878.4955729,25092.3604663,1
central,conditional,2,_stress_projected_successful_target,USD,200000,69520260814,212293.076114,58439.8246612,4158.38498988,7486.23735089,19821.9543038,173183.016555,457099.413494,818669.029954,1
central,conditional,2,_surcharge_rate,proportion,200000,69520260814,0.0691916210324,0.0380134879915,0.02,0.02,0.02,0.15,0.15,0.15,1
central,conditional,2,_willing_pledge,USD_pledge_principal,200000,69520260814,45926.7960567,6299.65692685,54.42964455,165.391947455,992.397999386,33192.5429649,140290.795104,257441.416921,1
central,conditional,2,dac_bonus_liability_locked,USD_internal_liability,200000,69520260814,631.958068994,343.893212148,2.88371376405,8.79694453465,53.5262876605,974.852107716,1693.31490512,1952.9065897,1
central,conditional,2,dac_bonus_liability_released,USD_internal_liability,200000,69520260814,181.086705973,64.9584677778,2.0228182195,4.61288226176,16.5642129755,159.64795761,410.516369712,776.153819486,1
central,conditional,2,dac_bonus_paid,USD_internal_transfer,200000,69520260814,450.87136302,220.619232376,0,0,14.2120267633,694.826268398,1369.62438083,1614.72233018,0.8176
central,conditional,2,dac_capacity_waiting_pledges,USD_pledge_principal,200000,69520260814,34439.0477706,0,0,0,0,0,117695.373261,237145.96011,0.23804
central,conditional,2,dac_free_reserve,USD_reserve_state,200000,69520260814,2075.14054867,2341.66921589,390.160031673,550.699250525,1508.82194245,2500.78652148,2542.29332859,2933.0370862,1
central,conditional,2,dac_funding_lost_to_surcharge,USD,200000,69520260814,9135.54188166,42.0089523203,0.23712163775,0.74210202156,3.97194278691,1148.43212348,14720.857346,46813.207001,0.977895
central,conditional,2,dac_gross_threshold,USD,200000,69520260814,674818.076326,178615.93599,12129.091557,21929.5668239,58950.4988806,539656.34037,1451358.7839,2616834.11397,1
central,conditional,2,dac_incremental_funding_caused_by_bonus,USD,200000,69520260814,9.10117902274,0.141895879096,0,0,0,3.13539775461,13.7499225942,28.80249952,0.56427
central,conditional,2,dac_pledge_principal,USD,200000,69520260814,11487.7482861,6288.86515843,54.42964455,165.391947455,992.397999386,17702.8402364,30443.6808586,36542.0591667,1
central,conditional,2,dac_project_funding,USD,200000,69520260814,2938.81482197,1126.00397173,37.3223908148,84.7743904545,300.247593054,2618.51604416,6623.69169168,12424.8696221,1
central,conditional,2,dac_project_target,USD,200000,69520260814,606551.646041,166970.927603,11881.0999711,21389.249574,56634.1551538,494808.618729,1305998.32427,2339054.3713,1
central,conditional,2,dac_required_surcharge,USD_internal_threshold_component,200000,69520260814,68266.4302852,7607.88917714,244.156583878,470.418268013,1544.96222262,42125.1808867,147232.308965,290661.208093,1
central,conditional,2,dac_reserve_cash,USD_reserve_state,200000,69520260814,2075.14054867,2341.66921589,390.160031673,550.699250525,1508.82194245,2500.78652148,2542.29332859,2933.0370862,1
central,conditional,2,dac_returned_or_cancelled_principal,USD,200000,69520260814,8212.22139661,4024.15047471,0,0,264.056620923,12632.7778302,24713.9880765,29224.0203199,0.818695
central,conditional,2,dac_surcharge_inflow,USD_internal_transfer,200000,69520260814,336.712067476,46.0324895378,0.746447816295,1.69741765339,6.45281139886,294.701825963,808.301553739,1547.15110409,1
central,conditional,2,lapsed_dac_projects,projects,200000,69520260814,90.8909143211,54.1820651245,9.61003784877,14.1805583908,26.9641199681,108.231053037,201.153469303,290.553627345,1
central,conditional,2,successful_dac_projects,projects,200000,69520260814,1.45869080022,0.312234231389,0.0168033812051,0.0405966871042,0.11993040243,0.730383826485,1.66621562725,3.73615070543,1
central,conditional,3,_contributor_choice_principal,USD_pledge_principal,200000,69520260814,419505.920589,13367.8761006,124.572663157,373.949380825,2210.19244354,77495.5434131,419260.100461,1103532.59309,1
central,conditional,3,_gross_threshold,USD,200000,69520260814,1120988.05766,298269.314464,20027.2628812,36343.9928899,98780.8588387,900195.610427,2413234.54582,4340441.6021,1
central,conditional,3,_mean_pledge,USD_per_contributor,200000,69520260814,121.911925923,75.1260713744,14.8875125128,21.2267826334,38.7944849022,145.708002427,264.190948647,378.333364751,1
central,conditional,3,_potential_contributors,contributors,200000,69520260814,11858.2716633,2267.52126049,108.663623469,212.578174164,651.670064632,7812.83763381,23897.7126669,45992.5283573,1
central,conditional,3,_potential_pledge_principal,USD_pledge_principal,200000,69520260814,1825723.33847,169799.533019,4507.83023202,10035.1328149,38390.0254028,749119.741,2853656.09232,6373218.9255,1
central,conditional,3,_project_target,USD,200000,69520260814,999990.551581,275276.394157,19587.7594118,35263.3574057,93369.8233616,815765.560608,2153132.37245,3856278.82836,1
central,conditional,3,_reserve_before,USD_reserve_state,200000,69520260814,2075.14054867,2341.66921589,390.160031673,550.699250525,1508.82194245,2500.78652148,2542.29332859,2933.0370862,1
central,conditional,3,_reserve_capacity_probability,indicator,200000,69520260814,0.31799,0,0,0,0,1,1,1,0.31799
central,conditional,3,_reserve_exhaustion_probability,indicator,200000,69520260814,0,0,0,0,0,0,0,0,0
central,conditional,3,_stress_projected_liability,USD_internal_liability,200000,69520260814,8962.26997383,2375.76972792,40.1876375189,103.662381156,475.771462288,10602.2466442,27984.9521765,41368.4861741,1
central,conditional,3,_stress_projected_successful_target,USD,200000,69520260814,349996.693053,96346.7379549,6855.71579413,12342.175092,32679.4381766,285517.946213,753596.330356,1349697.58992,1
central,conditional,3,_surcharge_rate,proportion,200000,69520260814,0.0808841854945,0.0597229035141,0.02,0.02,0.02,0.15,0.15,0.15,1
central,conditional,3,_willing_pledge,USD_pledge_principal,200000,69520260814,74937.7146759,9731.62732587,89.7357183695,272.673842297,1631.05435234,53850.4210358,228428.464223,422740.556464,1
central,conditional,3,dac_bonus_liability_locked,USD_internal_liability,200000,69520260814,715.131319725,390.723068904,4.75434233668,14.5035428066,88.0651622866,903.397043473,1485.96387087,2351.74447656,1
central,conditional,3,dac_bonus_liability_released,USD_internal_liability,200000,69520260814,266.984624589,82.7107342643,3.33492909337,7.60516578321,27.2011489351,216.980282202,585.660361671,1089.68566172,1
central,conditional,3,dac_bonus_paid,USD_internal_transfer,200000,69520260814,448.146695136,257.165332762,0,0,23.7507897743,638.830229993,1120.81215573,1344.94918049,0.818235
central,conditional,3,dac_capacity_waiting_pledges,USD_pledge_principal,200000,69520260814,61935.1126961,0,0,0,0,30280.7146407,201483.281871,393241.526228,0.31799
central,conditional,3,dac_free_reserve,USD_reserve_state,200000,69520260814,2167.01168284,2238.73355314,282.136496648,413.840470299,1148.8273967,2503.83573674,2716.93755026,4011.43075989,1
central,conditional,3,dac_funding_lost_to_surcharge,USD,200000,69520260814,15451.8811353,102.804176575,0.512356526909,1.38215017584,7.20792929423,3020.1434205,25394.256692,80330.7592262,0.984975
central,conditional,3,dac_gross_threshold,USD,200000,69520260814,1120988.05766,298269.314464,20027.2628812,36343.9928899,98780.8588387,900195.610427,2413234.54582,4340441.6021,1
central,conditional,3,dac_incremental_funding_caused_by_bonus,USD,200000,69520260814,10.116968991,0.00607288177061,0,0,0,2.79830148704,11.9983512799,25.7699518507,0.50287
central,conditional,3,dac_pledge_principal,USD,200000,69520260814,13002.6019798,7102.16783172,89.7357183695,272.673842297,1631.05435234,16409.8924585,27466.4460283,42616.9890644,1
central,conditional,3,dac_project_funding,USD,200000,69520260814,4286.87482638,1368.4141218,61.5315389832,139.780391334,491.297803026,3543.06880943,9357.24532643,17309.017052,1
central,conditional,3,dac_project_target,USD,200000,69520260814,999990.551581,275276.394157,19587.7594118,35263.3574057,93369.8233616,815765.560608,2153132.37245,3856278.82836,1
central,conditional,3,dac_required_surcharge,USD_internal_threshold_component,200000,69520260814,120997.506077,16608.4210512,403.146160666,793.534430892,2805.14073755,82219.5815229,265665.718272,509283.940431,1
central,conditional,3,dac_reserve_cash,USD_reserve_state,200000,69520260814,2167.01168284,2238.73355314,282.136496648,413.840470299,1148.8273967,2503.83573674,2716.93755026,4011.43075989,1
central,conditional,3,dac_returned_or_cancelled_principal,USD,200000,69520260814,8175.7093241,4649.95600163,0,0,440.788087038,11631.0927797,20325.0552522,25317.5170376,0.819995
central,conditional,3,dac_surcharge_inflow,USD_internal_transfer,200000,69520260814,540.017829302,107.796298989,1.23063077966,2.79738825217,10.7710213191,409.774549835,1245.78032388,2360.5655819,1
central,conditional,3,lapsed_dac_projects,projects,200000,69520260814,150.453132959,89.9431125456,15.9532460391,23.5300542204,44.8088376088,179.353721626,332.427481774,480.270057109,1
central,conditional,3,successful_dac_projects,projects,200000,69520260814,1.79891872699,0.461725426167,0.0276937730757,0.0668062951154,0.193511636503,0.982074107293,2.00957706052,3.54545930215,1
central,conditional,4,_contributor_choice_principal,USD_pledge_principal,200000,69520260814,582326.903626,17125.7941897,173.584858573,521.07702343,3068.68283882,106787.546936,577800.262391,1527640.96135,1
central,conditional,4,_gross_threshold,USD,200000,69520260814,1568620.49292,419583.892234,27976.3502849,51142.8890231,139175.49826,1264937.18497,3377188.26619,6068532.69144,1
central,conditional,4,_mean_pledge,USD_per_contributor,200000,69520260814,121.911925923,75.1260713744,14.8875125128,21.2267826334,38.7944849022,145.708002427,264.190948647,378.333364751,1
central,conditional,4,_potential_contributors,contributors,200000,69520260814,16523.8211701,3159.66077281,151.416524506,296.21548859,908.064844159,10886.7409651,33300.0914211,64087.9493504,1
central,conditional,4,_potential_pledge_principal,USD_pledge_principal,200000,69520260814,2544040.71754,236605.906666,6281.40278232,13983.3817913,53494.2976924,1043855.3768,3976406.03029,8880714.89619,1
central,conditional,4,_project_target,USD,200000,69520260814,1393429.45712,383581.86071,27294.4188525,49137.4652375,130105.491569,1136722.50249,3000266.42062,5373503.28541,1
central,conditional,4,_reserve_before,USD_reserve_state,200000,69520260814,2167.01168284,2238.73355314,282.136496648,413.840470299,1148.8273967,2503.83573674,2716.93755026,4011.43075989,1
central,conditional,4,_reserve_capacity_probability,indicator,200000,69520260814,0.37164,0,0,0,0,1,1,1,0.37164
central,conditional,4,_reserve_exhaustion_probability,indicator,200000,69520260814,0,0,0,0,0,0,0,0,0
central,conditional,4,_stress_projected_liability,USD_internal_liability,200000,69520260814,12504.0134197,3322.98898436,55.9991670345,144.4475803,662.960234336,14819.392011,38995.4251639,57644.611882,1
central,conditional,4,_stress_projected_successful_target,USD,200000,69520260814,487700.309993,134253.651249,9553.04659837,17198.1128331,45536.9220493,397852.87587,1050093.24722,1880726.14989,1
central,conditional,4,_surcharge_rate,proportion,200000,69520260814,0.0893259739795,0.106987593785,0.02,0.02,0.02,0.15,0.15,0.15,1
central,conditional,4,_willing_pledge,USD_pledge_principal,200000,69520260814,104068.551906,12552.9508987,125.041576126,379.88482234,2261.73930265,74719.725051,317570.690879,588984.105732,1
central,conditional,4,dac_bonus_liability_locked,USD_internal_liability,200000,69520260814,882.102148204,392.937155204,6.62490338772,20.2098552292,122.100896217,893.179970197,1772.76094285,3191.22110577,1
central,conditional,4,dac_bonus_liability_released,USD_internal_liability,200000,69520260814,363.682687455,96.2684634296,4.64703235101,10.5972714173,36.6470117984,282.785865848,783.767322293,1482.95591645,1
central,conditional,4,dac_bonus_paid,USD_internal_transfer,200000,69520260814,518.419460749,246.109659286,0,0,31.4824129417,622.585308515,1074.63285548,1747.42150003,0.816325
central,conditional,4,dac_capacity_waiting_pledges,USD_pledge_principal,200000,69520260814,88058.4642508,0,0,0,0,52278.667117,282666.217378,543757.489521,0.37164
central,conditional,4,dac_free_reserve,USD_reserve_state,200000,69520260814,2417.10391419,2181.94089731,233.645765012,356.095880628,986.818686573,2514.32129166,3296.58527174,5620.19069571,1
central,conditional,4,dac_funding_lost_to_surcharge,USD,200000,69520260814,21645.64112,193.85027803,0.75842651939,1.99343466004,11.1694532633,4478.60573788,35245.2185399,113081.685558,0.986815
central,conditional,4,dac_gross_threshold,USD,200000,69520260814,1568620.49292,419583.892234,27976.3502849,51142.8890231,139175.49826,1264937.18497,3377188.26619,6068532.69144,1
central,conditional,4,dac_incremental_funding_caused_by_bonus,USD,200000,69520260814,13.0870404279,0,0,0,0,2.48957318608,11.4498086939,27.7111726979,0.460345
central,conditional,4,dac_pledge_principal,USD,200000,69520260814,16010.087655,7196.01101383,125.041576126,379.88482234,2261.73930265,16242.8488407,32185.8061781,57592.2028395,1
central,conditional,4,dac_project_funding,USD,200000,69520260814,5806.26346554,1603.84908187,85.7406690874,194.769538872,637.262841479,4589.34789999,12478.574182,23395.7210628,1
central,conditional,4,dac_project_target,USD,200000,69520260814,1393429.45712,383581.86071,27294.4188525,49137.4652375,130105.491569,1136722.50249,3000266.42062,5373503.28541,1
central,conditional,4,dac_required_surcharge,USD_internal_threshold_component,200000,69520260814,175191.035803,27608.8126439,578.806388301,1183.67352725,4545.60170215,124736.217848,385525.890079,729965.235751,1
central,conditional,4,dac_reserve_cash,USD_reserve_state,200000,69520260814,2417.10391419,2181.94089731,233.645765012,356.095880628,986.818686573,2514.32129166,3296.58527174,5620.19069571,1
central,conditional,4,dac_returned_or_cancelled_principal,USD,200000,69520260814,9435.31249731,4505.03946594,0,0,587.043083476,11343.7639384,19862.1028804,31710.8402497,0.818625
central,conditional,4,dac_surcharge_inflow,USD_internal_transfer,200000,69520260814,768.511692106,144.372863197,1.71481338175,3.90619236587,16.0749239977,566.325126916,1733.40673037,3315.02375449,1
central,conditional,4,lapsed_dac_projects,projects,200000,69520260814,209.848190208,125.649162094,21.9830443936,32.7040786092,62.5643845651,250.366427258,463.538229458,669.563415641,1
central,conditional,4,successful_dac_projects,projects,200000,69520260814,2.3063080435,0.59091412231,0.0385603931473,0.0927482341355,0.260525226394,1.21885495539,2.40266303942,3.94348939849,1
central,conditional,5,_contributor_choice_principal,USD_pledge_principal,200000,69520260814,746231.853764,20778.0605411,222.586869203,668.112332984,3901.24362588,136238.55131,739868.844602,1954880.54836,1
central,conditional,5,_gross_threshold,USD,200000,69520260814,2016965.79599,541790.789824,36084.6283571,66414.2440024,179872.895975,1628197.73052,4344214.31688,7800011.8793,1
central,conditional,5,_mean_pledge,USD_per_contributor,200000,69520260814,121.911925923,75.1260713744,14.8875125128,21.2267826334,38.7944849022,145.708002427,264.190948647,378.333364751,1
central,conditional,5,_potential_contributors,contributors,200000,69520260814,21189.370677,4051.80028513,194.169425543,379.852803015,1164.45962369,13960.6442965,42702.4701752,82183.3703434,1
central,conditional,5,_potential_pledge_principal,USD_pledge_principal,200000,69520260814,3262358.09661,303412.280312,8054.97533262,17931.6307676,68598.5699821,1338591.01261,5099155.96825,11388210.8669,1
central,conditional,5,_project_target,USD,200000,69520260814,1786868.36266,491887.327264,35001.0782932,63011.5730692,166841.159777,1457679.44436,3847400.4688,6890727.74247,1
central,conditional,5,_reserve_before,USD_reserve_state,200000,69520260814,2417.10391419,2181.94089731,233.645765012,356.095880628,986.818686573,2514.32129166,3296.58527174,5620.19069571,1
central,conditional,5,_reserve_capacity_probability,indicator,200000,69520260814,0.412035,0,0,0,0,1,1,1,0.412035
central,conditional,5,_reserve_exhaustion_probability,indicator,200000,69520260814,0,0,0,0,0,0,0,0,0
central,conditional,5,_stress_projected_liability,USD_internal_liability,200000,69520260814,16041.0818574,4295.03451676,71.8106965502,185.232779443,850.149006384,19003.6909318,50005.8981514,73920.7375898,1
central,conditional,5,_stress_projected_successful_target,USD,200000,69520260814,625403.926932,172160.564542,12250.3774026,22054.0505742,58394.4059221,510187.805528,1346590.16408,2411754.70987,1
central,conditional,5,_surcharge_rate,proportion,200000,69520260814,0.0958847314467,0.15,0.02,0.02,0.02,0.15,0.15,0.15,1
central,conditional,5,_willing_pledge,USD_pledge_principal,200000,69520260814,133258.334539,15192.2375776,160.347432918,487.09619585,2877.04905332,95728.3762225,407141.913362,755276.142922,1
central,conditional,5,dac_bonus_liability_locked,USD_internal_liability,200000,69520260814,1092.10208732,409.724256053,8.4954643444,25.9105710894,141.362138008,918.995847586,2282.33321004,4278.6852222,1
central,conditional,5,dac_bonus_liability_released,USD_internal_liability,200000,69520260814,463.945970345,115.726079498,5.95913560307,13.5853415919,41.6811122151,355.233042877,994.023305084,1892.46869753,1
central,conditional,5,dac_bonus_paid,USD_internal_transfer,200000,69520260814,628.15611697,248.903474886,0,0,38.0785820892,626.753995695,1302.65099686,2371.81439219,0.81435
central,conditional,5,dac_capacity_waiting_pledges,USD_pledge_principal,200000,69520260814,113461.425499,0,0,0,0,67514.3571485,361587.06717,692914.531553,0.412035
central,conditional,5,dac_free_reserve,USD_reserve_state,200000,69520260814,2793.74949795,2170.81829639,206.93722136,334.733806596,926.930913498,2541.80665374,4173.30806659,7559.71624939,1
central,conditional,5,dac_funding_lost_to_surcharge,USD,200000,69520260814,27802.4595617,322.277862242,0.987334176365,2.59982276126,16.7064033949,5830.1194964,45005.750917,145487.601725,0.9872
central,conditional,5,dac_gross_threshold,USD,200000,69520260814,2016965.79599,541790.789824,36084.6283571,66414.2440024,179872.895975,1628197.73052,4344214.31688,7800011.8793,1
central,conditional,5,dac_incremental_funding_caused_by_bonus,USD,200000,69520260814,16.1685230789,0,0,0,0,2.21829568416,11.4411595674,33.305600774,0.427955
central,conditional,5,dac_pledge_principal,USD,200000,69520260814,19796.9090403,7496.88416868,160.347432918,487.09619585,2593.82077315,16855.1837208,41345.2627204,77251.9511072,1
central,conditional,5,dac_project_funding,USD,200000,69520260814,7383.2260252,1925.12978674,109.949799183,249.542513334,716.860553919,5740.41491773,15759.0581403,29845.3624632,1
central,conditional,5,dac_project_target,USD,200000,69520260814,1786868.36266,491887.327264,35001.0782932,63011.5730692,166841.159777,1457679.44436,3847400.4688,6890727.74247,1
central,conditional,5,dac_required_surcharge,USD_internal_threshold_component,200000,69520260814,230097.43333,40286.3036339,786.184252801,1654.3610586,6957.37144945,168549.023114,505549.086616,949741.007127,1
central,conditional,5,dac_reserve_cash,USD_reserve_state,200000,69520260814,2793.74949795,2170.81829639,206.93722136,334.733806596,926.930913498,2541.80665374,4173.30806659,7559.71624939,1
central,conditional,5,dac_returned_or_cancelled_principal,USD,200000,69520260814,11408.8813144,4554.40662348,0,0,709.83405549,11415.7687284,23685.3249659,43016.699248,0.81743
central,conditional,5,dac_surcharge_inflow,USD_internal_transfer,200000,69520260814,1004.80170073,181.879019858,2.19899598365,5.03075916045,22.9994740963,743.502266519,2246.85131325,4289.77471209,1
central,conditional,5,lapsed_dac_projects,projects,200000,69520260814,269.197111841,161.287630947,28.1231107038,41.9500270962,80.308126408,321.17509279,594.469073206,858.599911859,1
central,conditional,5,successful_dac_projects,projects,200000,69520260814,2.8598329757,0.71337253102,0.0493943015309,0.118178214661,0.322295549087,1.4658699316,2.87166923789,4.59875636626,1
central,probability_weighted,1,_contributor_choice_principal,USD_pledge_principal,200000,69530260833,57190.6711794,945.137514645,3.37907224818,12.3991530096,102.128940745,7685.19280584,45548.7822827,128074.128201,1
central,probability_weighted,1,_gross_threshold,USD,200000,69530260833,137969.312194,26047.4358811,863.753869769,1916.67154878,6876.97576778,92391.3909774,281381.411154,534764.810036,1
central,probability_weighted,1,_mean_pledge,USD_per_contributor,200000,69530260833,121.50410714,75.0498120172,14.8460170414,21.268457776,38.4919486845,145.532147067,263.766297383,378.316128639,1
central,probability_weighted,1,_potential_contributors,contributors,200000,69530260833,1597.35459907,179.118031996,2.93659828452,7.70286179941,35.6991570359,800.402122835,2910.8218186,6146.30291563,1
central,probability_weighted,1,_potential_pledge_principal,USD_pledge_principal,200000,69530260833,244335.405097,13005.1265231,142.402204878,395.691160201,2167.70166525,72570.928454,326512.312971,787035.565286,1
central,probability_weighted,1,_project_target,USD,200000,69530260833,128357.927949,25158.6737641,839.804320706,1863.59776634,6677.94154305,88071.0390872,264502.415865,500102.340515,1
central,probability_weighted,1,_reserve_before,USD_reserve_state,200000,69530260833,2500,2500,2500,2500,2500,2500,2500,2500,1
central,probability_weighted,1,_reserve_capacity_probability,indicator,200000,69530260833,0.053885,0,0,0,0,0,0,1,0.053885
central,probability_weighted,1,_reserve_exhaustion_probability,indicator,200000,69530260833,0,0,0,0,0,0,0,0,0
central,probability_weighted,1,_stress_projected_liability,USD_internal_liability,200000,69530260833,941.339987052,86.1009359374,0,0,3.2706194641,693.735119802,2921.93740746,5319.20036234,0.818815
central,probability_weighted,1,_stress_projected_successful_target,USD,200000,69530260833,44925.2747823,8805.53581743,293.931512247,652.259218219,2337.27954007,30824.8636805,92575.8455526,175035.81918,1
central,probability_weighted,1,_surcharge_rate,proportion,200000,69530260833,0.0416881467641,0.029377614975,0.028,0.028,0.0280523299114,0.0390997619168,0.0747509985194,0.113107205797,1
central,probability_weighted,1,_willing_pledge,USD_pledge_principal,200000,69530260833,8314.92201118,296.284787717,0,0,6.98541744121,3516.65591326,20991.4287091,48385.4438051,0.818815
central,probability_weighted,1,dac_bonus_liability_locked,USD_internal_liability,200000,69530260833,309.966092039,16.1154833337,0,0,0.374595050623,193.818279253,1167.84418029,2500,0.818815
central,probability_weighted,1,dac_bonus_liability_released,USD_internal_liability,200000,69530260833,58.7393205138,4.37088967786,0,0,0.227870251808,30.5510200323,162.510800652,272.682054362,0.818815
central,probability_weighted,1,dac_bonus_paid,USD_internal_transfer,200000,69530260833,251.226771525,7.75831675701,0,0,0,150.107777894,873.927027685,1932.79347223,0.64321
central,probability_weighted,1,dac_capacity_waiting_pledges,USD_pledge_principal,200000,69530260833,2730.23237426,0,0,0,0,0,0,3458.96848245,0.053885
central,probability_weighted,1,dac_free_reserve,USD_reserve_state,200000,69530260833,2329.75989609,2497.35179356,1109.80333796,1878.61390192,2402.05641775,2500,2501.82753672,2509.98361777,1
central,probability_weighted,1,dac_funding_lost_to_surcharge,USD,200000,69530260833,1178.68643266,1.48883935634,0,0,0.0371242969902,21.8988228724,390.647533737,2594.44865138,0.78968
central,probability_weighted,1,dac_gross_threshold,USD,200000,69530260833,137969.312194,26047.4358811,863.753869769,1916.67154878,6876.97576778,92391.3909774,281381.411154,534764.810036,1
central,probability_weighted,1,dac_incremental_funding_caused_by_bonus,USD,200000,69530260833,7.92125505304,0.0145076467985,0,0,0,0.739690158388,6.65450907359,20.2812035936,0.564285
central,probability_weighted,1,dac_pledge_principal,USD,200000,69530260833,5584.68963692,296.284787717,0,0,6.98541744121,3516.65591326,20991.4287091,41918.175721,0.818815
central,probability_weighted,1,dac_project_funding,USD,200000,69530260833,978.168931203,77.8803063542,0,0,4.14391749374,532.658288133,2573.11891122,4474.94665713,0.818815
central,probability_weighted,1,dac_project_target,USD,200000,69530260833,128357.927949,25158.6737641,839.804320706,1863.59776634,6677.94154305,88071.0390872,264502.415865,500102.340515,1
central,probability_weighted,1,dac_required_surcharge,USD_internal_threshold_component,200000,69530260833,9611.38424454,827.464454713,23.6780622671,53.173789131,197.880393835,3640.89432092,15242.4140702,34959.8547551,1
central,probability_weighted,1,dac_reserve_cash,USD_reserve_state,200000,69530260833,2329.75989609,2497.35179356,1109.80333796,1878.61390192,2402.05641775,2500,2501.82753672,2509.98361777,1
central,probability_weighted,1,dac_returned_or_cancelled_principal,USD,200000,69530260833,4525.53403811,142.425817952,0,0,0,2742.97698472,15860.9036215,34458.3917807,0.64336
central,probability_weighted,1,dac_surcharge_inflow,USD_internal_transfer,200000,69530260833,80.9866676119,2.3417491326,0,0,0.116437598331,21.8160041141,210.144042961,443.003735806,0.818815
central,probability_weighted,1,lapsed_dac_projects,projects,200000,69530260833,18.6648014036,8.39026501987,0.467995775385,0.983946271525,2.94055299503,21.0302056478,45.1493114721,69.6223915394,1
central,probability_weighted,1,successful_dac_projects,projects,200000,69530260833,0.581299417737,0.0274167748411,0,0,0.00169940379925,0.137529076377,0.606904577154,1.82928841851,0.818815
central,probability_weighted,2,_contributor_choice_principal,USD_pledge_principal,200000,69530260833,162272.247546,2757.14561712,9.82312999752,36.0185269222,297.150285757,20712.2666036,127808.626688,364637.012843,1
central,probability_weighted,2,_gross_threshold,USD,200000,69530260833,399184.603352,74409.1660412,2438.01654334,5410.16766936,19435.9889037,266870.739003,816050.074871,1557521.4145,1
central,probability_weighted,2,_mean_pledge,USD_per_contributor,200000,69530260833,121.50410714,75.0498120172,14.8460170414,21.268457776,38.4919486845,145.532147067,263.766297383,378.316128639,1
central,probability_weighted,2,_potential_contributors,contributors,200000,69530260833,4546.31693582,509.79747568,8.3580105021,21.9235297368,101.605293102,2278.06758038,8284.64671447,17493.3236829,1
central,probability_weighted,2,_potential_pledge_principal,USD_pledge_principal,200000,69530260833,695416.152967,37014.5908736,405.298583115,1126.19791749,6169.61243187,206548.027138,929304.275378,2240024.3012,1
central,probability_weighted,2,_project_target,USD,200000,69530260833,365326.410318,71605.4560978,2390.2122974,5304.08595035,19006.4490071,250663.726633,752814.56823,1423368.19993,1
central,probability_weighted,2,_reserve_before,USD_reserve_state,200000,69530260833,2329.75989609,2497.35179356,1109.80333796,1878.61390192,2402.05641775,2500,2501.82753672,2509.98361777,1
central,probability_weighted,2,_reserve_capacity_probability,indicator,200000,69530260833,0.127855,0,0,0,0,0,1,1,0.127855
central,probability_weighted,2,_reserve_exhaustion_probability,indicator,200000,69530260833,0,0,0,0,0,0,0,0,0
central,probability_weighted,2,_stress_projected_liability,USD_internal_liability,200000,69530260833,2697.19271652,244.63428129,0,0,9.30605116274,1970.77572703,8366.20093214,15302.7461197,0.818815
central,probability_weighted,2,_stress_projected_successful_target,USD,200000,69530260833,127864.243611,25061.9096342,836.574304088,1856.43008262,6652.2571525,87732.3043215,263485.098881,498178.869974,1
central,probability_weighted,2,_surcharge_rate,proportion,200000,69530260833,0.0469717293967,0.02,0.02,0.02,0.02,0.0503858291028,0.15,0.15,1
central,probability_weighted,2,_willing_pledge,USD_pledge_principal,200000,69530260833,23215.8898949,865.1958575,0,0,20.2877295822,9629.83570986,55470.8095946,137200.713112,0.818815
central,probability_weighted,2,dac_bonus_liability_locked,USD_internal_liability,200000,69530260833,376.804556735,47.0611342157,0,0,1.08744238434,496.940933985,1334.63979526,1757.63759043,0.818815
central,probability_weighted,2,dac_bonus_liability_released,USD_internal_liability,200000,69530260833,100.893884826,12.5398439697,0,0,0.655979847591,84.2289709419,221.676075071,457.334110694,0.818815
central,probability_weighted,2,dac_bonus_paid,USD_internal_transfer,200000,69530260833,275.910671908,22.2091829566,0,0,0,322.257180264,1014.54532008,1444.43370087,0.644095
central,probability_weighted,2,dac_capacity_waiting_pledges,USD_pledge_principal,200000,69530260833,16383.6633813,0,0,0,0,0,22226.6863088,112996.685032,0.127855
central,probability_weighted,2,dac_free_reserve,USD_reserve_state,200000,69530260833,2228.15612716,2489.70803841,498.886531725,1021.13084144,2174.16071448,2500,2506.12288059,2544.39906831,1
central,probability_weighted,2,dac_funding_lost_to_surcharge,USD,200000,69530260833,4589.47289105,3.22538175313,0,0,0.0972820591171,81.4240755188,3638.59066245,16639.1548077,0.797925
central,probability_weighted,2,dac_gross_threshold,USD,200000,69530260833,399184.603352,74409.1660412,2438.01654334,5410.16766936,19435.9889037,266870.739003,816050.074871,1557521.4145,1
central,probability_weighted,2,dac_incremental_funding_caused_by_bonus,USD,200000,69530260833,6.39975656895,0.00492127913651,0,0,0,1.14730423312,7.94587714467,19.1440277153,0.515875
central,probability_weighted,2,dac_pledge_principal,USD,200000,69530260833,6832.22651359,865.1958575,0,0,20.2877295822,8868.90849605,24016.5841147,31643.8507814,0.818815
central,probability_weighted,2,dac_project_funding,USD,200000,69530260833,1649.17689536,225.712374225,0,0,12.0182087711,1385.43275532,3629.05135785,7432.32330537,0.818815
central,probability_weighted,2,dac_project_target,USD,200000,69530260833,365326.410318,71605.4560978,2390.2122974,5304.08595035,19006.4490071,250663.726633,752814.56823,1423368.19993,1
central,probability_weighted,2,dac_required_surcharge,USD_internal_threshold_component,200000,69530260833,33858.1930343,1905.68774137,47.8042459479,106.092524533,400.402940722,11836.4715069,59494.5193461,136222.295635,1
central,probability_weighted,2,dac_reserve_cash,USD_reserve_state,200000,69530260833,2228.15612716,2489.70803841,498.886531725,1021.13084144,2174.16071448,2500,2506.12288059,2544.39906831,1
central,probability_weighted,2,dac_returned_or_cancelled_principal,USD,200000,69530260833,5008.74271525,409.194726606,0,0,0,5811.6748629,18362.7371619,25986.2107824,0.644505
central,probability_weighted,2,dac_surcharge_inflow,USD_internal_transfer,200000,69530260833,174.306902986,4.68244885896,0,0,0.240364175423,75.6947449485,396.931016706,835.348994146,0.818815
central,probability_weighted,2,lapsed_dac_projects,projects,200000,69530260833,53.8727109598,24.3738396508,1.36446210237,2.85734541133,8.52712338159,61.1471070027,130.56475162,200.333970849,1
central,probability_weighted,2,successful_dac_projects,projects,200000,69530260833,0.904652916245,0.0787547376441,0,0,0.00493653860861,0.344942667038,1.0032148794,2.20316879543,0.818815
central,probability_weighted,3,_contributor_choice_principal,USD_pledge_principal,200000,69530260833,262429.560108,4518.08683823,16.1949040812,59.3820603434,489.896417059,31762.3342172,202739.945485,578216.856966,1
central,probability_weighted,3,_gross_threshold,USD,200000,69530260833,662465.283977,124079.212705,4019.43267957,8919.46561705,32127.7181518,444776.284757,1358292.55187,2589873.78341,1
central,probability_weighted,3,_mean_pledge,USD_per_contributor,200000,69530260833,121.50410714,75.0498120172,14.8460170414,21.268457776,38.4919486845,145.532147067,263.766297383,378.316128639,1
central,probability_weighted,3,_potential_contributors,contributors,200000,69530260833,7495.27927256,840.476919364,13.7794227197,36.1441976742,167.511429168,3755.73303792,13658.4716103,28840.3444503,1
central,probability_weighted,3,_potential_pledge_principal,USD_pledge_principal,200000,69530260833,1146496.90084,61024.055224,668.194961352,1856.70467479,10171.5231985,340525.125823,1532096.23779,3693013.03711,1
central,probability_weighted,3,_project_target,USD,200000,69530260833,602294.892686,118052.238431,3940.62027408,8744.57413436,31334.9564712,413256.414178,1241126.7206,2346634.05934,1
central,probability_weighted,3,_reserve_before,USD_reserve_state,200000,69530260833,2228.15612716,2489.70803841,498.886531725,1021.13084144,2174.16071448,2500,2506.12288059,2544.39906831,1
central,probability_weighted,3,_reserve_capacity_probability,indicator,200000,69530260833,0.177895,0,0,0,0,0,1,1,0.177895
central,probability_weighted,3,_reserve_exhaustion_probability,indicator,200000,69530260833,0,0,0,0,0,0,0,0,0
central,probability_weighted,3,_stress_projected_liability,USD_internal_liability,200000,69530260833,4471.34121517,402.939839959,0,0,15.3401854846,3255.3619267,13991.2225456,25383.6120571,0.818815
central,probability_weighted,3,_stress_projected_successful_target,USD,200000,69530260833,210803.21244,41318.283451,1379.21709593,3060.60094703,10967.2347649,144639.744962,434394.352208,821321.920768,1
central,probability_weighted,3,_surcharge_rate,proportion,200000,69530260833,0.05473528506,0.02,0.02,0.02,0.02,0.0924239895462,0.15,0.15,1
central,probability_weighted,3,_willing_pledge,USD_pledge_principal,200000,69530260833,37783.8443914,1425.48160264,0,0,33.4474734759,14528.0624929,90925.8779058,222613.42549,0.818815
central,probability_weighted,3,dac_bonus_liability_locked,USD_internal_liability,200000,69530260833,419.55333225,77.5227585842,0,0,1.79295919131,507.132852988,1159.78004986,1565.69657223,0.818815
central,probability_weighted,3,dac_bonus_liability_released,USD_internal_liability,200000,69530260833,144.885160526,20.6451700147,0,0,1.08151002903,95.7058573208,303.055854624,623.385669979,0.818815
central,probability_weighted,3,dac_bonus_paid,USD_internal_transfer,200000,69530260833,274.668171724,36.875999641,0,0,0,353.567207994,880.48822793,1172.62982981,0.644375
central,probability_weighted,3,dac_capacity_waiting_pledges,USD_pledge_principal,200000,69530260833,30165.2406235,0,0,0,0,0,69656.7028419,196190.866442,0.177895
central,probability_weighted,3,dac_free_reserve,USD_reserve_state,200000,69530260833,2230.15939498,2482.75209667,345.735212982,661.820117973,1918.01387742,2500.01232272,2518.29126975,2718.79713705,1
central,probability_weighted,3,dac_funding_lost_to_surcharge,USD,200000,69530260833,7845.09838764,5.66631010088,0,0,0.187865415408,217.355334408,7240.57537405,29277.6362829,0.80289
central,probability_weighted,3,dac_gross_threshold,USD,200000,69530260833,662465.283977,124079.212705,4019.43267957,8919.46561705,32127.7181518,444776.284757,1358292.55187,2589873.78341,1
central,probability_weighted,3,dac_incremental_funding_caused_by_bonus,USD,200000,69530260833,6.78772834773,0,0,0,0,1.18819848545,7.65808637809,17.1850860247,0.479785
central,probability_weighted,3,dac_pledge_principal,USD,200000,69530260833,7618.6037679,1425.48160264,0,0,33.4474734759,9226.19419551,20981.0124767,28899.0250888,0.818815
central,probability_weighted,3,dac_project_funding,USD,200000,69530260833,2342.72296074,370.681209771,0,0,19.8180970253,1591.02657797,4918.134394,10006.008333,0.818815
central,probability_weighted,3,dac_project_target,USD,200000,69530260833,602294.892686,118052.238431,3940.62027408,8744.57413436,31334.9564712,413256.414178,1241126.7206,2346634.05934,1
central,probability_weighted,3,dac_required_surcharge,USD_internal_threshold_component,200000,69530260833,60170.391291,3462.22804135,78.8124054817,174.891482687,668.50452438,24476.4621634,112201.158437,246372.380085,1
central,probability_weighted,3,dac_reserve_cash,USD_reserve_state,200000,69530260833,2230.15939498,2482.75209667,345.735212982,661.820117973,1918.01387742,2500.01232272,2518.29126975,2718.79713705,1
central,probability_weighted,3,dac_returned_or_cancelled_principal,USD,200000,69530260833,4999.20936762,679.614746227,0,0,0,6446.7311709,15913.6653671,21196.6491752,0.645085
central,probability_weighted,3,dac_surcharge_inflow,USD_internal_transfer,200000,69530260833,276.671439543,7.73807382251,0,0,0.396361940507,153.523358703,576.652916931,1252.24141091,0.818815
central,probability_weighted,3,lapsed_dac_projects,projects,200000,69530260833,89.1570400245,40.4356394118,2.27150270078,4.73780904712,14.1154859614,101.473117894,215.984757374,331.043791023,1
central,probability_weighted,3,successful_dac_projects,projects,200000,69530260833,1.15158690638,0.127743483661,0,0,0.0081386452054,0.488982667661,1.24730644847,2.38524238922,0.818815
central,probability_weighted,4,_contributor_choice_principal,USD_pledge_principal,200000,69530260833,364062.893507,6190.81377261,22.5666696334,82.7454940742,682.529417098,43614.9590274,279042.403951,795556.564798,1
central,probability_weighted,4,_gross_threshold,USD,200000,69530260833,926586.589468,174121.852583,5600.84881579,12429.4325969,45011.0468721,623944.935354,1903160.92493,3624778.40335,1
central,probability_weighted,4,_mean_pledge,USD_per_contributor,200000,69530260833,121.50410714,75.0498120172,14.8460170414,21.268457776,38.4919486845,145.532147067,263.766297383,378.316128639,1
central,probability_weighted,4,_potential_contributors,contributors,200000,69530260833,10444.2416093,1171.15636305,19.2008349373,50.3648656116,233.417565234,5233.39849546,19032.2965062,40187.3652176,1
central,probability_weighted,4,_potential_pledge_principal,USD_pledge_principal,200000,69530260833,1597577.64871,85033.5195744,931.091339589,2587.21143208,14173.4339651,474502.224507,2134888.20019,5146001.77303,1
central,probability_weighted,4,_project_target,USD,200000,69530260833,839263.375054,164499.020765,5491.02825077,12185.0623184,43663.4639353,575849.101724,1729438.87296,3269899.91875,1
central,probability_weighted,4,_reserve_before,USD_reserve_state,200000,69530260833,2230.15939498,2482.75209667,345.735212982,661.820117973,1918.01387742,2500.01232272,2518.29126975,2718.79713705,1
central,probability_weighted,4,_reserve_capacity_probability,indicator,200000,69530260833,0.21331,0,0,0,0,0,1,1,0.21331
central,probability_weighted,4,_reserve_exhaustion_probability,indicator,200000,69530260833,0,0,0,0,0,0,0,0,0
central,probability_weighted,4,_stress_projected_liability,USD_internal_liability,200000,69530260833,6240.89595067,561.473547484,0,0,21.3756682983,4580.06310115,19503.2500075,35370.6069649,0.818815
central,probability_weighted,4,_stress_projected_successful_target,USD,200000,69530260833,293742.181269,57574.6572678,1921.85988777,4264.77181143,15282.2123774,201547.185603,605303.605536,1144464.97156,1
central,probability_weighted,4,_surcharge_rate,proportion,200000,69530260833,0.0607290816604,0.02,0.02,0.02,0.02,0.15,0.15,0.15,1
central,probability_weighted,4,_willing_pledge,USD_pledge_principal,200000,69530260833,52408.1060161,1979.53479853,0,0,46.6071352392,18869.0057744,126205.510635,309224.401144,0.818815
central,probability_weighted,4,dac_bonus_liability_locked,USD_internal_liability,200000,69530260833,498.351318012,107.765202306,0,0,2.49838575838,515.232652332,1095.56366852,1846.29173062,0.818815
central,probability_weighted,4,dac_bonus_liability_released,USD_internal_liability,200000,69530260833,195.700647872,28.5707185803,0,0,1.50702225226,114.94907335,391.191704107,817.524030082,0.818815
central,probability_weighted,4,dac_bonus_paid,USD_internal_transfer,200000,69530260833,302.65067014,50.3653323171,0,0,0,354.806801858,813.215989045,1097.5486282,0.64344
central,probability_weighted,4,dac_capacity_waiting_pledges,USD_pledge_principal,200000,69530260833,43361.6097649,0,0,0,0,0,101034.769364,277072.520298,0.21331
central,probability_weighted,4,dac_free_reserve,USD_reserve_state,200000,69530260833,2323.2626246,2479.80873828,279.530680206,521.51627289,1706.44722517,2500.1985558,2550.74700115,3288.66168523,1
central,probability_weighted,4,dac_funding_lost_to_surcharge,USD,200000,69530260833,11013.7857931,8.42475280172,0,0,0.272045666877,436.125825132,10263.6372987,40597.9798788,0.80413
central,probability_weighted,4,dac_gross_threshold,USD,200000,69530260833,926586.589468,174121.852583,5600.84881579,12429.4325969,45011.0468721,623944.935354,1903160.92493,3624778.40335,1
central,probability_weighted,4,dac_incremental_funding_caused_by_bonus,USD,200000,69530260833,8.4945372595,0,0,0,0,1.12329514441,7.24757142083,16.2653111153,0.4512
central,probability_weighted,4,dac_pledge_principal,USD,200000,69530260833,9046.49625119,1979.53479853,0,0,46.6071352392,9351.41432464,19982.1230351,33395.3950013,0.818815
central,probability_weighted,4,dac_project_funding,USD,200000,69530260833,3142.92747081,506.285405325,0,0,27.6153811085,1900.88770223,6303.48941736,13044.739314,0.818815
central,probability_weighted,4,dac_project_target,USD,200000,69530260833,839263.375054,164499.020765,5491.02825077,12185.0623184,43663.4639353,575849.101724,1729438.87296,3269899.91875,1
central,probability_weighted,4,dac_required_surcharge,USD_internal_threshold_component,200000,69530260833,87323.2144135,5513.10093299,109.820565015,244.181222682,970.397259235,39327.8993155,168208.942907,357735.968827,1
central,probability_weighted,4,dac_reserve_cash,USD_reserve_state,200000,69530260833,2323.2626246,2479.80873828,279.530680206,521.51627289,1706.44722517,2500.1985558,2550.74700115,3288.66168523,1
central,probability_weighted,4,dac_returned_or_cancelled_principal,USD,200000,69530260833,5507.81488063,925.606848035,0,0,0,6476.31453264,14776.5624921,20406.3462496,0.644495
central,probability_weighted,4,dac_surcharge_inflow,USD_internal_transfer,200000,69530260833,395.753899755,11.204532876,0,0,0.55230762217,185.98032243,792.080735148,1725.45153949,0.818815
central,probability_weighted,4,lapsed_dac_projects,projects,200000,69530260833,124.349947488,56.4742878784,3.09309380416,6.51475049936,19.6113776973,141.692715902,301.275607733,461.675717217,1
central,probability_weighted,4,successful_dac_projects,projects,200000,69530260833,1.48994249728,0.172977786972,0,0,0.0113407351269,0.607978333816,1.48399900105,2.66270064972,0.818815
central,probability_weighted,5,_contributor_choice_principal,USD_pledge_principal,200000,69530260833,466297.064159,7720.05177733,28.938435177,106.108927695,875.15491229,55456.7573919,356596.812837,1018425.4652,1
central,probability_weighted,5,_gross_threshold,USD,200000,69530260833,1191002.31639,224763.562057,7182.26495201,15944.2763617,58149.3576293,804248.681704,2449281.09449,4658656.57085,1
central,probability_weighted,5,_mean_pledge,USD_per_contributor,200000,69530260833,121.50410714,75.0498120172,14.8460170414,21.268457776,38.4919486845,145.532147067,263.766297383,378.316128639,1
central,probability_weighted,5,_potential_contributors,contributors,200000,69530260833,13393.2039461,1501.83580673,24.6222471548,64.5855335489,299.323701301,6711.063953,24406.1214021,51534.3859849,1
central,probability_weighted,5,_potential_pledge_principal,USD_pledge_principal,200000,69530260833,2048658.39658,109042.983925,1193.98771783,3317.71818938,18175.3447317,608479.323191,2737680.1626,6598990.50894,1
central,probability_weighted,5,_project_target,USD,200000,69530260833,1076231.85742,210945.803099,7041.43622746,15625.5505024,55991.9713994,738441.789269,2217751.02533,4193165.77816,1
central,probability_weighted,5,_reserve_before,USD_reserve_state,200000,69530260833,2323.2626246,2479.80873828,279.530680206,521.51627289,1706.44722517,2500.1985558,2550.74700115,3288.66168523,1
central,probability_weighted,5,_reserve_capacity_probability,indicator,200000,69530260833,0.24167,0,0,0,0,0,1,1,0.24167
central,probability_weighted,5,_reserve_exhaustion_probability,indicator,200000,69530260833,0,0,0,0,0,0,0,0,0
central,probability_weighted,5,_stress_projected_liability,USD_internal_liability,200000,69530260833,8008.10094079,720.007255009,0,0,27.4111511119,5917.72999447,25010.0500096,45357.6018726,0.818815
central,probability_weighted,5,_stress_projected_successful_target,USD,200000,69530260833,376681.150098,73831.0310846,2464.50267961,5468.94267583,19597.1899898,258454.626244,776212.858864,1467608.02236,1
central,probability_weighted,5,_surcharge_rate,proportion,200000,69530260833,0.0656132413356,0.02,0.02,0.02,0.02,0.15,0.15,0.15,1
central,probability_weighted,5,_willing_pledge,USD_pledge_principal,200000,69530260833,67065.6206723,2524.37199327,0,0,59.7667969538,23772.9408446,161701.210484,396431.496284,0.818815
central,probability_weighted,5,dac_bonus_liability_locked,USD_internal_liability,200000,69530260833,599.321718679,130.681983624,0,0,3.20381232546,523.677034611,1178.53368456,2338.4195496,0.818815
central,probability_weighted,5,dac_bonus_liability_released,USD_internal_liability,200000,69530260833,248.523954702,33.7458063605,0,0,1.93253441781,139.107125396,489.353879655,1028.43214232,0.818815
central,probability_weighted,5,dac_bonus_paid,USD_internal_transfer,200000,69530260833,350.797763977,62.8866973505,0,0,0,355.301160729,790.019892916,1327.63709727,0.642465
central,probability_weighted,5,dac_capacity_waiting_pledges,USD_pledge_principal,200000,69530260833,56195.1277208,0,0,0,0,0,129232.062997,354887.365097,0.24167
central,probability_weighted,5,dac_free_reserve,USD_reserve_state,200000,69530260833,2492.18439048,2481.99935329,242.871770973,460.729152195,1561.07895351,2500.83147988,2636.43142284,4158.40648803,1
central,probability_weighted,5,dac_funding_lost_to_surcharge,USD,200000,69530260833,14163.1105541,11.9060568713,0,0,0.351527646269,766.732102291,13183.4477462,51570.971427,0.80413
central,probability_weighted,5,dac_gross_threshold,USD,200000,69530260833,1191002.31639,224763.562057,7182.26495201,15944.2763617,58149.3576293,804248.681704,2449281.09449,4658656.57085,1
central,probability_weighted,5,dac_incremental_funding_caused_by_bonus,USD,200000,69530260833,10.2725291486,0,0,0,0,1.03005934263,6.83928401934,16.1879149514,0.42793
central,probability_weighted,5,dac_pledge_principal,USD,200000,69530260833,10870.4929515,2376.43666041,0,0,59.7667969538,9528.3822839,21489.6957062,42139.653825,0.818815
central,probability_weighted,5,dac_project_funding,USD,200000,69530260833,3974.29156532,584.956225296,0,0,35.4126651862,2290.47275849,7858.62014733,16381.6840156,0.818815
central,probability_weighted,5,dac_project_target,USD,200000,69530260833,1076231.85742,210945.803099,7041.43622746,15625.5505024,55991.9713994,738441.789269,2217751.02533,4193165.77816,1
central,probability_weighted,5,dac_required_surcharge,USD_internal_threshold_component,200000,69530260833,114770.458967,8133.09291708,140.828724549,314.603210574,1313.42890363,55305.389957,224008.819793,469490.064262,1
central,probability_weighted,5,dac_reserve_cash,USD_reserve_state,200000,69530260833,2492.18439048,2481.99935329,242.871770973,460.729152195,1561.07895351,2500.83147988,2636.43142284,4158.40648803,1
central,probability_weighted,5,dac_returned_or_cancelled_principal,USD,200000,69530260833,6376.48185631,1155.44267785,0,0,0,6480.54776628,14400.4426465,23988.8068566,0.64382
central,probability_weighted,5,dac_surcharge_inflow,USD_internal_transfer,200000,69530260833,519.719529857,15.5802905523,0,0,0.708253303724,235.772228035,1030.35288387,2243.9013313,0.818815
central,probability_weighted,5,lapsed_dac_projects,projects,200000,69530260833,159.533413235,72.4835393599,3.93836047226,8.33030340896,25.1567751496,181.922138693,386.500590563,592.081842065,1
central,probability_weighted,5,successful_dac_projects,projects,200000,69530260833,1.83773980561,0.214183096317,0,0,0.014542825045,0.718854577913,1.74948071824,3.08707754119,0.818815
thin_market,conditional,1,_contributor_choice_principal,USD_pledge_principal,200000,69520360817,51343.6763191,1799.03869423,16.2120653811,47.6063820708,270.276840344,10806.9160776,49879.7898907,130342.054352,1
thin_market,conditional,1,_gross_threshold,USD,200000,69520360817,189182.764121,50801.0223385,3651.37395347,6545.84445584,17224.3560468,152352.492834,406996.992533,740054.965372,1
thin_market,conditional,1,_mean_pledge,USD_per_contributor,200000,69520360817,121.662749202,75.0064323408,14.832120884,21.2332080535,38.4761017326,145.612938579,265.061778102,379.237287638,1
thin_market,conditional,1,_potential_contributors,contributors,200000,69520360817,1653.34242466,331.318599591,17.1350759198,33.0438886821,99.5482815431,1121.32128332,3342.98998858,6442.29659282,1
thin_market,conditional,1,_potential_pledge_principal,USD_pledge_principal,200000,69520360817,259762.479414,24983.0224868,692.499847331,1531.80790585,5726.63759345,108285.385193,403976.851282,884996.777591,1
thin_market,conditional,1,_project_target,USD,200000,69520360817,174851.215071,48632.1523035,3546.39064936,6351.30990316,16656.1172994,143608.111626,378771.212532,682241.785009,1
thin_market,conditional,1,_reserve_before,USD_reserve_state,200000,69520360817,2500,2500,2500,2500,2500,2500,2500,2500,1
thin_market,conditional,1,_reserve_capacity_probability,indicator,200000,69520360817,0.072155,0,0,0,0,0,0,1,0.072155
thin_market,conditional,1,_reserve_exhaustion_probability,indicator,200000,69520360817,0,0,0,0,0,0,0,0,0
thin_market,conditional,1,_stress_projected_liability,USD_internal_liability,200000,69520360817,1488.50928116,362.581200098,6.19959229149,15.7948531309,71.6714758395,1610.68115555,4671.12974686,7112.07403388,1
thin_market,conditional,1,_stress_projected_successful_target,USD,200000,69520360817,61197.9252748,17021.2533062,1241.23672728,2222.9584661,5829.64105479,50262.839069,132569.924386,238784.624753,1
thin_market,conditional,1,_surcharge_rate,proportion,200000,69520360817,0.049621236298,0.0338012992016,0.0280991934767,0.0282527176501,0.0291467436134,0.0537708984888,0.10273807595,0.141793184542,1
thin_market,conditional,1,_willing_pledge,USD_pledge_principal,200000,69520360817,11335.4395989,1328.31119556,11.7604792636,34.7272874344,198.497001251,7722.53294754,31356.717335,62471.5588057,1
thin_market,conditional,1,dac_bonus_liability_locked,USD_internal_liability,200000,69520360817,429.884481225,72.4139892001,0.625458216171,1.85593068296,10.7337236366,426.439003737,1742.91940697,2500,1
thin_market,conditional,1,dac_bonus_liability_released,USD_internal_liability,200000,69520360817,79.3618097408,15.8920477417,0.481475856312,1.12753536355,4.05579996087,64.8831809079,193.701736107,341.85801909,1
thin_market,conditional,1,dac_bonus_paid,USD_internal_transfer,200000,69520360817,350.522671484,47.6440162995,0,0,1.10892667411,338.987632239,1333.05119819,2184.94977605,0.778
thin_market,conditional,1,dac_capacity_waiting_pledges,USD_pledge_principal,200000,69520360817,3592.87675637,0,0,0,0,0,0,17807.9466683,0.072155
thin_market,conditional,1,dac_free_reserve,USD_reserve_state,200000,69520360817,2263.2883131,2473.50835725,846.367238541,1549.07124049,2265.60288717,2500.39511239,2507.23502081,2530.61904449,1
thin_market,conditional,1,dac_funding_lost_to_surcharge,USD,200000,69520360817,1549.60452082,7.91361016489,0.0628305564444,0.239566720335,1.2611254989,74.1597176067,993.438853304,4506.28049605,0.969915
thin_market,conditional,1,dac_gross_threshold,USD,200000,69520360817,189182.764121,50801.0223385,3651.37395347,6545.84445584,17224.3560468,152352.492834,406996.992533,740054.965372,1
thin_market,conditional,1,dac_incremental_funding_caused_by_bonus,USD,200000,69520360817,10.5699076816,0.231524566366,0,0,0,2.40081154339,13.1001998911,32.3161495366,0.694815
thin_market,conditional,1,dac_pledge_principal,USD,200000,69520360817,7742.56284252,1328.31119556,11.7604792636,34.7272874344,198.497001251,7722.53294754,31356.717335,42432.5923772,1
thin_market,conditional,1,dac_project_funding,USD,200000,69520360817,1316.71918621,280.85361157,8.81819943625,20.6176845177,73.212247693,1107.38735757,3167.07270688,5589.91656164,1
thin_market,conditional,1,dac_project_target,USD,200000,69520360817,174851.215071,48632.1523035,3546.39064936,6351.30990316,16656.1172994,143608.111626,378771.212532,682241.785009,1
thin_market,conditional,1,dac_required_surcharge,USD_internal_threshold_component,200000,69520360817,14331.5490502,1870.20817194,103.966082221,191.723543775,543.271306069,7453.09342766,27682.5203413,57730.1994127,1
thin_market,conditional,1,dac_reserve_cash,USD_reserve_state,200000,69520360817,2263.2883131,2473.50835725,846.367238541,1549.07124049,2265.60288717,2500.39511239,2507.23502081,2530.61904449,1
thin_market,conditional,1,dac_returned_or_cancelled_principal,USD,200000,69520360817,6312.03267173,874.090490763,0,0,20.8092319637,6159.8321858,24051.3820902,38154.4732389,0.778205
thin_market,conditional,1,dac_surcharge_inflow,USD_internal_transfer,200000,69520360817,113.810984585,9.94006309184,0.248636244096,0.588815060983,2.19155989975,61.4885988277,353.361939998,561.467398588,1
thin_market,conditional,1,lapsed_dac_projects,projects,200000,69520360817,26.0005258282,15.5474628007,2.78792893501,4.15537263869,7.82469894107,30.8591017894,57.2863845371,82.6534844656,1
thin_market,conditional,1,successful_dac_projects,projects,200000,69520360817,0.740443920689,0.0860586669724,0.00360193456455,0.00947596699669,0.0306101142697,0.252217334207,0.846383871503,2.4630765968,1
thin_market,conditional,2,_contributor_choice_principal,USD_pledge_principal,200000,69520360817,144682.002097,5136.82003149,47.1582678385,138.478634757,788.011186585,27436.5395587,139550.394101,370229.700442,1
thin_market,conditional,2,_gross_threshold,USD,200000,69520360817,549895.280912,146748.674997,10306.6966851,18490.7949714,49095.1727961,441698.289255,1186486.98014,2163590.933,1
thin_market,conditional,2,_mean_pledge,USD_per_contributor,200000,69520360817,121.662749202,75.0064323408,14.832120884,21.2332080535,38.4761017326,145.612938579,265.061778102,379.237287638,1
thin_market,conditional,2,_potential_contributors,contributors,200000,69520360817,4705.66690095,942.983706528,48.7690622332,94.0479908643,283.329724392,3191.45288329,9514.66381365,18335.7672257,1
thin_market,conditional,2,_potential_pledge_principal,USD_pledge_principal,200000,69520360817,739323.97987,71105.5255393,1970.96110394,4359.76096282,16298.8916121,308196.865549,1149780.26903,2518836.98237,1
thin_market,conditional,2,_project_target,USD,200000,69520360817,497653.458279,138414.587325,10093.5733866,18076.805109,47405.8723137,408730.779243,1078041.14336,1941765.08041,1
thin_market,conditional,2,_reserve_before,USD_reserve_state,200000,69520360817,2263.2883131,2473.50835725,846.367238541,1549.07124049,2265.60288717,2500.39511239,2507.23502081,2530.61904449,1
thin_market,conditional,2,_reserve_capacity_probability,indicator,200000,69520360817,0.176065,0,0,0,0,0,1,1,0.176065
thin_market,conditional,2,_reserve_exhaustion_probability,indicator,200000,69520360817,0,0,0,0,0,0,0,0,0
thin_market,conditional,2,_stress_projected_liability,USD_internal_liability,200000,69520360817,4264.07922997,1029.40396477,17.6402990651,44.9453217952,203.742536132,4589.00515482,13422.4579562,20484.8445355,1
thin_market,conditional,2,_stress_projected_successful_target,USD,200000,69520360817,174178.710398,48445.1055638,3532.75068533,6326.88178814,16592.0553098,143055.772735,377314.400176,679617.778144,1
thin_market,conditional,2,_surcharge_rate,proportion,200000,69520360817,0.0618607291707,0.0286007807684,0.02,0.02,0.02,0.114036983285,0.15,0.15,1
thin_market,conditional,2,_willing_pledge,USD_pledge_principal,200000,69520360817,31572.5919309,3787.75167456,34.2372110104,100.993640162,579.064907663,19679.863156,86636.7564216,178101.459466,1
thin_market,conditional,2,dac_bonus_liability_locked,USD_internal_liability,200000,69520360817,529.12191012,206.671893355,1.81934396676,5.39449996161,31.2778952855,785.595026826,1582.21307446,1861.40172327,1
thin_market,conditional,2,dac_bonus_liability_released,USD_internal_liability,200000,69520360817,145.065497091,44.8837245555,1.38666748814,3.24179399165,11.6231965099,129.538689162,325.960504792,612.475852951,1
thin_market,conditional,2,dac_bonus_paid,USD_internal_transfer,200000,69520360817,384.056413029,129.212591977,0,0,3.15590279649,555.672749844,1262.49293965,1560.39120792,0.777925
thin_market,conditional,2,dac_capacity_waiting_pledges,USD_pledge_principal,200000,69520360817,21978.3818358,0,0,0,0,0,57249.0363626,157003.263414,0.176065
thin_market,conditional,2,dac_free_reserve,USD_reserve_state,200000,69520360817,2138.62210081,2412.92462736,431.447480218,714.096355525,1824.57183087,2501.46343686,2531.34349979,2745.66409615,1
thin_market,conditional,2,dac_funding_lost_to_surcharge,USD,200000,69520360817,5928.30188578,22.7542511451,0.200382005543,0.573374345357,2.75793068172,396.589868593,7162.48544883,25488.1643214,0.980845
thin_market,conditional,2,dac_gross_threshold,USD,200000,69520360817,549895.280912,146748.674997,10306.6966851,18490.7949714,49095.1727961,441698.289255,1186486.98014,2163590.933,1
thin_market,conditional,2,dac_incremental_funding_caused_by_bonus,USD,200000,69520360817,8.94771377726,0.268069468947,0,0,0,3.3276454319,13.8172661568,29.0400479948,0.62065
thin_market,conditional,2,dac_pledge_principal,USD,200000,69520360817,9594.21009516,3787.75167456,34.2372110104,100.993640162,579.064907663,14221.2364443,28394.5963381,34157.8602511,1
thin_market,conditional,2,dac_project_funding,USD,200000,69520360817,2360.13861459,785.428415769,25.6697545325,59.7634620515,211.746691947,2133.48707519,5288.12309112,9841.3316126,1
thin_market,conditional,2,dac_project_target,USD,200000,69520360817,497653.458279,138414.587325,10093.5733866,18076.805109,47405.8723137,408730.779243,1078041.14336,1941765.08041,1
thin_market,conditional,2,dac_required_surcharge,USD_internal_threshold_component,200000,69520360817,52241.8226327,5237.57774876,204.880035938,385.985358781,1202.62595877,29390.1817732,111080.3109,225378.996051,1
thin_market,conditional,2,dac_reserve_cash,USD_reserve_state,200000,69520360817,2138.62210081,2412.92462736,431.447480218,714.096355525,1824.57183087,2501.46343686,2531.34349979,2745.66409615,1
thin_market,conditional,2,dac_returned_or_cancelled_principal,USD,200000,69520360817,6974.68127984,2374.54796038,0,0,59.1360382347,10081.6976502,22670.7488257,28032.6631811,0.778975
thin_market,conditional,2,dac_surcharge_inflow,USD_internal_transfer,200000,69520360817,259.390200733,25.4490666417,0.51339509065,1.19544237296,4.37945737466,234.454724808,619.365668375,1200.44489376,1
thin_market,conditional,2,lapsed_dac_projects,projects,200000,69520360817,74.9495922105,45.0661281438,8.2478737152,12.1409144585,22.7336270237,89.2046049571,165.0700696,237.648814143,1
thin_market,conditional,2,successful_dac_projects,projects,200000,69520360817,1.15932169013,0.236470409513,0.010531898883,0.0275534753106,0.0879178009943,0.571599976381,1.30157223781,2.67016397473,1
thin_market,conditional,3,_contributor_choice_principal,USD_pledge_principal,200000,69520360817,233217.395978,8158.47430239,77.747488643,228.305621264,1298.77649293,43061.287417,221517.166416,586805.82103,1
thin_market,conditional,3,_gross_threshold,USD,200000,69520360817,914151.14968,244688.163131,16998.7017489,30577.3120258,82078.099503,737126.816818,1972533.45514,3588363.55279,1
thin_market,conditional,3,_mean_pledge,USD_per_contributor,200000,69520360817,121.662749202,75.0064323408,14.832120884,21.2332080535,38.4761017326,145.612938579,265.061778102,379.237287638,1
thin_market,conditional,3,_potential_contributors,contributors,200000,69520360817,7757.99137725,1554.64881347,80.4030485467,155.052093047,467.111167241,5261.58448327,15686.3376387,30229.2378586,1
thin_market,conditional,3,_potential_pledge_principal,USD_pledge_principal,200000,69520360817,1218885.48033,117228.028592,3249.42236055,7187.71401978,26871.1456308,508108.345905,1895583.68679,4152677.18716,1
thin_market,conditional,3,_project_target,USD,200000,69520360817,820455.701487,228197.022347,16640.7561239,29802.3003148,78155.627328,673853.446859,1777311.07419,3201288.37581,1
thin_market,conditional,3,_reserve_before,USD_reserve_state,200000,69520360817,2138.62210081,2412.92462736,431.447480218,714.096355525,1824.57183087,2501.46343686,2531.34349979,2745.66409615,1
thin_market,conditional,3,_reserve_capacity_probability,indicator,200000,69520360817,0.248265,0,0,0,0,0,1,1,0.248265
thin_market,conditional,3,_reserve_exhaustion_probability,indicator,200000,69520360817,0,0,0,0,0,0,0,0,0
thin_market,conditional,3,_stress_projected_liability,USD_internal_liability,200000,69520360817,7067.18647736,1695.76887632,29.0826552155,74.0817963865,335.797073149,7655.27785255,22307.3897586,33829.0356618,1
thin_market,conditional,3,_stress_projected_successful_target,USD,200000,69520360817,287159.49552,79868.9578215,5824.26464338,10430.8051102,27354.4695648,235848.706401,622058.875966,1120450.93153,1
thin_market,conditional,3,_surcharge_rate,proportion,200000,69520360817,0.0729790285407,0.0360657737131,0.02,0.02,0.02,0.15,0.15,0.15,1
thin_market,conditional,3,_willing_pledge,USD_pledge_principal,200000,69520360817,51395.4086348,6010.40476277,56.4469526203,166.547842037,953.644471343,30680.2831616,141034.826495,290476.76998,1
thin_market,conditional,3,dac_bonus_liability_locked,USD_internal_liability,200000,69520360817,594.969879513,309.611008189,2.9994592371,8.89373842278,51.5353716592,776.520202478,1367.08854916,1917.0596178,1
thin_market,conditional,3,dac_bonus_liability_released,USD_internal_liability,200000,69520360817,212.877025004,66.2474724293,2.28612760996,5.3445809943,19.148462045,170.512846571,465.553610316,873.275584804,1
thin_market,conditional,3,dac_bonus_paid,USD_internal_transfer,200000,69520360817,382.092854509,193.799593834,0,0,5.13248058973,549.297068599,1053.07904594,1278.72062409,0.77755
thin_market,conditional,3,dac_capacity_waiting_pledges,USD_pledge_principal,200000,69520360817,40598.7341727,0,0,0,0,0,117579.786587,264346.969972,0.248265
thin_market,conditional,3,dac_free_reserve,USD_reserve_state,200000,69520360817,2173.27725594,2351.78433995,306.107882291,486.13935002,1443.24281019,2504.93528957,2625.48729605,3504.5860864,1
thin_market,conditional,3,dac_funding_lost_to_surcharge,USD,200000,69520360817,10098.4723649,50.4586663563,0.404162755381,1.03693839305,4.85043642785,1161.50690856,12938.5632142,43683.7762229,0.986855
thin_market,conditional,3,dac_gross_threshold,USD,200000,69520360817,914151.14968,244688.163131,16998.7017489,30577.3120258,82078.099503,737126.816818,1972533.45514,3588363.55279,1
thin_market,conditional,3,dac_incremental_funding_caused_by_bonus,USD,200000,69520360817,9.9149596964,0.164341126036,0,0,0,3.24410594619,12.8441182234,27.1623992645,0.56458
thin_market,conditional,3,dac_pledge_principal,USD,200000,69520360817,10796.6744621,5551.2510065,56.4469526203,166.547842037,953.644471343,14087.1373583,24894.4379647,34944.2707867,1
thin_market,conditional,3,dac_project_funding,USD,200000,69520360817,3427.17382189,1118.04886382,42.3204066035,98.5295847346,348.083250717,2803.96995838,7473.95618458,13883.8943344,1
thin_market,conditional,3,dac_project_target,USD,200000,69520360817,820455.701487,228197.022347,16640.7561239,29802.3003148,78155.627328,673853.446859,1777311.07419,3201288.37581,1
thin_market,conditional,3,dac_required_surcharge,USD_internal_threshold_component,200000,69520360817,93695.4481933,11086.6332642,337.503497657,643.675786821,2129.97437962,59143.2944491,204926.27734,401933.918575,1
thin_market,conditional,3,dac_reserve_cash,USD_reserve_state,200000,69520360817,2173.27725594,2351.78433995,306.107882291,486.13935002,1443.24281019,2504.93528957,2625.48729605,3504.5860864,1
thin_market,conditional,3,dac_returned_or_cancelled_principal,USD,200000,69520360817,6952.75263058,3482.32818568,0,0,96.1871735849,9979.61771592,19027.1195067,23513.444679,0.779225
thin_market,conditional,3,dac_surcharge_inflow,USD_internal_transfer,200000,69520360817,416.748009647,51.8823740567,0.846408132069,1.9707378126,7.23666874391,303.461077366,959.685416743,1856.50030948,1
thin_market,conditional,3,lapsed_dac_projects,projects,200000,69520360817,124.016689095,74.7643300724,13.6589823825,20.107176554,37.7105208559,147.789116051,272.821235042,392.669951504,1
thin_market,conditional,3,successful_dac_projects,projects,200000,69520360817,1.4601689577,0.3624928934,0.0173634225066,0.0453980656688,0.143542695025,0.791401001759,1.61293590521,2.77104829903,1
thin_market,conditional,4,_contributor_choice_principal,USD_pledge_principal,200000,69520360817,323230.446244,10676.1143782,108.336664511,318.088463959,1806.78437301,59464.5874539,305592.303812,809713.967939,1
thin_market,conditional,4,_gross_threshold,USD,200000,69520360817,1280086.33827,343708.084486,23730.7456642,42982.1751209,115647.905057,1035494.81193,2763453.14458,5024641.59447,1
thin_market,conditional,4,_mean_pledge,USD_per_contributor,200000,69520360817,121.662749202,75.0064323408,14.832120884,21.2332080535,38.4761017326,145.612938579,265.061778102,379.237287638,1
thin_market,conditional,4,_potential_contributors,contributors,200000,69520360817,10810.3158535,2166.3139204,112.03703486,216.056195229,650.89261009,7331.71608324,21858.0114638,42122.7084915,1
thin_market,conditional,4,_potential_pledge_principal,USD_pledge_principal,200000,69520360817,1698446.98078,163350.531644,4527.88361716,10015.6670767,37443.3996495,708019.826261,2641387.10454,5786517.39194,1
thin_market,conditional,4,_project_target,USD,200000,69520360817,1143257.94469,317979.457369,23187.9388612,41527.7955206,108905.382342,938976.114476,2476581.00502,4460811.67121,1
thin_market,conditional,4,_reserve_before,USD_reserve_state,200000,69520360817,2173.27725594,2351.78433995,306.107882291,486.13935002,1443.24281019,2504.93528957,2625.48729605,3504.5860864,1
thin_market,conditional,4,_reserve_capacity_probability,indicator,200000,69520360817,0.29907,0,0,0,0,1,1,1,0.29907
thin_market,conditional,4,_reserve_exhaustion_probability,indicator,200000,69520360817,0,0,0,0,0,0,0,0,0
thin_market,conditional,4,_stress_projected_liability,USD_internal_liability,200000,69520360817,9861.67940529,2366.38676088,40.5250113658,103.22873267,467.913954389,10737.5103856,31084.0676964,47138.8201845,1
thin_market,conditional,4,_stress_projected_successful_target,USD,200000,69520360817,400140.280643,111292.810079,8115.77860143,14534.7284322,38116.8838198,328641.640067,866803.351756,1561284.08492,1
thin_market,conditional,4,_surcharge_rate,proportion,200000,69520360817,0.0813150880472,0.0592529431616,0.02,0.02,0.02,0.15,0.15,0.15,1
thin_market,conditional,4,_willing_pledge,USD_pledge_principal,200000,69520360817,71304.846756,7884.70063985,78.6555920317,232.015932395,1325.93220216,42627.8250467,195877.508915,404373.519969,1
thin_market,conditional,4,dac_bonus_liability_locked,USD_internal_liability,200000,69520360817,713.862428005,313.255456116,4.17957434678,12.392914261,71.6670349935,773.212764379,1432.76287811,2516.35798208,1
thin_market,conditional,4,dac_bonus_liability_released,USD_internal_liability,200000,69520360817,288.712070525,76.7339487287,3.18558765324,7.44736695957,26.5774237535,221.254430385,620.980021981,1179.65648654,1
thin_market,conditional,4,dac_bonus_paid,USD_internal_transfer,200000,69520360817,425.15035748,192.935301949,0,0,6.34044305669,536.981264079,976.726300664,1398.24957618,0.775345
thin_market,conditional,4,dac_capacity_waiting_pledges,USD_pledge_principal,200000,69520360817,58364.9735943,0,0,0,0,20644.544389,166485.058332,366405.559753,0.29907
thin_market,conditional,4,dac_free_reserve,USD_reserve_state,200000,69520360817,2342.54597386,2311.32710509,248.467551377,404.14367336,1219.04689482,2513.61182237,2964.87302177,4760.04740304,1
thin_market,conditional,4,dac_funding_lost_to_surcharge,USD,200000,69520360817,14181.3658017,93.8920311676,0.589611407993,1.48502508371,7.23192638553,2062.46496126,18085.8539599,60595.3382215,0.98841
thin_market,conditional,4,dac_gross_threshold,USD,200000,69520360817,1280086.33827,343708.084486,23730.7456642,42982.1751209,115647.905057,1035494.81193,2763453.14458,5024641.59447,1
thin_market,conditional,4,dac_incremental_funding_caused_by_bonus,USD,200000,69520360817,12.7067563705,0.0594438573824,0,0,0,3.05445240954,12.6867755029,30.5273401872,0.52307
thin_market,conditional,4,dac_pledge_principal,USD,200000,69520360817,12939.8731617,5715.23414771,78.6555920317,232.015932395,1325.93220216,14057.9101616,26073.8347305,45348.2008335,1
thin_market,conditional,4,dac_project_funding,USD,200000,69520360817,4618.32102046,1282.91349115,58.9710583819,137.295040215,478.718631219,3613.48512816,9884.56156104,18628.8889098,1
thin_market,conditional,4,dac_project_target,USD,200000,69520360817,1143257.94469,317979.457369,23187.9388612,41527.7955206,108905.382342,938976.114476,2476581.00502,4460811.67121,1
thin_market,conditional,4,dac_required_surcharge,USD_internal_threshold_component,200000,69520360817,136828.393578,18703.1446008,480.470872454,942.947453575,3314.98904463,92252.088136,300612.778892,579272.618107,1
thin_market,conditional,4,dac_reserve_cash,USD_reserve_state,200000,69520360817,2342.54597386,2311.32710509,248.467551377,404.14367336,1219.04689482,2513.61182237,2964.87302177,4760.04740304,1
thin_market,conditional,4,dac_returned_or_cancelled_principal,USD,200000,69520360817,7727.13306586,3506.12388915,0,0,118.82095721,9774.03197127,17766.2561325,25426.1897382,0.77762
thin_market,conditional,4,dac_surcharge_inflow,USD_internal_transfer,200000,69520360817,594.419075399,93.8765777707,1.17942116764,2.74746455836,10.4036691921,419.824586308,1340.2447296,2598.73203506,1
thin_market,conditional,4,lapsed_dac_projects,projects,200000,69520360817,172.979629927,104.427364088,18.8388700821,27.9577516542,52.6127574498,206.296573704,380.387413009,547.327600154,1
thin_market,conditional,4,successful_dac_projects,projects,200000,69520360817,1.86517227665,0.47101907947,0.0241814576897,0.0631456725945,0.19622987013,0.987391739409,1.93617317686,3.11692252436,1
thin_market,conditional,5,_contributor_choice_principal,USD_pledge_principal,200000,69520360817,413932.619729,12770.2614468,138.925840373,407.85851038,2307.20511262,75736.3922218,391423.245546,1036995.63336,1
thin_market,conditional,5,_gross_threshold,USD,200000,69520360817,1646933.26206,443713.282198,30528.9306298,55749.378062,149330.807839,1334927.9379,3559790.51012,6463769.82377,1
thin_market,conditional,5,_mean_pledge,USD_per_contributor,200000,69520360817,121.662749202,75.0064323408,14.832120884,21.2332080535,38.4761017326,145.612938579,265.061778102,379.237287638,1
thin_market,conditional,5,_potential_contributors,contributors,200000,69520360817,13862.6403298,2777.97902734,143.671021174,277.060297411,834.674052939,9401.84768322,28029.6852889,54016.1791244,1
thin_market,conditional,5,_potential_pledge_principal,USD_pledge_principal,200000,69520360817,2178008.48124,209473.034697,5806.34487377,12843.6201337,48015.6536681,907931.306617,3387190.52229,7420357.59673,1
thin_market,conditional,5,_project_target,USD,200000,69520360817,1466060.1879,407761.892391,29735.1215985,53253.2907265,139655.137357,1204098.78209,3175850.93584,5720334.96661,1
thin_market,conditional,5,_reserve_before,USD_reserve_state,200000,69520360817,2342.54597386,2311.32710509,248.467551377,404.14367336,1219.04689482,2513.61182237,2964.87302177,4760.04740304,1
thin_market,conditional,5,_reserve_capacity_probability,indicator,200000,69520360817,0.33762,0,0,0,0,1,1,1,0.33762
thin_market,conditional,5,_reserve_exhaustion_probability,indicator,200000,69520360817,0,0,0,0,0,0,0,0,0
thin_market,conditional,5,_stress_projected_liability,USD_internal_liability,200000,69520360817,12652.4133357,3051.06387511,51.9673675162,132.375668953,600.030835628,13773.7702057,39860.7456342,60448.6047071,1
thin_market,conditional,5,_stress_projected_successful_target,USD,200000,69520360817,513121.065766,142716.662337,10407.2925595,18638.6517543,48879.2980748,421434.573733,1111547.82755,2002117.23831,1
thin_market,conditional,5,_surcharge_rate,proportion,200000,69520360817,0.0879047918952,0.0999083783527,0.02,0.02,0.02,0.15,0.15,0.15,1
thin_market,conditional,5,_willing_pledge,USD_pledge_principal,200000,69520360817,91258.9898213,9480.98417944,100.864229784,297.500226085,1693.28812045,54532.5384195,250983.030845,518523.415306,1
thin_market,conditional,5,dac_bonus_liability_locked,USD_internal_liability,200000,69520360817,867.15177492,326.964379769,5.35968945646,15.8912993282,91.5490626408,788.016312783,1761.54568827,3315.31021226,1
thin_market,conditional,5,dac_bonus_liability_released,USD_internal_liability,200000,69520360817,367.2196737,90.5015433746,4.0850476965,9.55039620862,32.1147614433,277.121791089,783.523038727,1500.0172482,1
thin_market,conditional,5,dac_bonus_paid,USD_internal_transfer,200000,69520360817,499.932101219,190.664369538,0,0,7.07375890421,536.568923678,1033.33818785,1849.04973739,0.772875
thin_market,conditional,5,dac_capacity_waiting_pledges,USD_pledge_principal,200000,69520360817,75559.7242516,0,0,0,0,32942.2474371,212609.866657,467525.869582,0.33762
thin_market,conditional,5,dac_free_reserve,USD_reserve_state,200000,69520360817,2621.21199309,2295.96387013,218.493558186,368.791367317,1105.24354472,2532.8050503,3602.17507598,6308.56260033,1
thin_market,conditional,5,dac_funding_lost_to_surcharge,USD,200000,69520360817,18240.5538353,147.917238752,0.761729737776,1.92132716482,10.2831427628,2816.7609029,23063.1639682,77596.575048,0.988265
thin_market,conditional,5,dac_gross_threshold,USD,200000,69520360817,1646933.26206,443713.282198,30528.9306298,55749.378062,149330.807839,1334927.9379,3559790.51012,6463769.82377,1
thin_market,conditional,5,dac_incremental_funding_caused_by_bonus,USD,200000,69520360817,15.6536880105,0,0,0,0,2.89246409139,13.0296440023,37.1532487792,0.491325
thin_market,conditional,5,dac_pledge_principal,USD,200000,69520360817,15699.2655696,5990.42033507,100.864229784,297.500226085,1691.12640658,14333.4900592,32009.2059414,59654.6195294,1
thin_market,conditional,5,dac_project_funding,USD,200000,69520360817,5850.5451206,1515.93562672,75.6217101604,176.022546786,562.183691405,4499.45021511,12419.4137798,23629.5326615,1
thin_market,conditional,5,dac_project_target,USD,200000,69520360817,1466060.1879,407761.892391,29735.1215985,53253.2907265,139655.137357,1204098.78209,3175850.93584,5720334.96661,1
thin_market,conditional,5,dac_required_surcharge,USD_internal_threshold_component,200000,69520360817,180873.074162,27749.390525,640.058607629,1290.56153139,4867.68530875,126878.195935,398298.610684,760496.853046,1
thin_market,conditional,5,dac_reserve_cash,USD_reserve_state,200000,69520360817,2621.21199309,2295.96387013,218.493558186,368.791367317,1105.24354472,2532.8050503,3602.17507598,6308.56260033,1
thin_market,conditional,5,dac_returned_or_cancelled_principal,USD,200000,69520360817,9070.12232858,3486.49511091,0,0,131.902472878,9773.54863099,18925.7686563,33360.015448,0.775595
thin_market,conditional,5,dac_surcharge_inflow,USD_internal_transfer,200000,69520360817,778.598120447,124.009062041,1.51243420321,3.52848143863,14.1611753537,554.937041749,1739.92696121,3364.85875965,1
thin_market,conditional,5,lapsed_dac_projects,projects,200000,69520360817,221.920441147,134.070126876,24.124441661,35.8381227719,67.5382460391,264.716704913,487.932857134,701.897139227,1
thin_market,conditional,5,successful_dac_projects,projects,200000,69520360817,2.29230520875,0.572087018048,0.0309930285576,0.080833205884,0.246050642604,1.18686461839,2.31738084835,3.65875842707,1
thin_market,probability_weighted,1,_contributor_choice_principal,USD_pledge_principal,200000,69530360836,32893.6649738,641.259367105,2.8856738458,9.85499433111,74.2533651256,4883.87682603,26867.9814358,73322.2147825,1
thin_market,probability_weighted,1,_gross_threshold,USD,200000,69530360836,113066.423167,22853.7636449,833.775011818,1798.84648006,6222.21487598,79490.0923218,235421.015641,442752.841931,1
thin_market,probability_weighted,1,_mean_pledge,USD_per_contributor,200000,69530360836,122.466233223,75.6254098804,14.9179470356,21.3074589223,38.7088336332,146.07169688,267.325005784,382.149176751,1
thin_market,probability_weighted,1,_potential_contributors,contributors,200000,69530360836,1085.20460776,138.474378228,2.63456116395,6.80158300815,29.5482292412,580.303852445,1978.04890316,4122.60022966,1
thin_market,probability_weighted,1,_potential_pledge_principal,USD_pledge_principal,200000,69530360836,169395.864778,10142.0682458,128.531442468,348.70454027,1776.77759059,53533.6436287,228626.127604,536201.025793,1
thin_market,probability_weighted,1,_project_target,USD,200000,69530360836,105851.895969,22096.9101269,810.90435346,1749.1735873,6045.65724036,76079.0242816,222600.839624,415315.683114,1
thin_market,probability_weighted,1,_reserve_before,USD_reserve_state,200000,69530360836,2500,2500,2500,2500,2500,2500,2500,2500,1
thin_market,probability_weighted,1,_reserve_capacity_probability,indicator,200000,69530360836,0.036125,0,0,0,0,0,0,0,0.036125
thin_market,probability_weighted,1,_reserve_exhaustion_probability,indicator,200000,69530360836,0,0,0,0,0,0,0,0,0
thin_market,probability_weighted,1,_stress_projected_liability,USD_internal_liability,200000,69530360836,766.169358311,70.11207021,0,0,3.02534428046,534.299381953,2271.51598094,4267.64944557,0.821155
thin_market,probability_weighted,1,_stress_projected_successful_target,USD,200000,69530360836,37048.1635891,7733.91854443,283.816523711,612.210755554,2115.98003413,26627.6584986,77910.2938685,145360.48909,1
thin_market,probability_weighted,1,_surcharge_rate,proportion,200000,69530360836,0.0393963668085,0.0291217931234,0.028,0.028,0.0280484055085,0.0365487901113,0.064344255695,0.0962823911291,1
thin_market,probability_weighted,1,_willing_pledge,USD_pledge_principal,200000,69530360836,5985.45699046,211.264402507,0,0,5.94284675965,2322.44014509,13539.2163562,32537.0422449,0.821155
thin_market,probability_weighted,1,dac_bonus_liability_locked,USD_internal_liability,200000,69530360836,240.890840712,11.4499622051,0,0,0.316375516596,127.023420654,750.058732648,1814.44670797,0.821155
thin_market,probability_weighted,1,dac_bonus_liability_released,USD_internal_liability,200000,69530360836,46.2000353438,3.43545131083,0,0,0.206950571243,22.1841353197,110.443873413,213.586893297,0.821155
thin_market,probability_weighted,1,dac_bonus_paid,USD_internal_transfer,200000,69530360836,194.690805368,4.44020992004,0,0,0,97.2618231437,585.228560332,1377.34031625,0.620825
thin_market,probability_weighted,1,dac_capacity_waiting_pledges,USD_pledge_principal,200000,69530360836,1653.44931746,0,0,0,0,0,0,0,0.036125
thin_market,probability_weighted,1,dac_free_reserve,USD_reserve_state,200000,69530360836,2366.28126494,2498.77502799,1498.80093013,2084.34604146,2434.63162382,2500.0187645,2501.91206881,2508.66059542,1
thin_market,probability_weighted,1,dac_funding_lost_to_surcharge,USD,200000,69530360836,758.661236998,1.21988300005,0,0,0.0415135624503,14.6121191198,192.401417748,1153.59217773,0.796405
thin_market,probability_weighted,1,dac_gross_threshold,USD,200000,69530360836,113066.423167,22853.7636449,833.775011818,1798.84648006,6222.21487598,79490.0923218,235421.015641,442752.841931,1
thin_market,probability_weighted,1,dac_incremental_funding_caused_by_bonus,USD,200000,69530360836,6.945806427,0.0216713827312,0,0,0,0.709519367658,5.80228822439,17.7773035416,0.58757
thin_market,probability_weighted,1,dac_pledge_principal,USD,200000,69530360836,4332.00767299,211.264402507,0,0,5.94284675965,2322.44014509,13539.2163562,32537.0422449,0.821155
thin_market,probability_weighted,1,dac_project_funding,USD,200000,69530360836,770.426239616,61.5373519704,0,0,3.7723359536,389.077209741,1859.10931795,3509.09596416,0.821155
thin_market,probability_weighted,1,dac_project_target,USD,200000,69530360836,105851.895969,22096.9101269,810.90435346,1749.1735873,6045.65724036,76079.0242816,222600.839624,415315.683114,1
thin_market,probability_weighted,1,dac_required_surcharge,USD_internal_threshold_component,200000,69530360836,7214.52719779,713.258041673,22.9177881858,49.8027879362,177.819196704,2950.02375795,11526.4378052,26084.3686834,1
thin_market,probability_weighted,1,dac_reserve_cash,USD_reserve_state,200000,69530360836,2366.28126494,2498.77502799,1498.80093013,2084.34604146,2434.63162382,2500.0187645,2501.91206881,2508.66059542,1
thin_market,probability_weighted,1,dac_returned_or_cancelled_principal,USD,200000,69530360836,3500.60936307,82.3285900612,0,0,0,1772.63015629,10567.1421972,24742.6501401,0.62091
thin_market,probability_weighted,1,dac_surcharge_inflow,USD_internal_transfer,200000,69530360836,60.9720703117,1.82900454103,0,0,0.10592842497,14.756874763,119.070126519,355.508839858,0.821155
thin_market,probability_weighted,1,lapsed_dac_projects,projects,200000,69530360836,15.7325131604,7.43715921298,0.466936920523,0.940319498343,2.6948554538,17.9884139617,37.5366013198,57.5836234768,1
thin_market,probability_weighted,1,successful_dac_projects,projects,200000,69530360836,0.445184186647,0.0222716852306,0,0,0.00150439522609,0.102835016435,0.419719357526,1.2201597809,0.821155
thin_market,probability_weighted,2,_contributor_choice_principal,USD_pledge_principal,200000,69530360836,92978.1156926,1870.61998737,8.39786787913,28.6611307024,215.992227244,13424.6774413,73534.5521491,209714.549218,1
thin_market,probability_weighted,2,_gross_threshold,USD,200000,69530360836,327135.745892,65188.9222812,2354.11771535,5077.98547574,17571.4430448,228885.869625,682914.791332,1286917.91669,1
thin_market,probability_weighted,2,_mean_pledge,USD_per_contributor,200000,69530360836,122.466233223,75.6254098804,14.9179470356,21.3074589223,38.7088336332,146.07169688,267.325005784,382.149176751,1
thin_market,probability_weighted,2,_potential_contributors,contributors,200000,69530360836,3088.65926824,394.119384187,7.49836638972,19.3583516386,84.098806302,1651.63404157,5629.83149361,11733.5544998,1
thin_market,probability_weighted,2,_potential_pledge_principal,USD_pledge_principal,200000,69530360836,482126.692061,28865.8865458,365.820259333,992.466768462,5056.98237322,152364.985712,650705.132412,1526110.61187,1
thin_market,probability_weighted,2,_project_target,USD,200000,69530360836,301270.780835,62891.2057459,2307.95854446,4978.41713307,17206.8706072,216532.607571,633556.235854,1182052.32886,1
thin_market,probability_weighted,2,_reserve_before,USD_reserve_state,200000,69530360836,2366.28126494,2498.77502799,1498.80093013,2084.34604146,2434.63162382,2500.0187645,2501.91206881,2508.66059542,1
thin_market,probability_weighted,2,_reserve_capacity_probability,indicator,200000,69530360836,0.096725,0,0,0,0,0,0,1,0.096725
thin_market,probability_weighted,2,_reserve_exhaustion_probability,indicator,200000,69530360836,0,0,0,0,0,0,0,0,0
thin_market,probability_weighted,2,_stress_projected_liability,USD_internal_liability,200000,69530360836,2192.49754617,199.229033974,0,0,8.60868439116,1516.47083388,6485.12912792,12233.039161,0.821155
thin_market,probability_weighted,2,_stress_projected_successful_target,USD,200000,69530360836,105444.773292,22011.9220111,807.785490562,1742.44599658,6022.40471251,75786.4126497,221744.682549,413718.315102,1
thin_market,probability_weighted,2,_surcharge_rate,proportion,200000,69530360836,0.0433622532864,0.02,0.02,0.02,0.02,0.0396866325078,0.15,0.15,1
thin_market,probability_weighted,2,_willing_pledge,USD_pledge_principal,200000,69530360836,16649.5580646,616.555926617,0,0,17.2482926737,6481.28773558,34830.2655403,90166.3843479,0.821155
thin_market,probability_weighted,2,dac_bonus_liability_locked,USD_internal_liability,200000,69530360836,321.024986349,33.3654945526,0,0,0.919021812183,354.599036817,1157.25655887,1671.04357804,0.821155
thin_market,probability_weighted,2,dac_bonus_liability_released,USD_internal_liability,200000,69530360836,83.0808839973,9.86696389583,0,0,0.597063020716,62.1305718555,180.210147677,362.127725099,0.821155
thin_market,probability_weighted,2,dac_bonus_paid,USD_internal_transfer,200000,69530360836,237.944102351,12.8979149341,0,0,0,249.585787253,881.296133622,1361.44512107,0.62234
thin_market,probability_weighted,2,dac_capacity_waiting_pledges,USD_pledge_principal,200000,69530360836,10837.8135094,0,0,0,0,0,0,61041.3482405,0.096725
thin_market,probability_weighted,2,dac_free_reserve,USD_reserve_state,200000,69530360836,2266.09613021,2494.91452656,612.771405331,1329.98402378,2274.9948586,2500.04244517,2506.15879618,2534.85083072,1
thin_market,probability_weighted,2,dac_funding_lost_to_surcharge,USD,200000,69530360836,3076.12103934,2.55392631869,0,0,0.099176971409,46.665427855,1433.90905943,8667.31093607,0.802295
thin_market,probability_weighted,2,dac_gross_threshold,USD,200000,69530360836,327135.745892,65188.9222812,2354.11771535,5077.98547574,17571.4430448,228885.869625,682914.791332,1286917.91669,1
thin_market,probability_weighted,2,dac_incremental_funding_caused_by_bonus,USD,200000,69530360836,6.29514264973,0.0212868905813,0,0,0,1.2424354779,7.97119005295,19.0174455566,0.546735
thin_market,probability_weighted,2,dac_pledge_principal,USD,200000,69530360836,5811.74455519,616.555926617,0,0,17.2482926737,6466.02427769,20852.0819321,29895.9424106,0.821155
thin_market,probability_weighted,2,dac_project_funding,USD,200000,69530360836,1361.71532116,178.339788453,0,0,10.9408354363,1072.39398346,2949.3306773,5853.66182927,0.821155
thin_market,probability_weighted,2,dac_project_target,USD,200000,69530360836,301270.780835,62891.2057459,2307.95854446,4978.41713307,17206.8706072,216532.607571,633556.235854,1182052.32886,1
thin_market,probability_weighted,2,dac_required_surcharge,USD_internal_threshold_component,200000,69530360836,25864.9650569,1585.86245507,46.1591708893,99.5683426615,358.826303565,8806.38129572,44765.1184724,104704.683251,1
thin_market,probability_weighted,2,dac_reserve_cash,USD_reserve_state,200000,69530360836,2266.09613021,2494.91452656,612.771405331,1329.98402378,2274.9948586,2500.04244517,2506.15879618,2534.85083072,1
thin_market,probability_weighted,2,dac_returned_or_cancelled_principal,USD,200000,69530360836,4312.27026641,238.430251191,0,0,0,4516.11823217,15898.6568106,24394.0879289,0.622655
thin_market,probability_weighted,2,dac_surcharge_inflow,USD_internal_transfer,200000,69530360836,137.758967622,3.64622288551,0,0,0.218816708726,44.9261143528,316.01804838,648.399948223,0.821155
thin_market,probability_weighted,2,lapsed_dac_projects,projects,200000,69530360836,45.3014955792,21.4825417934,1.34191887112,2.70344202852,7.76240195076,52.0309537721,108.240732778,165.866462708,1
thin_market,probability_weighted,2,successful_dac_projects,projects,200000,69530360836,0.742719946882,0.0639910541105,0,0,0.00437517504545,0.273981562745,0.796685076856,1.71023848878,0.821155
thin_market,probability_weighted,3,_contributor_choice_principal,USD_pledge_principal,200000,69530360836,150193.37298,3075.33295956,13.8451714701,47.2523504534,356.105028726,20438.0175587,117804.204787,331003.351048,1
thin_market,probability_weighted,3,_gross_threshold,USD,200000,69530360836,543324.108286,108645.818144,3881.11299018,8371.81389243,29029.6352973,381659.047211,1136836.53282,2140398.60095,1
thin_market,probability_weighted,3,_mean_pledge,USD_per_contributor,200000,69530360836,122.466233223,75.6254098804,14.9179470356,21.3074589223,38.7088336332,146.07169688,267.325005784,382.149176751,1
thin_market,probability_weighted,3,_potential_contributors,contributors,200000,69530360836,5092.11392872,649.764390146,12.3621716155,31.915120269,138.649383363,2722.9642307,9281.61408406,19344.50877,1
thin_market,probability_weighted,3,_potential_pledge_principal,USD_pledge_principal,200000,69530360836,794857.519344,47589.7048458,603.109076197,1636.22899665,8337.18715585,251196.327796,1072784.13722,2516020.19795,1
thin_market,probability_weighted,3,_project_target,USD,200000,69530360836,496689.6657,103685.501365,3805.01273547,8207.66067885,28368.083974,356986.19086,1044511.63208,1948788.97461,1
thin_market,probability_weighted,3,_reserve_before,USD_reserve_state,200000,69530360836,2266.09613021,2494.91452656,612.771405331,1329.98402378,2274.9948586,2500.04244517,2506.15879618,2534.85083072,1
thin_market,probability_weighted,3,_reserve_capacity_probability,indicator,200000,69530360836,0.141795,0,0,0,0,0,1,1,0.141795
thin_market,probability_weighted,3,_reserve_exhaustion_probability,indicator,200000,69530360836,0,0,0,0,0,0,0,0,0
thin_market,probability_weighted,3,_stress_projected_liability,USD_internal_liability,200000,69530360836,3634.79709653,328.233093665,0,0,14.1912196144,2501.71052962,10870.7831457,20361.0484721,0.821155
thin_market,probability_weighted,3,_stress_projected_successful_target,USD,200000,69530360836,173841.382995,36289.9254777,1331.75445741,2872.6812376,9928.8293909,124945.166801,365579.071229,682076.141114,1
thin_market,probability_weighted,3,_surcharge_rate,proportion,200000,69530360836,0.0506780580527,0.02,0.02,0.02,0.02,0.0643883021271,0.15,0.15,1
thin_market,probability_weighted,3,_willing_pledge,USD_pledge_principal,200000,69530360836,27039.3392687,1016.08860326,0,0,28.4364005931,9937.16304439,56764.9443872,146636.077569,0.821155
thin_market,probability_weighted,3,dac_bonus_liability_locked,USD_internal_liability,200000,69530360836,358.941649666,55.0001944619,0,0,1.51514516277,425.615253249,1059.9371355,1426.91028037,0.821155
thin_market,probability_weighted,3,dac_bonus_liability_released,USD_internal_liability,200000,69530360836,119.219196479,16.2587063421,0,0,0.984349657903,82.3948620307,244.660986477,501.722711416,0.821155
thin_market,probability_weighted,3,dac_bonus_paid,USD_internal_transfer,200000,69530360836,239.722453187,21.2379943413,0,0,0,301.277908912,801.155145095,1118.29437685,0.62225
thin_market,probability_weighted,3,dac_capacity_waiting_pledges,USD_pledge_principal,200000,69530360836,20531.8764752,0,0,0,0,0,33386.0943209,125031.309932,0.141795
thin_market,probability_weighted,3,dac_free_reserve,USD_reserve_state,200000,69530360836,2246.07412604,2491.35706914,394.605462102,845.021629562,2075.55803111,2500.16412116,2516.55650395,2625.87581105,1
thin_market,probability_weighted,3,dac_funding_lost_to_surcharge,USD,200000,69530360836,5302.60298959,4.39998311313,0,0,0.183720690068,113.356598824,3647.14922167,15740.8800198,0.806225
thin_market,probability_weighted,3,dac_gross_threshold,USD,200000,69530360836,543324.108286,108645.818144,3881.11299018,8371.81389243,29029.6352973,381659.047211,1136836.53282,2140398.60095,1
thin_market,probability_weighted,3,dac_incremental_funding_caused_by_bonus,USD,200000,69530360836,6.62998852312,0.00492478044744,0,0,0,1.34140903868,7.85716586113,17.4837310078,0.512315
thin_market,probability_weighted,3,dac_pledge_principal,USD,200000,69530360836,6507.46279352,1016.08860326,0,0,28.4364005931,7738.12929599,19109.6952874,26107.4835264,0.821155
thin_market,probability_weighted,3,dac_project_funding,USD,200000,69530360836,1932.89621086,293.57784556,0,0,18.0376176475,1366.46749598,3974.52709332,8074.58810208,0.821155
thin_market,probability_weighted,3,dac_project_target,USD,200000,69530360836,496689.6657,103685.501365,3805.01273547,8207.66067885,28368.083974,356986.19086,1044511.63208,1948788.97461,1
thin_market,probability_weighted,3,dac_required_surcharge,USD_internal_threshold_component,200000,69530360836,46634.4425862,2812.14688712,76.1002547093,164.153213577,596.36124091,18326.4925462,87080.6614655,193329.269485,1
thin_market,probability_weighted,3,dac_reserve_cash,USD_reserve_state,200000,69530360836,2246.07412604,2491.35706914,394.605462102,845.021629562,2075.55803111,2500.16412116,2516.55650395,2625.87581105,1
thin_market,probability_weighted,3,dac_returned_or_cancelled_principal,USD,200000,69530360836,4354.86613365,392.017102081,0,0,0,5446.09412689,14484.2617297,20201.2974273,0.622895
thin_market,probability_weighted,3,dac_surcharge_inflow,USD_internal_transfer,200000,69530360836,219.700449015,6.01397915102,0,0,0.36075235295,106.180875983,447.852120933,989.265436278,0.821155
thin_market,probability_weighted,3,lapsed_dac_projects,projects,200000,69530360836,74.9503324798,35.5785678495,2.23439101534,4.47575748555,12.8307628246,86.2476942875,179.272925995,274.073454754,1
thin_market,probability_weighted,3,successful_dac_projects,projects,200000,69530360836,0.960401225462,0.104653154329,0,0,0.00721320477874,0.402976447132,1.02540024638,1.91517429879,0.821155
thin_market,probability_weighted,4,_contributor_choice_principal,USD_pledge_principal,200000,69530360836,208257.736637,4249.52604341,19.2924520612,65.8434392241,496.20261635,27315.5764651,162219.575466,455802.427294,1
thin_market,probability_weighted,4,_gross_threshold,USD,200000,69530360836,760356.405233,152553.606048,5408.108265,11665.6423091,40617.9843972,535535.533036,1593889.82912,2994783.74778,1
thin_market,probability_weighted,4,_mean_pledge,USD_per_contributor,200000,69530360836,122.466233223,75.6254098804,14.9179470356,21.3074589223,38.7088336332,146.07169688,267.325005784,382.149176751,1
thin_market,probability_weighted,4,_potential_contributors,contributors,200000,69530360836,7095.56858921,905.409396105,17.2259768412,44.4718888994,193.199960423,3794.29441983,12933.3966745,26955.4630401,1
thin_market,probability_weighted,4,_potential_pledge_principal,USD_pledge_principal,200000,69530360836,1107588.34663,66313.5231458,840.397893062,2279.99122485,11617.3919385,350027.66988,1494863.14203,3505929.78403,1
thin_market,probability_weighted,4,_project_target,USD,200000,69530360836,692108.550566,144479.796984,5302.06692647,11436.9042246,39529.2973408,497439.774149,1455467.02831,2715525.62036,1
thin_market,probability_weighted,4,_reserve_before,USD_reserve_state,200000,69530360836,2246.07412604,2491.35706914,394.605462102,845.021629562,2075.55803111,2500.16412116,2516.55650395,2625.87581105,1
thin_market,probability_weighted,4,_reserve_capacity_probability,indicator,200000,69530360836,0.175005,0,0,0,0,0,1,1,0.175005
thin_market,probability_weighted,4,_reserve_exhaustion_probability,indicator,200000,69530360836,0,0,0,0,0,0,0,0,0
thin_market,probability_weighted,4,_stress_projected_liability,USD_internal_liability,200000,69530360836,5074.33372994,457.373982976,0,0,19.7746502824,3500.62556808,15167.860983,28371.952789,0.821155
thin_market,probability_weighted,4,_stress_projected_successful_target,USD,200000,69530360836,242237.992698,50567.9289443,1855.72342426,4002.91647862,13835.2540693,174103.920952,509413.459909,950433.967126,1
thin_market,probability_weighted,4,_surcharge_rate,proportion,200000,69530360836,0.0565076542149,0.02,0.02,0.02,0.02,0.116291326962,0.15,0.15,1
thin_market,probability_weighted,4,_willing_pledge,USD_pledge_principal,200000,69530360836,37460.0600536,1414.40782639,0,0,39.6244926315,12804.069557,78563.4680303,203780.398952,0.821155
thin_market,probability_weighted,4,dac_bonus_liability_locked,USD_internal_liability,200000,69530360836,418.458704122,76.4953211138,0,0,2.11126784981,440.687359372,998.129581827,1519.05299838,0.821155
thin_market,probability_weighted,4,dac_bonus_liability_released,USD_internal_liability,200000,69530360836,160.498546139,22.5839919297,0,0,1.37163476957,95.8728021093,315.38568572,657.52517663,0.821155
thin_market,probability_weighted,4,dac_bonus_paid,USD_internal_transfer,200000,69530360836,257.960157983,28.8987005053,0,0,0,301.90168475,745.56871946,1015.27844804,0.62103
thin_market,probability_weighted,4,dac_capacity_waiting_pledges,USD_pledge_principal,200000,69530360836,29877.0822673,0,0,0,0,0,56952.282832,176996.169242,0.175005
thin_market,probability_weighted,4,dac_free_reserve,USD_reserve_state,200000,69530360836,2303.39135901,2490.52112542,305.627023568,626.637704668,1893.08684424,2500.56518048,2542.01999022,2963.76526332,1
thin_market,probability_weighted,4,dac_funding_lost_to_surcharge,USD,200000,69530360836,7464.64474163,6.42503991595,0,0,0.264327398512,214.048732036,5364.53830043,22063.3985336,0.80743
thin_market,probability_weighted,4,dac_gross_threshold,USD,200000,69530360836,760356.405233,152553.606048,5408.108265,11665.6423091,40617.9843972,535535.533036,1593889.82912,2994783.74778,1
thin_market,probability_weighted,4,dac_incremental_funding_caused_by_bonus,USD,200000,69530360836,8.3117593849,0,0,0,0,1.32856589035,7.62881044612,17.2650543778,0.485255
thin_market,probability_weighted,4,dac_pledge_principal,USD,200000,69530360836,7582.97778629,1414.40782639,0,0,39.6244926315,8006.93984004,18079.7725523,27625.6205593,0.821155
thin_market,probability_weighted,4,dac_project_funding,USD,200000,69530360836,2583.15550566,406.199847051,0,0,25.1343852511,1602.36925325,5098.82951948,10501.4847537,0.821155
thin_market,probability_weighted,4,dac_project_target,USD,200000,69530360836,692108.550566,144479.796984,5302.06692647,11436.9042246,39529.2973408,497439.774149,1455467.02831,2715525.62036,1
thin_market,probability_weighted,4,dac_required_surcharge,USD_internal_threshold_component,200000,69530360836,68247.8546672,4382.67882566,106.041338529,228.888049239,858.084141948,29794.7321103,132737.971003,285439.764822,1
thin_market,probability_weighted,4,dac_reserve_cash,USD_reserve_state,200000,69530360836,2303.39135901,2490.52112542,305.627023568,626.637704668,1893.08684424,2500.56518048,2542.01999022,2963.76526332,1
thin_market,probability_weighted,4,dac_returned_or_cancelled_principal,USD,200000,69530360836,4684.54488967,533.813440759,0,0,0,5493.59759537,13497.080106,18531.8099028,0.622005
thin_market,probability_weighted,4,dac_surcharge_inflow,USD_internal_transfer,200000,69530360836,315.277390955,8.58732629583,0,0,0.502687705021,143.994671713,617.719761799,1363.02578723,0.821155
thin_market,probability_weighted,4,lapsed_dac_projects,projects,200000,69530360836,104.537717003,49.6679458468,3.05410944486,6.17165630243,17.8406165087,120.411471303,250.105247059,382.176843706,1
thin_market,probability_weighted,4,successful_dac_projects,projects,200000,69530360836,1.23953488125,0.142762113124,0,0,0.0100511870362,0.509123219332,1.22094260204,2.1612986339,0.821155
thin_market,probability_weighted,5,_contributor_choice_principal,USD_pledge_principal,200000,69530360836,266788.586705,5368.46843897,24.7397326433,84.4345279463,636.261858466,34670.7614844,207211.394608,583789.896142,1
thin_market,probability_weighted,5,_gross_threshold,USD,200000,69530360836,977856.938503,196715.276257,6935.10353982,14962.3345738,52430.2678804,690195.923925,2053849.899,3848514.02301,1
thin_market,probability_weighted,5,_mean_pledge,USD_per_contributor,200000,69530360836,122.466233223,75.6254098804,14.9179470356,21.3074589223,38.7088336332,146.07169688,267.325005784,382.149176751,1
thin_market,probability_weighted,5,_potential_contributors,contributors,200000,69530360836,9099.02324969,1161.05440206,22.089782067,57.0286575298,247.750537484,4865.62460896,16585.179265,34566.4173102,1
thin_market,probability_weighted,5,_potential_pledge_principal,USD_pledge_principal,200000,69530360836,1420319.17391,85037.3414458,1077.68670993,2923.75345304,14897.5967211,448859.011964,1916942.14683,4495839.37011,1
thin_market,probability_weighted,5,_project_target,USD,200000,69530360836,887527.435432,185274.092603,6799.12111747,14666.1477704,50690.5107076,637893.357438,1866422.42454,3482262.26611,1
thin_market,probability_weighted,5,_reserve_before,USD_reserve_state,200000,69530360836,2303.39135901,2490.52112542,305.627023568,626.637704668,1893.08684424,2500.56518048,2542.01999022,2963.76526332,1
thin_market,probability_weighted,5,_reserve_capacity_probability,indicator,200000,69530360836,0.20202,0,0,0,0,0,1,1,0.20202
thin_market,probability_weighted,5,_reserve_exhaustion_probability,indicator,200000,69530360836,0,0,0,0,0,0,0,0,0
thin_market,probability_weighted,5,_stress_projected_liability,USD_internal_liability,200000,69530360836,6511.98948101,586.514872287,0,0,25.3580809503,4532.11681791,19450.551143,36382.8571058,0.821155
thin_market,probability_weighted,5,_stress_projected_successful_target,USD,200000,69530360836,310634.602401,64845.9324109,2379.69239112,5133.15171964,17741.6787477,223262.675103,653247.84859,1218791.79314,1
thin_market,probability_weighted,5,_surcharge_rate,proportion,200000,69530360836,0.0613878153992,0.02,0.02,0.02,0.02,0.15,0.15,0.15,1
thin_market,probability_weighted,5,_willing_pledge,USD_pledge_principal,200000,69530360836,47906.0763791,1808.76690321,0,0,50.8125846687,15666.2122995,100648.771334,261069.135754,0.821155
thin_market,probability_weighted,5,dac_bonus_liability_locked,USD_internal_liability,200000,69530360836,495.170960864,97.788412293,0,0,2.70739053682,451.873836718,998.250156073,1849.32179428,0.821155
thin_market,probability_weighted,5,dac_bonus_liability_released,USD_internal_liability,200000,69530360836,203.062833292,28.0496125033,0,0,1.75891988098,114.731841721,394.456240432,824.293158422,0.821155
thin_market,probability_weighted,5,dac_bonus_paid,USD_internal_transfer,200000,69530360836,292.108127572,36.1705147879,0,0,0,304.573434303,714.282694216,1068.94287934,0.620005
thin_market,probability_weighted,5,dac_capacity_waiting_pledges,USD_pledge_principal,200000,69530360836,38940.6616657,0,0,0,0,0,73832.6486682,226791.34347,0.20202
thin_market,probability_weighted,5,dac_free_reserve,USD_reserve_state,200000,69530360836,2425.88546345,2492.69897354,262.313529857,527.442262457,1746.7435729,2501.49403585,2598.03902516,3608.21746977,1
thin_market,probability_weighted,5,dac_funding_lost_to_surcharge,USD,200000,69530360836,9617.42559833,8.89293916586,0,0,0.342368122954,357.030136733,7049.52456006,28172.2780471,0.80779
thin_market,probability_weighted,5,dac_gross_threshold,USD,200000,69530360836,977856.938503,196715.276257,6935.10353982,14962.3345738,52430.2678804,690195.923925,2053849.899,3848514.02301,1
thin_market,probability_weighted,5,dac_incremental_funding_caused_by_bonus,USD,200000,69530360836,9.98466794126,0,0,0,0,1.28030528532,7.50196878895,17.7401321122,0.463055
thin_market,probability_weighted,5,dac_pledge_principal,USD,200000,69530360836,8965.41471342,1801.83377171,0,0,50.8125846687,8216.62110443,18296.3537312,33565.1733022,0.821155
thin_market,probability_weighted,5,dac_project_funding,USD,200000,69530360836,3252.25640119,491.452622771,0,0,32.2311528514,1905.58712954,6336.86895064,13127.5419586,0.821155
thin_market,probability_weighted,5,dac_project_target,USD,200000,69530360836,887527.435432,185274.092603,6799.12111747,14666.1477704,50690.5107076,637893.357438,1866422.42454,3482262.26611,1
thin_market,probability_weighted,5,dac_required_surcharge,USD_internal_threshold_component,200000,69530360836,90329.5030715,6404.5361292,135.982422349,294.52172175,1152.27507622,42535.5231921,179018.796907,378593.712223,1
thin_market,probability_weighted,5,dac_reserve_cash,USD_reserve_state,200000,69530360836,2425.88546345,2492.69897354,262.313529857,527.442262457,1746.7435729,2501.49403585,2598.03902516,3608.21746977,1
thin_market,probability_weighted,5,dac_returned_or_cancelled_principal,USD,200000,69530360836,5298.55608022,666.923964279,0,0,0,5549.11877463,12973.1965294,19555.7259903,0.62129
thin_market,probability_weighted,5,dac_surcharge_inflow,USD_internal_transfer,200000,69530360836,414.602232007,11.6809913122,0,0,0.644623057027,177.853093105,810.651922156,1783.4691418,0.821155
thin_market,probability_weighted,5,lapsed_dac_projects,projects,200000,69530360836,134.12084722,63.7730128238,3.90147380404,7.90689462137,22.8920516395,154.542046541,320.827551932,490.128461616,1
thin_market,probability_weighted,5,successful_dac_projects,projects,200000,69530360836,1.52292284316,0.178509319202,0,0,0.0128860067596,0.60578223431,1.43227670889,2.49100356867,0.821155
trust_evidence_failure,conditional,1,_contributor_choice_principal,USD_pledge_principal,200000,69520460820,22292.1427751,731.640406115,6.06553917378,17.7980286737,106.267634416,4605.93748882,21836.4692446,57541.9458633,1
trust_evidence_failure,conditional,1,_gross_threshold,USD,200000,69520460820,149689.81411,39602.5328238,2811.54583012,5029.07646104,13391.1095555,119898.243418,319679.282532,577894.588406,1
trust_evidence_failure,conditional,1,_mean_pledge,USD_per_contributor,200000,69520460820,121.686447097,74.8096910105,14.8620113733,21.2803895878,38.5997124253,145.155346635,264.091524649,378.956701183,1
trust_evidence_failure,conditional,1,_potential_contributors,contributors,200000,69520460820,1196.07005037,222.388216576,10.8026748422,20.9802487308,63.7278392337,769.881918936,2334.52728197,4553.22001361,1
trust_evidence_failure,conditional,1,_potential_pledge_principal,USD_pledge_principal,200000,69520460820,185206.494252,16582.700337,440.244636505,986.948910023,3748.8398152,73356.5617689,278832.808417,627347.364356,1
trust_evidence_failure,conditional,1,_project_target,USD,200000,69520460820,138819.965797,38115.5471598,2732.01908155,4883.55263958,12969.455918,113750.735305,298523.415755,535701.547615,1
trust_evidence_failure,conditional,1,_reserve_before,USD_reserve_state,200000,69520460820,2500,2500,2500,2500,2500,2500,2500,2500,1
trust_evidence_failure,conditional,1,_reserve_capacity_probability,indicator,200000,69520460820,0.028555,0,0,0,0,0,0,0,0.028555
trust_evidence_failure,conditional,1,_reserve_exhaustion_probability,indicator,200000,69520460820,0,0,0,0,0,0,0,0,0
trust_evidence_failure,conditional,1,_stress_projected_liability,USD_internal_liability,200000,69520460820,1256.86729683,245.3877655,3.98577946017,10.1145979951,47.5895396918,1154.58402982,3810.95678233,6485.88464695,1
trust_evidence_failure,conditional,1,_stress_projected_successful_target,USD,200000,69520460820,48586.9880289,13340.4415059,956.206678544,1709.24342385,4539.30957128,39812.7573567,104483.195514,187495.541665,1
trust_evidence_failure,conditional,1,_surcharge_rate,proportion,200000,69520460820,0.0460046317747,0.031926204248,0.0280637724714,0.0281618335679,0.0287614326351,0.0464733444771,0.0889753085173,0.131774154351,1
trust_evidence_failure,conditional,1,_willing_pledge,USD_pledge_principal,200000,69520460820,5078.36577781,390.743970657,3.15469567436,9.34080021341,56.2014978256,2440.69830137,11131.9705506,26243.9352455,1
trust_evidence_failure,conditional,1,dac_bonus_liability_locked,USD_internal_liability,200000,69520460820,222.12112271,21.2807847766,0.167678362755,0.499413971586,3.02441199562,134.354970356,618.356095777,1464.5499928,1
trust_evidence_failure,conditional,1,dac_bonus_liability_released,USD_internal_liability,200000,69520460820,41.9369145587,7.48555958162,0.157432118874,0.420095293825,1.79360568638,28.944780354,100.881716917,186.011924552,1
trust_evidence_failure,conditional,1,dac_bonus_paid,USD_internal_transfer,200000,69520460820,180.184208152,7.48955826701,0,0,0,98.4518544058,499.88677912,1183.96932213,0.63859
trust_evidence_failure,conditional,1,dac_capacity_waiting_pledges,USD_pledge_principal,200000,69520460820,1093.85508706,0,0,0,0,0,0,0,0.028555
trust_evidence_failure,conditional,1,dac_free_reserve,USD_reserve_state,200000,69520460820,2382.67535418,2498.11935439,1663.36712529,2145.31487917,2434.39192802,2500.99336369,2507.47854636,2523.52845853,1
trust_evidence_failure,conditional,1,dac_funding_lost_to_surcharge,USD,200000,69520460820,435.592048433,3.64570937152,0.047973563505,0.144504978631,0.675078813968,23.9193027541,180.231503977,751.42347002,0.98011
trust_evidence_failure,conditional,1,dac_gross_threshold,USD,200000,69520460820,149689.81411,39602.5328238,2811.54583012,5029.07646104,13391.1095555,119898.243418,319679.282532,577894.588406,1
trust_evidence_failure,conditional,1,dac_incremental_funding_caused_by_bonus,USD,200000,69520460820,5.66528367756,0.182801248094,0,0,0,1.46552997614,7.18644278764,17.5436041567,0.746055
trust_evidence_failure,conditional,1,dac_pledge_principal,USD,200000,69520460820,3984.51069075,390.743970657,3.15469567436,9.34080021341,56.2014978256,2440.69830137,11131.9705506,26243.9352455,1
trust_evidence_failure,conditional,1,dac_project_funding,USD,200000,69520460820,690.17062574,133.003624297,2.89510428849,7.6497473711,32.3466865246,500.267988412,1669.02083736,3005.25203864,1
trust_evidence_failure,conditional,1,dac_project_target,USD,200000,69520460820,138819.965797,38115.5471598,2732.01908155,4883.55263958,12969.455918,113750.735305,298523.415755,535701.547615,1
trust_evidence_failure,conditional,1,dac_required_surcharge,USD_internal_threshold_component,200000,69520460820,10869.8483136,1372.44156712,78.9507335782,144.37365375,407.307382785,5276.50595154,19667.4909415,42229.1381841,1
trust_evidence_failure,conditional,1,dac_reserve_cash,USD_reserve_state,200000,69520460820,2382.67535418,2498.11935439,1663.36712529,2145.31487917,2434.39192802,2500.99336369,2507.47854636,2523.52845853,1
trust_evidence_failure,conditional,1,dac_returned_or_cancelled_principal,USD,200000,69520460820,3231.48050268,137.667005616,0,0,0,1790.762287,9007.82509016,21135.7293349,0.63873
trust_evidence_failure,conditional,1,dac_surcharge_inflow,USD_internal_transfer,200000,69520460820,62.8595623324,4.42660355603,0.081324933664,0.216334174221,0.946825958855,23.7353950678,139.496158337,356.525657307,1
trust_evidence_failure,conditional,1,lapsed_dac_projects,projects,200000,69520460820,20.8487244216,12.4762106894,2.38653659301,3.44133864246,6.34185117311,24.6798677621,45.6547420221,66.185874978,1
trust_evidence_failure,conditional,1,successful_dac_projects,projects,200000,69520460820,0.307725117223,0.0471860621606,0.000973083017078,0.00292531703259,0.0141314286343,0.129687636952,0.354353848353,0.751811757387,1
trust_evidence_failure,conditional,2,_contributor_choice_principal,USD_pledge_principal,200000,69520460820,62688.0628956,2117.07770437,17.6106061462,51.7762191482,309.131028228,12022.2692606,58084.1210736,161422.370722,1
trust_evidence_failure,conditional,2,_gross_threshold,USD,200000,69520460820,433903.086594,113837.018209,7932.07558827,14191.9131197,38039.5064722,346457.281376,926979.080489,1680490.36292,1
trust_evidence_failure,conditional,2,_mean_pledge,USD_per_contributor,200000,69520460820,121.686447097,74.8096910105,14.8620113733,21.2803895878,38.5997124253,145.155346635,264.091524649,378.956701183,1
trust_evidence_failure,conditional,2,_potential_contributors,contributors,200000,69520460820,3404.19937414,632.951077946,30.7460745508,59.7130156184,181.379234742,2191.20238466,6644.42380253,12959.1646541,1
trust_evidence_failure,conditional,2,_potential_pledge_principal,USD_pledge_principal,200000,69520460820,527126.175949,47196.9163438,1253.00396544,2809.00843622,10669.7748586,208784.060419,793601.070109,1785527.11394,1
trust_evidence_failure,conditional,2,_project_target,USD,200000,69520460820,395102.979576,108482.711147,7775.74661673,13899.342128,36913.0668434,323752.092791,849643.567917,1524689.02014,1
trust_evidence_failure,conditional,2,_reserve_before,USD_reserve_state,200000,69520460820,2382.67535418,2498.11935439,1663.36712529,2145.31487917,2434.39192802,2500.99336369,2507.47854636,2523.52845853,1
trust_evidence_failure,conditional,2,_reserve_capacity_probability,indicator,200000,69520460820,0.08497,0,0,0,0,0,0,1,0.08497
trust_evidence_failure,conditional,2,_reserve_exhaustion_probability,indicator,200000,69520460820,0,0,0,0,0,0,0,0,0
trust_evidence_failure,conditional,2,_stress_projected_liability,USD_internal_liability,200000,69520460820,3603.13462838,697.170725862,11.3436730757,28.7682732756,135.395251898,3284.96084236,10948.3885001,18701.4943967,1
trust_evidence_failure,conditional,2,_stress_projected_successful_target,USD,200000,69520460820,138286.042852,37968.9489015,2721.51131586,4864.76974482,12919.5733952,113313.232477,297375.248771,533641.157048,1
trust_evidence_failure,conditional,2,_surcharge_rate,proportion,200000,69520460820,0.0544012289403,0.0211221344595,0.02,0.02,0.02,0.0788705538425,0.15,0.15,1
trust_evidence_failure,conditional,2,_willing_pledge,USD_pledge_principal,200000,69520460820,14123.5711698,1130.02712005,9.15831861276,27.1622447085,163.522698511,6395.91739864,29343.1084836,73625.904251,1
trust_evidence_failure,conditional,2,dac_bonus_liability_locked,USD_internal_liability,200000,69520460820,321.11159559,61.4325477587,0.487196108015,1.45162175557,8.80570350944,351.521920762,1108.80144588,1651.09432015,1
trust_evidence_failure,conditional,2,dac_bonus_liability_released,USD_internal_liability,200000,69520460820,89.7813154511,21.390619527,0.457001624081,1.21374472992,5.15669047551,80.9119768557,198.09700975,356.37030506,1
trust_evidence_failure,conditional,2,dac_bonus_paid,USD_internal_transfer,200000,69520460820,231.330280139,20.9831096406,0,0,0,245.052354678,836.336747026,1345.81944509,0.638795
trust_evidence_failure,conditional,2,dac_capacity_waiting_pledges,USD_pledge_principal,200000,69520460820,8329.48976795,0,0,0,0,0,0,42393.244529,0.08497
trust_evidence_failure,conditional,2,dac_free_reserve,USD_reserve_state,200000,69520460820,2316.10995322,2494.94853487,731.395694628,1504.65392324,2305.60454755,2503.58334666,2534.71742564,2675.48826354,1
trust_evidence_failure,conditional,2,dac_funding_lost_to_surcharge,USD,200000,69520460820,1793.7304475,9.40061242212,0.118739083864,0.313998010393,1.418526015,90.7589934119,1042.68993879,5195.76766037,0.98614
trust_evidence_failure,conditional,2,dac_gross_threshold,USD,200000,69520460820,433903.086594,113837.018209,7932.07558827,14191.9131197,38039.5064722,346457.281376,926979.080489,1680490.36292,1
trust_evidence_failure,conditional,2,dac_incremental_funding_caused_by_bonus,USD,200000,69520460820,6.93383702637,0.357426402222,0,0,0,2.79931649148,11.5254008553,24.4483285642,0.705955
trust_evidence_failure,conditional,2,dac_pledge_principal,USD,200000,69520460820,5794.08140184,1130.02712005,9.15831861276,27.1622447085,163.522698511,6395.91739864,19858.5356395,29404.4210385,1
trust_evidence_failure,conditional,2,dac_project_funding,USD,200000,69520460820,1451.0477573,379.726595238,8.4472017301,22.303128485,93.7684076395,1351.30528225,3204.98185896,5689.91111816,1
trust_evidence_failure,conditional,2,dac_project_target,USD,200000,69520460820,395102.979576,108482.711147,7775.74661673,13899.342128,36913.0668434,323752.092791,849643.567917,1524689.02014,1
trust_evidence_failure,conditional,2,dac_required_surcharge,USD_internal_threshold_component,200000,69520460820,38800.1070186,3468.0971522,156.066736918,287.489408291,862.273824915,18967.5827989,77695.0478548,163693.634313,1
trust_evidence_failure,conditional,2,dac_reserve_cash,USD_reserve_state,200000,69520460820,2316.10995322,2494.94853487,731.395694628,1504.65392324,2305.60454755,2503.58334666,2534.71742564,2675.48826354,1
trust_evidence_failure,conditional,2,dac_returned_or_cancelled_principal,USD,200000,69520460820,4178.26876537,387.263670461,0,0,0,4452.80662084,14986.0550274,24046.7608116,0.639285
trust_evidence_failure,conditional,2,dac_surcharge_inflow,USD_internal_transfer,200000,69520460820,164.764879177,9.90197689829,0.168944034602,0.4460625697,1.89205690902,101.06999005,388.866775338,744.543369382,1
trust_evidence_failure,conditional,2,lapsed_dac_projects,projects,200000,69520460820,59.660505401,35.714586603,6.81802497891,9.82437650431,18.1229346136,70.7181844322,130.999163367,189.395565755,1
trust_evidence_failure,conditional,2,successful_dac_projects,projects,200000,69520460820,0.55400482492,0.133891231931,0.00285376688123,0.00857488293502,0.0409133394712,0.346385342022,0.783970532139,1.33831499679,1
trust_evidence_failure,conditional,3,_contributor_choice_principal,USD_pledge_principal,200000,69520460820,101066.002287,3443.57014148,29.0338295009,85.3614413946,509.618999539,18253.1099705,94527.0701383,259874.575513,1
trust_evidence_failure,conditional,3,_gross_threshold,USD,200000,69520460820,721549.244606,189838.73686,13077.2056996,23433.7679638,63274.3350578,577624.162288,1542806.97364,2796076.41314,1
trust_evidence_failure,conditional,3,_mean_pledge,USD_per_contributor,200000,69520460820,121.686447097,74.8096910105,14.8620113733,21.2803895878,38.5997124253,145.155346635,264.091524649,378.956701183,1
trust_evidence_failure,conditional,3,_potential_contributors,contributors,200000,69520460820,5612.32869791,1043.51393932,50.6894742594,98.445782506,299.03063025,3612.52285039,10954.3203231,21365.1092946,1
trust_evidence_failure,conditional,3,_potential_pledge_principal,USD_pledge_principal,200000,69520460820,869045.857646,77811.1323507,2065.76329437,4631.06796241,17590.7099021,344211.55907,1308369.3318,2943706.86352,1
trust_evidence_failure,conditional,3,_project_target,USD,200000,69520460820,651385.993355,178849.875134,12819.4741519,22915.1316165,60856.6777689,533753.450277,1400763.72008,2513676.49266,1
trust_evidence_failure,conditional,3,_reserve_before,USD_reserve_state,200000,69520460820,2316.10995322,2494.94853487,731.395694628,1504.65392324,2305.60454755,2503.58334666,2534.71742564,2675.48826354,1
trust_evidence_failure,conditional,3,_reserve_capacity_probability,indicator,200000,69520460820,0.128415,0,0,0,0,0,1,1,0.128415
trust_evidence_failure,conditional,3,_reserve_exhaustion_probability,indicator,200000,69520460820,0,0,0,0,0,0,0,0,0
trust_evidence_failure,conditional,3,_stress_projected_liability,USD_internal_liability,200000,69520460820,5973.00091059,1148.17270017,18.701731287,47.4287748598,223.162898252,5448.71740792,18277.6259488,30933.1722998,1
trust_evidence_failure,conditional,3,_stress_projected_successful_target,USD,200000,69520460820,227985.097674,62597.456297,4486.81595317,8020.29606578,21299.8372191,186813.707597,490267.302028,879786.77243,1
trust_evidence_failure,conditional,3,_surcharge_rate,proportion,200000,69520460820,0.0639257625805,0.02,0.02,0.02,0.02,0.15,0.15,0.15,1
trust_evidence_failure,conditional,3,_willing_pledge,USD_pledge_principal,200000,69520460820,23022.8548616,1832.98808967,15.0988605583,44.781442591,269.577409473,9740.93937598,48319.5990522,120337.376059,1
trust_evidence_failure,conditional,3,dac_bonus_liability_locked,USD_internal_liability,200000,69520460820,377.958921238,99.8255957337,0.803215319209,2.39322503947,14.5156884558,443.392112169,1094.1082797,1462.14726463,1
trust_evidence_failure,conditional,3,dac_bonus_liability_released,USD_internal_liability,200000,69520460820,136.95231801,34.9776423501,0.753438537812,2.00103974392,8.50237065862,108.636187706,289.778355578,533.303776242,1
trust_evidence_failure,conditional,3,dac_bonus_paid,USD_internal_transfer,200000,69520460820,241.006603228,32.4251725056,0,0,0,299.416290739,812.240757636,1151.20364215,0.63532
trust_evidence_failure,conditional,3,dac_capacity_waiting_pledges,USD_pledge_principal,200000,69520460820,16193.5691026,0,0,0,0,0,21597.9946037,98909.1603553,0.128415
trust_evidence_failure,conditional,3,dac_free_reserve,USD_reserve_state,200000,69520460820,2347.39069501,2495.51934104,474.408832904,1015.83528069,2165.97147787,2509.74566403,2632.32688935,3155.12806071,1
trust_evidence_failure,conditional,3,dac_funding_lost_to_surcharge,USD,200000,69520460820,3116.04055643,18.6748272489,0.217156629734,0.547707554765,2.43320152711,195.848930889,2677.48339977,9600.08398044,0.989735
trust_evidence_failure,conditional,3,dac_gross_threshold,USD,200000,69520460820,721549.244606,189838.73686,13077.2056996,23433.7679638,63274.3350578,577624.162288,1542806.97364,2796076.41314,1
trust_evidence_failure,conditional,3,dac_incremental_funding_caused_by_bonus,USD,200000,69520460820,9.05557794165,0.409900945343,0,0,0,3.37157963185,13.4076122842,29.2958252937,0.67122
trust_evidence_failure,conditional,3,dac_pledge_principal,USD,200000,69520460820,6829.28575892,1832.98808967,15.0988605583,44.781442591,269.577409473,8056.78405913,19676.4911639,26506.2355849,1
trust_evidence_failure,conditional,3,dac_project_funding,USD,200000,69520460820,2192.51731592,613.18161555,13.9264879023,36.7700226374,154.529706572,1791.24589614,4633.55286355,8435.24933631,1
trust_evidence_failure,conditional,3,dac_project_target,USD,200000,69520460820,651385.993355,178849.875134,12819.4741519,22915.1316165,60856.6777689,533753.450277,1400763.72008,2513676.49266,1
trust_evidence_failure,conditional,3,dac_required_surcharge,USD_internal_threshold_component,200000,69520460820,70163.2512518,6725.27475541,256.791808129,475.259020762,1479.68433542,38713.8218905,147926.440974,297980.87463,1
trust_evidence_failure,conditional,3,dac_reserve_cash,USD_reserve_state,200000,69520460820,2347.39069501,2495.51934104,474.408832904,1015.83528069,2165.97147787,2509.74566403,2632.32688935,3155.12806071,1
trust_evidence_failure,conditional,3,dac_returned_or_cancelled_principal,USD,200000,69520460820,4364.48109799,601.837204493,0,0,0,5397.24055662,14651.1038692,20669.4540132,0.63613
trust_evidence_failure,conditional,3,dac_surcharge_inflow,USD_internal_transfer,200000,69520460820,272.287345021,17.7049468332,0.278529758047,0.735400452748,3.1143704783,190.095190517,611.732190402,1185.33257795,1
trust_evidence_failure,conditional,3,lapsed_dac_projects,projects,200000,69520460820,98.5337088766,59.0175892549,11.2390507715,16.2017722816,29.9277784048,116.920376294,216.336401586,312.957705841,1
trust_evidence_failure,conditional,3,successful_dac_projects,projects,200000,69520460820,0.738862036285,0.215952684816,0.00470486777169,0.0141330533483,0.0672691062098,0.525788521351,1.08564649395,1.70880163032,1
trust_evidence_failure,conditional,4,_contributor_choice_principal,USD_pledge_principal,200000,69520460820,140060.328957,4663.14789361,40.456975573,118.946271129,710.001176887,24675.2384138,130562.146992,358488.071254,1
trust_evidence_failure,conditional,4,_gross_threshold,USD,200000,69520460820,1010872.52992,266557.807088,18225.7511667,32774.9683822,88892.1840831,810683.099287,2162389.02741,3914583.20607,1
trust_evidence_failure,conditional,4,_mean_pledge,USD_per_contributor,200000,69520460820,121.686447097,74.8096910105,14.8620113733,21.2803895878,38.5997124253,145.155346635,264.091524649,378.956701183,1
trust_evidence_failure,conditional,4,_potential_contributors,contributors,200000,69520460820,7820.45802168,1454.07680069,70.632873968,137.178549394,416.682025758,5033.84331612,15264.2168436,29771.0539351,1
trust_evidence_failure,conditional,4,_potential_pledge_principal,USD_pledge_principal,200000,69520460820,1210965.53934,108425.348357,2878.5226233,6453.12748861,24511.6449455,479639.05772,1823137.59349,4101886.6131,1
trust_evidence_failure,conditional,4,_project_target,USD,200000,69520460820,907669.007133,249217.039122,17863.2016871,31930.921105,84800.2886943,743754.807763,1951883.87224,3502663.96518,1
trust_evidence_failure,conditional,4,_reserve_before,USD_reserve_state,200000,69520460820,2347.39069501,2495.51934104,474.408832904,1015.83528069,2165.97147787,2509.74566403,2632.32688935,3155.12806071,1
trust_evidence_failure,conditional,4,_reserve_capacity_probability,indicator,200000,69520460820,0.16324,0,0,0,0,0,1,1,0.16324
trust_evidence_failure,conditional,4,_reserve_exhaustion_probability,indicator,200000,69520460820,0,0,0,0,0,0,0,0,0
trust_evidence_failure,conditional,4,_stress_projected_liability,USD_internal_liability,200000,69520460820,8335.46073858,1599.74882485,26.0597894982,66.089276444,310.964694286,7669.77403589,25468.8230434,43103.6007457,1
trust_evidence_failure,conditional,4,_stress_projected_successful_target,USD,200000,69520460820,317684.152497,87225.9636926,6252.12059048,11175.8223867,29680.101043,260314.182717,683159.355285,1225932.38781,1
trust_evidence_failure,conditional,4,_surcharge_rate,proportion,200000,69520460820,0.0713091341975,0.0246523711347,0.02,0.02,0.02,0.15,0.15,0.15,1
trust_evidence_failure,conditional,4,_willing_pledge,USD_pledge_principal,200000,69520460820,31941.4010661,2478.98906462,21.039395861,62.4003713594,375.523984753,13119.0144916,67216.0030766,167233.957737,1
trust_evidence_failure,conditional,4,dac_bonus_liability_locked,USD_internal_liability,200000,69520460820,453.091578308,135.027128413,1.11923446121,3.33482177771,20.2156287473,483.14579302,1081.1048676,1598.59265144,1
trust_evidence_failure,conditional,4,dac_bonus_liability_released,USD_internal_liability,200000,69520460820,186.147956823,46.6651972129,1.04987337612,2.78833406947,11.8431864581,139.955050272,387.195552595,722.41810251,1
trust_evidence_failure,conditional,4,dac_bonus_paid,USD_internal_transfer,200000,69520460820,266.943621485,42.1808869079,0,0,0,309.44050529,788.830277434,1071.66471977,0.631305
trust_evidence_failure,conditional,4,dac_capacity_waiting_pledges,USD_pledge_principal,200000,69520460820,23757.2888716,0,0,0,0,0,46029.537008,139271.43159,0.16324
trust_evidence_failure,conditional,4,dac_free_reserve,USD_reserve_state,200000,69520460820,2467.25388812,2500.01353488,372.590580173,788.902999035,2041.59090476,2521.88743366,2898.25962075,3976.78245516,1
trust_evidence_failure,conditional,4,dac_funding_lost_to_surcharge,USD,200000,69520460820,4417.33365032,32.0495870862,0.320428696407,0.787002730233,3.59962042072,341.714485182,4083.26788633,13532.2535422,0.9915
trust_evidence_failure,conditional,4,dac_gross_threshold,USD,200000,69520460820,1010872.52992,266557.807088,18225.7511667,32774.9683822,88892.1840831,810683.099287,2162389.02741,3914583.20607,1
trust_evidence_failure,conditional,4,dac_incremental_funding_caused_by_bonus,USD,200000,69520460820,11.734497348,0.404826773072,0,0,0,3.68635789172,15.2266426164,36.9640228453,0.64254
trust_evidence_failure,conditional,4,dac_pledge_principal,USD,200000,69520460820,8184.1121945,2478.98906462,21.039395861,62.4003713594,375.523984753,8740.80599259,19526.799581,28963.693949,1
trust_evidence_failure,conditional,4,dac_project_funding,USD,200000,69520460820,2962.94673107,797.012238021,19.4057618504,51.2369167898,215.018238477,2301.24530568,6146.11036301,11360.2005633,1
trust_evidence_failure,conditional,4,dac_project_target,USD,200000,69520460820,907669.007133,249217.039122,17863.2016871,31930.921105,84800.2886943,743754.807763,1951883.87224,3502663.96518,1
trust_evidence_failure,conditional,4,dac_required_surcharge,USD_internal_threshold_component,200000,69520460820,103203.522784,11190.4499282,361.428600413,679.310388118,2212.2671388,62063.0589595,222368.316913,437101.05431,1
trust_evidence_failure,conditional,4,dac_reserve_cash,USD_reserve_state,200000,69520460820,2467.25388812,2500.01353488,372.590580173,788.902999035,2041.59090476,2521.88743366,2898.25962075,3976.78245516,1
trust_evidence_failure,conditional,4,dac_returned_or_cancelled_principal,USD,200000,69520460820,4834.35864883,781.567336101,0,0,0,5620.06476451,14240.465647,19468.5974631,0.632355
trust_evidence_failure,conditional,4,dac_surcharge_inflow,USD_internal_transfer,200000,69520460820,386.806814592,29.2627234007,0.388115237009,1.0247383358,4.37237966436,256.440821281,858.993928702,1651.8110812,1
trust_evidence_failure,conditional,4,lapsed_dac_projects,projects,200000,69520460820,137.387999061,82.3459523594,15.6406351708,22.5755866148,41.7214232255,163.061199229,301.735353056,436.148896551,1
trust_evidence_failure,conditional,4,successful_dac_projects,projects,200000,69520460820,0.942632539276,0.29256373065,0.00655596329022,0.0196786075022,0.0932194785803,0.683081050888,1.3647634888,2.09317192305,1
trust_evidence_failure,conditional,5,_contributor_choice_principal,USD_pledge_principal,200000,69520460820,179286.715083,5743.67308797,51.8801216172,152.531100624,909.81944529,31385.9884051,166551.970909,458266.097632,1
trust_evidence_failure,conditional,5,_gross_threshold,USD,200000,69520460820,1301354.99362,344031.193757,23403.310569,42287.7932972,114600.898519,1045574.41976,2787663.91074,5040780.42386,1
trust_evidence_failure,conditional,5,_mean_pledge,USD_per_contributor,200000,69520460820,121.686447097,74.8096910105,14.8620113733,21.2803895878,38.5997124253,145.155346635,264.091524649,378.956701183,1
trust_evidence_failure,conditional,5,_potential_contributors,contributors,200000,69520460820,10028.5873455,1864.63966206,90.5762736766,175.911316281,534.333421267,6455.16378184,19574.1133642,38176.9985756,1
trust_evidence_failure,conditional,5,_potential_pledge_principal,USD_pledge_principal,200000,69520460820,1552885.22104,139039.564364,3691.28195223,8275.18701481,31432.5799889,615066.55637,2337905.85518,5260066.36268,1
trust_evidence_failure,conditional,5,_project_target,USD,200000,69520460820,1163952.02091,319584.203109,22906.9292223,40946.7105934,108743.89962,953756.165249,2503004.0244,4491651.4377,1
trust_evidence_failure,conditional,5,_reserve_before,USD_reserve_state,200000,69520460820,2467.25388812,2500.01353488,372.590580173,788.902999035,2041.59090476,2521.88743366,2898.25962075,3976.78245516,1
trust_evidence_failure,conditional,5,_reserve_capacity_probability,indicator,200000,69520460820,0.191735,0,0,0,0,0,1,1,0.191735
trust_evidence_failure,conditional,5,_reserve_exhaustion_probability,indicator,200000,69520460820,0,0,0,0,0,0,0,0,0
trust_evidence_failure,conditional,5,_stress_projected_liability,USD_internal_liability,200000,69520460820,10694.8848123,2053.58322702,33.4178477095,84.7497780282,398.76649032,9840.35705068,32660.020138,55274.0291915,1
trust_evidence_failure,conditional,5,_stress_projected_successful_target,USD,200000,69520460820,407383.207319,111854.471088,8017.42522779,14331.3487077,38060.3648669,333814.657837,876051.408541,1572078.00319,1
trust_evidence_failure,conditional,5,_surcharge_rate,proportion,200000,69520460820,0.0773405745363,0.0379769600611,0.02,0.02,0.02,0.15,0.15,0.15,1
trust_evidence_failure,conditional,5,_willing_pledge,USD_pledge_principal,200000,69520460820,40871.7387837,3055.1471201,26.9799311629,80.0135219266,481.216814906,16685.3901021,86109.0755624,214425.196795,1
trust_evidence_failure,conditional,5,dac_bonus_liability_locked,USD_internal_liability,200000,69520460820,543.986542164,158.831523684,1.4352536032,4.27618307837,25.8926220601,521.070662941,1146.90907807,1991.84051804,1
trust_evidence_failure,conditional,5,dac_bonus_liability_released,USD_internal_liability,200000,69520460820,236.206915865,55.6258504625,1.34630821173,3.57562839496,15.1755613573,173.955525491,489.15086969,920.515379428,1
trust_evidence_failure,conditional,5,dac_bonus_paid,USD_internal_transfer,200000,69520460820,307.779626298,50.2990651822,0,0,0,322.935317294,787.870064109,1156.34647734,0.62771
trust_evidence_failure,conditional,5,dac_capacity_waiting_pledges,USD_pledge_principal,200000,69520460820,31053.1104485,0,0,0,0,0,60083.0100566,177645.195156,0.191735
trust_evidence_failure,conditional,5,dac_free_reserve,USD_reserve_state,200000,69520460820,2663.79010247,2500.43432663,325.880735604,672.640435051,1944.59305024,2543.67419773,3348.5834472,5067.71035983,1
trust_evidence_failure,conditional,5,dac_funding_lost_to_surcharge,USD,200000,69520460820,5712.41730049,48.9448070145,0.427432129634,1.03776262714,5.05896427055,577.298241581,5379.84777603,17344.3027971,0.993095
trust_evidence_failure,conditional,5,dac_gross_threshold,USD,200000,69520460820,1301354.99362,344031.193757,23403.310569,42287.7932972,114600.898519,1045574.41976,2787663.91074,5040780.42386,1
trust_evidence_failure,conditional,5,dac_incremental_funding_caused_by_bonus,USD,200000,69520460820,14.513610641,0.382299406568,0,0,0,3.91089202068,17.3376038108,46.4541973566,0.619385
trust_evidence_failure,conditional,5,dac_pledge_principal,USD,200000,69520460820,9818.62833512,2896.00789033,26.9799311629,80.0135219266,481.216814906,9448.58999531,20879.6454378,35750.8382979,1
trust_evidence_failure,conditional,5,dac_project_funding,USD,200000,69520460820,3745.70766452,941.687975254,24.8850357847,65.7038109422,274.69617789,2835.38875508,7732.00295448,14428.1008961,1
trust_evidence_failure,conditional,5,dac_project_target,USD,200000,69520460820,1163952.02091,319584.203109,22906.9292223,40946.7105934,108743.89962,953756.165249,2503004.0244,4491651.4377,1
trust_evidence_failure,conditional,5,dac_required_surcharge,USD_internal_threshold_component,200000,69520460820,137402.972709,16601.3166666,471.623087776,911.740667488,3093.63089559,87425.8359853,298700.968059,581674.676869,1
trust_evidence_failure,conditional,5,dac_reserve_cash,USD_reserve_state,200000,69520460820,2663.79010247,2500.43432663,325.880735604,672.640435051,1944.59305024,2543.67419773,3348.5834472,5067.71035983,1
trust_evidence_failure,conditional,5,dac_returned_or_cancelled_principal,USD,200000,69520460820,5568.60482995,929.027393084,0,0,0,5860.05463527,14290.2026817,20972.6897225,0.629325
trust_evidence_failure,conditional,5,dac_surcharge_inflow,USD_internal_transfer,200000,69520460820,504.315840647,48.5683236851,0.497700715694,1.31407621884,5.72542383742,341.300003142,1114.79689645,2128.9256498,1
trust_evidence_failure,conditional,5,lapsed_dac_projects,projects,200000,69520460820,176.2375625,105.658014041,20.0656648496,28.9599289961,53.5368293734,209.190737773,387.086414872,559.448721251,1
trust_evidence_failure,conditional,5,successful_dac_projects,projects,200000,69520460820,1.15112978705,0.364094990891,0.00840278040097,0.0252058037855,0.118753141833,0.832485221496,1.64761111171,2.51488426581,1
trust_evidence_failure,probability_weighted,1,_contributor_choice_principal,USD_pledge_principal,200000,69530460839,13463.5853316,218.441100171,0.790357629185,2.8388706907,23.2896022237,1804.08572442,10926.1511708,30151.5842503,1
trust_evidence_failure,probability_weighted,1,_gross_threshold,USD,200000,69530460839,88852.6743809,16915.765537,565.593156152,1257.71189833,4470.52204581,59720.2052777,180686.52242,348103.160193,1
trust_evidence_failure,probability_weighted,1,_mean_pledge,USD_per_contributor,200000,69530460839,121.646384455,74.6233522236,14.7735950979,21.2931486433,38.4611051743,145.530731423,264.394517103,379.286564832,1
trust_evidence_failure,probability_weighted,1,_potential_contributors,contributors,200000,69530460839,734.830172483,82.5200708947,1.33739395812,3.48454677892,16.5087636621,370.845372319,1324.40318371,2812.87165148,1
trust_evidence_failure,probability_weighted,1,_potential_pledge_principal,USD_pledge_principal,200000,69530460839,113973.246316,6002.14089243,64.4031838983,180.774201773,990.407249721,33588.0364803,150876.140465,365264.587722,1
trust_evidence_failure,probability_weighted,1,_project_target,USD,200000,69530460839,83348.2353644,16388.2438632,550.173418333,1223.14163819,4342.09405058,57343.649122,171365.244434,328318.762879,1
trust_evidence_failure,probability_weighted,1,_reserve_before,USD_reserve_state,200000,69530460839,2500,2500,2500,2500,2500,2500,2500,2500,1
trust_evidence_failure,probability_weighted,1,_reserve_capacity_probability,indicator,200000,69530460839,0.01365,0,0,0,0,0,0,0,0.01365
trust_evidence_failure,probability_weighted,1,_reserve_exhaustion_probability,indicator,200000,69530460839,0,0,0,0,0,0,0,0,0
trust_evidence_failure,probability_weighted,1,_stress_projected_liability,USD_internal_liability,200000,69530460839,630.531609161,40.5740956126,0,0,1.55857866621,346.560454452,1674.52676141,3555.98346668,0.82064
trust_evidence_failure,probability_weighted,1,_stress_projected_successful_target,USD,200000,69530460839,29171.8823775,5735.88535211,192.560696416,428.099573365,1519.7329177,20070.2771927,59977.8355518,114911.567008,1
trust_evidence_failure,probability_weighted,1,_surcharge_rate,proportion,200000,69530460839,0.0372640282988,0.0286491855298,0.028,0.028,0.0280249372587,0.0335449672712,0.0547924281825,0.0848957354669,1
trust_evidence_failure,probability_weighted,1,_willing_pledge,USD_pledge_principal,200000,69530460839,2603.31064364,49.5832242551,0,0,1.18871106423,612.630836984,4225.60256143,11636.2532633,0.82064
trust_evidence_failure,probability_weighted,1,dac_bonus_liability_locked,USD_internal_liability,200000,69530460839,116.969277458,2.68796514669,0,0,0.0633546839838,33.6637655832,234.008051714,651.051936942,0.82064
trust_evidence_failure,probability_weighted,1,dac_bonus_liability_released,USD_internal_liability,200000,69530460839,22.0324994896,1.3616300255,0,0,0.0558550691751,9.2494942373,41.9797147958,102.420425249,0.82064
trust_evidence_failure,probability_weighted,1,dac_bonus_paid,USD_internal_transfer,200000,69530460839,94.9367779685,7.87910840008e-16,0,0,0,19.7771330506,184.746337811,526.891729829,0.485675
trust_evidence_failure,probability_weighted,1,dac_capacity_waiting_pledges,USD_pledge_principal,200000,69530460839,507.393093238,0,0,0,0,0,0,0,0.01365
trust_evidence_failure,probability_weighted,1,dac_free_reserve,USD_reserve_state,200000,69530460839,2436.24754781,2500,2117.93617538,2365.26612839,2487.70896289,2500.17761971,2502.13136649,2507.11703918,1
trust_evidence_failure,probability_weighted,1,dac_funding_lost_to_surcharge,USD,200000,69530460839,220.414645408,0.56501674126,0,0,0.0234804461207,5.27630253453,45.4972715762,193.120629926,0.807075
trust_evidence_failure,probability_weighted,1,dac_gross_threshold,USD,200000,69530460839,88852.6743809,16915.765537,565.593156152,1257.71189833,4470.52204581,59720.2052777,180686.52242,348103.160193,1
trust_evidence_failure,probability_weighted,1,dac_incremental_funding_caused_by_bonus,USD,200000,69530460839,3.34041769802,0.0183574550989,0,0,0,0.395158770282,2.83989526583,8.25787203724,0.622315
trust_evidence_failure,probability_weighted,1,dac_pledge_principal,USD,200000,69530460839,2095.91755041,49.5832242551,0,0,1.18871106423,612.630836984,4225.60256143,11636.2532633,0.82064
trust_evidence_failure,probability_weighted,1,dac_project_funding,USD,200000,69530460839,364.154152118,24.3663630283,0,0,1.01410338019,162.686543423,715.231976143,1699.26837268,0.82064
trust_evidence_failure,probability_weighted,1,dac_project_target,USD,200000,69530460839,83348.2353644,16388.2438632,550.173418333,1223.14163819,4342.09405058,57343.649122,171365.244434,328318.762879,1
trust_evidence_failure,probability_weighted,1,dac_required_surcharge,USD_internal_threshold_component,200000,69530460839,5504.43901653,506.629080723,15.4825901908,34.6103656064,125.638162891,2070.64600439,8137.46785346,18908.9566822,1
trust_evidence_failure,probability_weighted,1,dac_reserve_cash,USD_reserve_state,200000,69530460839,2436.24754781,2500,2117.93617538,2365.26612839,2487.70896289,2500.17761971,2502.13136649,2507.11703918,1
trust_evidence_failure,probability_weighted,1,dac_returned_or_cancelled_principal,USD,200000,69530460839,1700.5790725,1.42108547152e-14,0,0,0,360.325739958,3337.01892962,9478.8175664,0.485725
trust_evidence_failure,probability_weighted,1,dac_surcharge_inflow,USD_internal_transfer,200000,69530460839,31.1843257828,0.707855740672,0,0,0.0284433511889,5.63667749541,39.0403216652,134.659210057,0.82064
trust_evidence_failure,probability_weighted,1,lapsed_dac_projects,projects,200000,69530460839,12.421484148,5.66719925403,0.345853042439,0.698948865957,2.04025722351,14.0472080969,29.6321482028,45.4602626953,1
trust_evidence_failure,probability_weighted,1,successful_dac_projects,projects,200000,69530460839,0.163182893316,0.00949849321007,0,0,0.000358074672255,0.0496253286576,0.169029128502,0.378513068641,0.82064
trust_evidence_failure,probability_weighted,2,_contributor_choice_principal,USD_pledge_principal,200000,69530460839,37980.3080689,636.015756133,2.29934961292,8.25933718513,67.6850541459,5084.12154547,28547.7159244,83308.9192822,1
trust_evidence_failure,probability_weighted,2,_gross_threshold,USD,200000,69530460839,256279.138891,48003.776077,1597.19575445,3550.87426348,12617.564769,171617.48423,521755.151262,1008599.5693,1
trust_evidence_failure,probability_weighted,2,_mean_pledge,USD_per_contributor,200000,69530460839,121.646384455,74.6233522236,14.7735950979,21.2931486433,38.4611051743,145.530731423,264.394517103,379.286564832,1
trust_evidence_failure,probability_weighted,2,_potential_contributors,contributors,200000,69530460839,2091.43972168,234.864817162,3.80642895773,9.91755621693,46.9864811922,1055.48298275,3769.45521519,8005.86546961,1
trust_evidence_failure,probability_weighted,2,_potential_pledge_principal,USD_pledge_principal,200000,69530460839,324385.39336,17083.0163862,183.301369557,514.511189662,2818.85140305,95596.7192131,429416.707477,1039599.21121,1
trust_evidence_failure,probability_weighted,2,_project_target,USD,200000,69530460839,237221.900653,46643.4633029,1565.87819064,3481.24927792,12358.2676824,163208.847501,487731.849543,934445.709732,1
trust_evidence_failure,probability_weighted,2,_reserve_before,USD_reserve_state,200000,69530460839,2436.24754781,2500,2117.93617538,2365.26612839,2487.70896289,2500.17761971,2502.13136649,2507.11703918,1
trust_evidence_failure,probability_weighted,2,_reserve_capacity_probability,indicator,200000,69530460839,0.043795,0,0,0,0,0,0,0,0.043795
trust_evidence_failure,probability_weighted,2,_reserve_exhaustion_probability,indicator,200000,69530460839,0,0,0,0,0,0,0,0,0
trust_evidence_failure,probability_weighted,2,_stress_projected_liability,USD_internal_liability,200000,69530460839,1805.66195471,115.381299466,0,0,4.43595466536,983.717610486,4770.49998985,10198.6852917,0.82064
trust_evidence_failure,probability_weighted,2,_stress_projected_successful_target,USD,200000,69530460839,83027.6652284,16325.212156,548.057366724,1218.43724727,4325.39368885,57123.0966253,170706.14734,327055.998406,1
trust_evidence_failure,probability_weighted,2,_surcharge_rate,proportion,200000,69530460839,0.0382858400511,0.02,0.02,0.02,0.02,0.0274267673682,0.114661010859,0.15,1
trust_evidence_failure,probability_weighted,2,_willing_pledge,USD_pledge_principal,200000,69530460839,7222.31874531,144.383468671,0,0,3.45493908459,1752.58343609,10784.308412,30733.1361397,0.82064
trust_evidence_failure,probability_weighted,2,dac_bonus_liability_locked,USD_internal_liability,200000,69530460839,177.983300791,7.82427301253,0,0,0.184735282905,96.1562813005,563.49146214,1173.80270985,0.82064
trust_evidence_failure,probability_weighted,2,dac_bonus_liability_released,USD_internal_liability,200000,69530460839,47.0867803867,3.91305297961,0,0,0.161565231934,26.3573433562,107.839095234,197.110986947,0.82064
trust_evidence_failure,probability_weighted,2,dac_bonus_paid,USD_internal_transfer,200000,69530460839,130.896520405,2.90650972294e-15,0,0,0,55.7195805556,400.996826049,901.478013257,0.487385
trust_evidence_failure,probability_weighted,2,dac_capacity_waiting_pledges,USD_pledge_principal,200000,69530460839,4014.72459156,0,0,0,0,0,0,0,0.043795
trust_evidence_failure,probability_weighted,2,dac_free_reserve,USD_reserve_state,200000,69530460839,2387.4158123,2500,1408.06378371,2091.09574168,2457.73961931,2500.55420903,2507.36712257,2530.73285413,1
trust_evidence_failure,probability_weighted,2,dac_funding_lost_to_surcharge,USD,200000,69530460839,925.161508304,1.1521188483,0,0,0.0513862941909,13.9608568294,196.527917184,1184.78294603,0.809875
trust_evidence_failure,probability_weighted,2,dac_gross_threshold,USD,200000,69530460839,256279.138891,48003.776077,1597.19575445,3550.87426348,12617.564769,171617.48423,521755.151262,1008599.5693,1
trust_evidence_failure,probability_weighted,2,dac_incremental_funding_caused_by_bonus,USD,200000,69530460839,4.11874015914,0.0364515253605,0,0,0,0.884553270704,5.37571004078,13.421600522,0.60151
trust_evidence_failure,probability_weighted,2,dac_pledge_principal,USD,200000,69530460839,3207.59415375,144.383468671,0,0,3.45493908459,1752.58343609,10106.6455733,21021.7837857,0.82064
trust_evidence_failure,probability_weighted,2,dac_project_funding,USD,200000,69530460839,764.53229242,70.579924988,0,0,2.95736455966,461.140980873,1749.12836768,3193.18118741,0.82064
trust_evidence_failure,probability_weighted,2,dac_project_target,USD,200000,69530460839,237221.900653,46643.4633029,1565.87819064,3481.24927792,12358.2676824,163208.847501,487731.849543,934445.709732,1
trust_evidence_failure,probability_weighted,2,dac_required_surcharge,USD_internal_threshold_component,200000,69530460839,19057.2382387,1082.92893018,31.3175638128,69.6249855583,251.131097364,5471.5471017,29347.9180674,73097.197433,1
trust_evidence_failure,probability_weighted,2,dac_reserve_cash,USD_reserve_state,200000,69530460839,2387.4158123,2500,1408.06378371,2091.09574168,2457.73961931,2500.55420903,2507.36712257,2530.73285413,1
trust_evidence_failure,probability_weighted,2,dac_returned_or_cancelled_principal,USD,200000,69530460839,2360.99707644,5.68434188608e-14,0,0,0,1013.87866619,7255.09302919,16217.2382011,0.487615
trust_evidence_failure,probability_weighted,2,dac_surcharge_inflow,USD_internal_transfer,200000,69530460839,82.0647848903,1.41595114132,0,0,0.0591472911931,13.9020976288,180.810027428,379.884024797,0.82064
trust_evidence_failure,probability_weighted,2,lapsed_dac_projects,projects,200000,69530460839,35.509774689,16.1688782348,0.982137792692,1.9869128038,5.81390516007,40.1761219478,84.8985455014,130.138579517,1
trust_evidence_failure,probability_weighted,2,successful_dac_projects,projects,200000,69530460839,0.308123813135,0.0274808487401,0,0,0.00104599307373,0.140214757996,0.429516270815,0.805190837992,0.82064
trust_evidence_failure,probability_weighted,3,_contributor_choice_principal,USD_pledge_principal,200000,69530460839,61469.418324,1048.3964901,3.79081963963,13.6168365172,111.588873051,7985.95286913,45911.829057,134710.091585,1
trust_evidence_failure,probability_weighted,3,_gross_threshold,USD,200000,69530460839,425643.550388,79756.257824,2633.21462221,5854.144056,20819.5703106,285488.304089,868428.499573,1678197.424,1
trust_evidence_failure,probability_weighted,3,_mean_pledge,USD_per_contributor,200000,69530460839,121.646384455,74.6233522236,14.7735950979,21.2931486433,38.4611051743,145.530731423,264.394517103,379.286564832,1
trust_evidence_failure,probability_weighted,3,_potential_contributors,contributors,200000,69530460839,3448.04927088,387.209563429,6.27546395734,16.3505656549,77.4641987224,1740.12059319,6214.50724666,13198.8592877,1
trust_evidence_failure,probability_weighted,3,_potential_pledge_principal,USD_pledge_principal,200000,69530460839,534797.540405,28163.8918799,302.199555215,848.248177551,4647.29555638,157605.401946,707957.27449,1713933.8347,1
trust_evidence_failure,probability_weighted,3,_project_target,USD,200000,69530460839,391095.565941,76898.6827426,2581.58296295,5739.35691765,20374.4413143,269074.04588,804098.454651,1540572.65658,1
trust_evidence_failure,probability_weighted,3,_reserve_before,USD_reserve_state,200000,69530460839,2387.4158123,2500,1408.06378371,2091.09574168,2457.73961931,2500.55420903,2507.36712257,2530.73285413,1
trust_evidence_failure,probability_weighted,3,_reserve_capacity_probability,indicator,200000,69530460839,0.06791,0,0,0,0,0,0,1,0.06791
trust_evidence_failure,probability_weighted,3,_reserve_exhaustion_probability,indicator,200000,69530460839,0,0,0,0,0,0,0,0,0
trust_evidence_failure,probability_weighted,3,_stress_projected_liability,USD_internal_liability,200000,69530460839,2994.39223983,190.144359795,0,0,7.31275628908,1620.05870706,7957.0645865,17037.5864077,0.82064
trust_evidence_failure,probability_weighted,3,_stress_projected_successful_target,USD,200000,69530460839,136883.448079,26914.5389599,903.554037031,2008.77492118,7131.05445999,94175.916058,281434.459128,539200.429805,1
trust_evidence_failure,probability_weighted,3,_surcharge_rate,proportion,200000,69530460839,0.0440320386131,0.02,0.02,0.02,0.02,0.0322920501094,0.15,0.15,1
trust_evidence_failure,probability_weighted,3,_willing_pledge,USD_pledge_principal,200000,69530460839,11755.2057124,238.034570423,0,0,5.69621957099,2802.09267411,16939.8208535,50532.0965667,0.82064
trust_evidence_failure,probability_weighted,3,dac_bonus_liability_locked,USD_internal_liability,200000,69530460839,209.294892087,12.8955647954,0,0,0.304563888217,153.861802123,641.486126781,1125.44345718,0.82064
trust_evidence_failure,probability_weighted,3,dac_bonus_liability_released,USD_internal_liability,200000,69530460839,71.1986511322,6.45132556227,0,0,0.266364380877,42.9967396345,141.494348765,283.247760317,0.82064
trust_evidence_failure,probability_weighted,3,dac_bonus_paid,USD_internal_transfer,200000,69530460839,138.096240955,3.26937599556e-15,0,0,0,87.5298888704,460.03718131,859.661821093,0.48573
trust_evidence_failure,probability_weighted,3,dac_capacity_waiting_pledges,USD_pledge_principal,200000,69530460839,7977.78689966,0,0,0,0,0,0,26351.8439039,0.06791
trust_evidence_failure,probability_weighted,3,dac_free_reserve,USD_reserve_state,200000,69530460839,2385.24788156,2500,873.252124596,1780.90434315,2421.74124882,2501.37296753,2519.28466198,2608.56812471,1
trust_evidence_failure,probability_weighted,3,dac_funding_lost_to_surcharge,USD,200000,69530460839,1618.10931822,1.94325469881,0,0,0.0894630989975,28.348087515,453.050002295,3020.60073456,0.811995
trust_evidence_failure,probability_weighted,3,dac_gross_threshold,USD,200000,69530460839,425643.550388,79756.257824,2633.21462221,5854.144056,20819.5703106,285488.304089,868428.499573,1678197.424,1
trust_evidence_failure,probability_weighted,3,dac_incremental_funding_caused_by_bonus,USD,200000,69530460839,5.18018767047,0.0408863751235,0,0,0,1.16838031916,6.54582461882,15.5497267693,0.58275
trust_evidence_failure,probability_weighted,3,dac_pledge_principal,USD,200000,69530460839,3777.41881278,238.034570423,0,0,5.69621957099,2802.09267411,11567.5160388,20204.1453013,0.82064
trust_evidence_failure,probability_weighted,3,dac_project_funding,USD,200000,69530460839,1144.21663515,116.366584897,0,0,4.87565512178,739.520364663,2314.51662346,4548.51152857,0.82064
trust_evidence_failure,probability_weighted,3,dac_project_target,USD,200000,69530460839,391095.565941,76898.6827426,2581.58296295,5739.35691765,20374.4413143,269074.04588,804098.454651,1540572.65658,1
trust_evidence_failure,probability_weighted,3,dac_required_surcharge,USD_internal_threshold_component,200000,69530460839,34547.984447,1860.62737225,51.6316592589,114.787138353,414.229975976,10826.2756657,58075.7186825,138461.284538,1
trust_evidence_failure,probability_weighted,3,dac_reserve_cash,USD_reserve_state,200000,69530460839,2385.24788156,2500,873.252124596,1780.90434315,2421.74124882,2501.37296753,2519.28466198,2608.56812471,1
trust_evidence_failure,probability_weighted,3,dac_returned_or_cancelled_principal,USD,200000,69530460839,2497.27386743,5.68434188608e-14,0,0,0,1592.60885127,8315.00399944,15475.641454,0.486065
trust_evidence_failure,probability_weighted,3,dac_surcharge_inflow,USD_internal_transfer,200000,69530460839,135.928310211,2.33149997711,0,0,0.0975131024357,27.0064777482,259.985364013,587.051416451,0.82064
trust_evidence_failure,probability_weighted,3,lapsed_dac_projects,projects,200000,69530460839,58.6363951116,26.6890830284,1.61836068809,3.27491600321,9.58514875225,66.3886173199,140.228923846,214.89551985,1
trust_evidence_failure,probability_weighted,3,successful_dac_projects,projects,200000,69530460839,0.414734851414,0.0452262243278,0,0,0.00172449415321,0.224039077943,0.620741404465,1.07182236086,0.82064
trust_evidence_failure,probability_weighted,4,_contributor_choice_principal,USD_pledge_principal,200000,69530460839,85218.9659762,1457.63861159,5.28228966177,18.9742807298,155.491317003,10510.4679894,63501.7834519,186052.137002,1
trust_evidence_failure,probability_weighted,4,_gross_threshold,USD,200000,69530460839,595903.428202,111838.759298,3669.23348996,8157.41384852,29060.9657882,400024.693679,1217325.131,2353688.1212,1
trust_evidence_failure,probability_weighted,4,_mean_pledge,USD_per_contributor,200000,69530460839,121.646384455,74.6233522236,14.7735950979,21.2931486433,38.4611051743,145.530731423,264.394517103,379.286564832,1
trust_evidence_failure,probability_weighted,4,_potential_contributors,contributors,200000,69530460839,4804.65882008,539.554309696,8.74449895694,22.783575093,107.941916252,2424.75820362,8659.55927813,18391.8531059,1
trust_evidence_failure,probability_weighted,4,_potential_pledge_principal,USD_pledge_principal,200000,69530460839,745209.687449,39244.7673736,421.097740874,1181.98516544,6475.73970971,219614.084679,986497.841502,2388268.45818,1
trust_evidence_failure,probability_weighted,4,_project_target,USD,200000,69530460839,544969.231229,107153.902182,3597.28773525,7997.46455738,28390.6149461,374939.244259,1120465.05976,2146699.60344,1
trust_evidence_failure,probability_weighted,4,_reserve_before,USD_reserve_state,200000,69530460839,2385.24788156,2500,873.252124596,1780.90434315,2421.74124882,2501.37296753,2519.28466198,2608.56812471,1
trust_evidence_failure,probability_weighted,4,_reserve_capacity_probability,indicator,200000,69530460839,0.088175,0,0,0,0,0,0,1,0.088175
trust_evidence_failure,probability_weighted,4,_reserve_exhaustion_probability,indicator,200000,69530460839,0,0,0,0,0,0,0,0,0
trust_evidence_failure,probability_weighted,4,_stress_projected_liability,USD_internal_liability,200000,69530460839,4180.26360011,264.955255451,0,0,10.1899063045,2260.79734608,11166.3687388,23740.8990927,0.82064
trust_evidence_failure,probability_weighted,4,_stress_projected_successful_target,USD,200000,69530460839,190739.23093,37503.8657638,1259.05070734,2799.11259508,9936.71523114,131228.735491,392162.770916,751344.861203,1
trust_evidence_failure,probability_weighted,4,_surcharge_rate,proportion,200000,69530460839,0.048755195651,0.02,0.02,0.02,0.02,0.0493254413997,0.15,0.15,1
trust_evidence_failure,probability_weighted,4,_willing_pledge,USD_pledge_principal,200000,69530460839,16292.084978,331.590448889,0,0,7.93735579778,3720.72390001,23362.9209778,70025.4345311,0.82064
trust_evidence_failure,probability_weighted,4,dac_bonus_liability_locked,USD_internal_liability,200000,69530460839,247.942277126,17.9646370274,0,0,0.424392303319,198.587421384,679.305819443,1095.6449078,0.82064
trust_evidence_failure,probability_weighted,4,dac_bonus_liability_released,USD_internal_liability,200000,69530460839,96.2777840852,8.9874109414,0,0,0.371163481552,55.5920400527,183.417210386,374.670481223,0.82064
trust_evidence_failure,probability_weighted,4,dac_bonus_paid,USD_internal_transfer,200000,69530460839,151.66449304,3.36394156925e-15,0,0,0,113.601945328,476.230742612,824.612393598,0.48373
trust_evidence_failure,probability_weighted,4,dac_capacity_waiting_pledges,USD_pledge_principal,200000,69530460839,11819.3601505,0,0,0,0,0,0,50603.6777521,0.088175
trust_evidence_failure,probability_weighted,4,dac_free_reserve,USD_reserve_state,200000,69530460839,2427.21531045,2500,625.389724446,1494.05478624,2387.07446513,2502.849941,2543.60367642,2842.00512868,1
trust_evidence_failure,probability_weighted,4,dac_funding_lost_to_surcharge,USD,200000,69530460839,2301.22983198,2.80785842383,0,0,0.128802996875,49.0711161776,916.571226762,4638.65751999,0.813335
trust_evidence_failure,probability_weighted,4,dac_gross_threshold,USD,200000,69530460839,595903.428202,111838.759298,3669.23348996,8157.41384852,29060.9657882,400024.693679,1217325.131,2353688.1212,1
trust_evidence_failure,probability_weighted,4,dac_incremental_funding_caused_by_bonus,USD,200000,69530460839,6.57197877843,0.0374076247902,0,0,0,1.33453149839,7.30586427245,17.3661814885,0.56591
trust_evidence_failure,probability_weighted,4,dac_pledge_principal,USD,200000,69530460839,4472.72482748,331.590448889,0,0,7.93735579778,3594.81823039,12250.14544,19728.7120306,0.82064
trust_evidence_failure,probability_weighted,4,dac_project_funding,USD,200000,69530460839,1537.08701113,162.079276156,0,0,6.7939456615,935.160048739,2984.45458151,5955.97342391,0.82064
trust_evidence_failure,probability_weighted,4,dac_project_target,USD,200000,69530460839,544969.231229,107153.902182,3597.28773525,7997.46455738,28390.6149461,374939.244259,1120465.05976,2146699.60344,1
trust_evidence_failure,probability_weighted,4,dac_required_surcharge,USD_internal_threshold_component,200000,69530460839,50934.1969734,2764.44295471,71.9457547051,159.949291148,585.445562818,17458.9273447,90025.5942171,206589.606597,1
trust_evidence_failure,probability_weighted,4,dac_reserve_cash,USD_reserve_state,200000,69530460839,2427.21531045,2500,625.389724446,1494.05478624,2387.07446513,2502.849941,2543.60367642,2842.00512868,1
trust_evidence_failure,probability_weighted,4,dac_returned_or_cancelled_principal,USD,200000,69530460839,2742.00589442,5.68434188608e-14,0,0,0,2051.53538562,8618.61432068,14889.7009072,0.484195
trust_evidence_failure,probability_weighted,4,dac_surcharge_inflow,USD_internal_transfer,200000,69530460839,193.631921934,3.26492854774,0,0,0.13587891323,50.3513731104,361.623951107,819.015159855,0.82064
trust_evidence_failure,probability_weighted,4,lapsed_dac_projects,projects,200000,69530460839,81.7592392755,37.219888288,2.25480063267,4.56278515801,13.3533330875,92.5954149854,195.632453902,299.748864063,1
trust_evidence_failure,probability_weighted,4,successful_dac_projects,projects,200000,69530460839,0.525122148355,0.062837709643,0,0,0.00240298366898,0.300163787048,0.78875035306,1.32448838847,0.82064
trust_evidence_failure,probability_weighted,5,_contributor_choice_principal,USD_pledge_principal,200000,69530460839,109058.68772,1862.61814759,6.77375968392,24.3317247014,199.394747686,12925.7264803,80935.2345694,237918.287067,1
trust_evidence_failure,probability_weighted,5,_gross_threshold,USD,200000,69530460839,766718.671237,144121.000783,4705.25235771,10460.683641,37418.9075262,515209.806978,1566852.69453,3028277.34257,1
trust_evidence_failure,probability_weighted,5,_mean_pledge,USD_per_contributor,200000,69530460839,121.646384455,74.6233522236,14.7735950979,21.2931486433,38.4611051743,145.530731423,264.394517103,379.286564832,1
trust_evidence_failure,probability_weighted,5,_potential_contributors,contributors,200000,69530460839,6161.26836928,691.899055963,11.2135339566,29.216584531,138.419633783,3109.39581406,11104.6113096,23584.846924,1
trust_evidence_failure,probability_weighted,5,_potential_pledge_principal,USD_pledge_principal,200000,69530460839,955621.834494,50325.6428673,539.995926532,1515.72215333,8304.18386304,281622.767412,1265038.40851,3062603.08167,1
trust_evidence_failure,probability_weighted,5,_project_target,USD,200000,69530460839,698842.896517,137409.121622,4612.99250756,10255.5721971,36406.7885779,480804.442638,1436831.66487,2752826.55029,1
trust_evidence_failure,probability_weighted,5,_reserve_before,USD_reserve_state,200000,69530460839,2427.21531045,2500,625.389724446,1494.05478624,2387.07446513,2502.849941,2543.60367642,2842.00512868,1
trust_evidence_failure,probability_weighted,5,_reserve_capacity_probability,indicator,200000,69530460839,0.10612,0,0,0,0,0,1,1,0.10612
trust_evidence_failure,probability_weighted,5,_reserve_exhaustion_probability,indicator,200000,69530460839,0,0,0,0,0,0,0,0,0
trust_evidence_failure,probability_weighted,5,_stress_projected_liability,USD_internal_liability,200000,69530460839,5364.86424523,339.766151108,0,0,13.0670563198,2908.67752541,14321.6327341,30444.2117777,0.82064
trust_evidence_failure,probability_weighted,5,_stress_projected_successful_target,USD,200000,69530460839,244595.013781,48093.1925677,1614.54737765,3589.45026899,12742.3760023,168281.554923,502891.082704,963489.292602,1
trust_evidence_failure,probability_weighted,5,_surcharge_rate,proportion,200000,69530460839,0.0527859165815,0.02,0.02,0.02,0.02,0.0799155095591,0.15,0.15,1
trust_evidence_failure,probability_weighted,5,_willing_pledge,USD_pledge_principal,200000,69530460839,20833.4475235,425.063117713,0,0,10.1784915541,4530.43769369,29913.9152198,89746.3053127,0.82064
trust_evidence_failure,probability_weighted,5,dac_bonus_liability_locked,USD_internal_liability,200000,69530460839,292.671587382,23.0212806092,0,0,0.544220718373,220.818418807,705.48960859,1130.84342733,0.82064
trust_evidence_failure,probability_weighted,5,dac_bonus_liability_released,USD_internal_liability,200000,69530460839,121.539117543,11.5190771683,0,0,0.475962582225,65.4876075333,228.148921329,470.306174762,0.82064
trust_evidence_failure,probability_weighted,5,dac_bonus_paid,USD_internal_transfer,200000,69530460839,171.132469839,3.39014150086e-15,0,0,0,123.733873389,490.20359959,801.792466031,0.481655
trust_evidence_failure,probability_weighted,5,dac_capacity_waiting_pledges,USD_pledge_principal,200000,69530460839,15558.2803484,0,0,0,0,0,5611.52545272,66061.358472,0.10612
trust_evidence_failure,probability_weighted,5,dac_free_reserve,USD_reserve_state,200000,69530460839,2508.47296134,2500,510.573116094,1274.89422658,2356.26441509,2505.23805513,2591.28705843,3251.34353614,1
trust_evidence_failure,probability_weighted,5,dac_funding_lost_to_surcharge,USD,200000,69530460839,2984.95445455,3.83017995863,0,0,0.169333938757,75.6426763586,1475.59338028,6151.20943374,0.814305
trust_evidence_failure,probability_weighted,5,dac_gross_threshold,USD,200000,69530460839,766718.671237,144121.000783,4705.25235771,10460.683641,37418.9075262,515209.806978,1566852.69453,3028277.34257,1
trust_evidence_failure,probability_weighted,5,dac_incremental_funding_caused_by_bonus,USD,200000,69530460839,7.8960747351,0.0311607068311,0,0,0,1.4303419926,7.86874280293,19.5134093077,0.551355
trust_evidence_failure,probability_weighted,5,dac_pledge_principal,USD,200000,69530460839,5275.16717516,425.063117713,0,0,10.1784915541,4009.95461245,12757.0956111,20592.9854114,0.82064
trust_evidence_failure,probability_weighted,5,dac_project_funding,USD,200000,69530460839,1932.04526036,207.371700186,0,0,8.71223620122,1097.5924391,3676.27533659,7429.7600296,0.82064
trust_evidence_failure,probability_weighted,5,dac_project_target,USD,200000,69530460839,698842.896517,137409.121622,4612.99250756,10255.5721971,36406.7885779,480804.442638,1436831.66487,2752826.55029,1
trust_evidence_failure,probability_weighted,5,dac_required_surcharge,USD_internal_threshold_component,200000,69530460839,67875.7747206,3821.92283569,92.2598501512,205.151955917,769.002818991,25219.4637028,123660.020045,277115.415905,1
trust_evidence_failure,probability_weighted,5,dac_reserve_cash,USD_reserve_state,200000,69530460839,2508.47296134,2500,510.573116094,1274.89422658,2356.26441509,2505.23805513,2591.28705843,3251.34353614,1
trust_evidence_failure,probability_weighted,5,dac_returned_or_cancelled_principal,USD,200000,69530460839,3090.73179407,5.68434188608e-14,0,0,0,2247.69052446,8875.38989726,14498.9797047,0.48228
trust_evidence_failure,probability_weighted,5,dac_surcharge_inflow,USD_internal_transfer,200000,69530460839,252.39012073,4.24138063233,0,0,0.174244724024,82.3265172345,476.404619883,1058.45107161,0.82064
trust_evidence_failure,probability_weighted,5,lapsed_dac_projects,projects,200000,69530460839,104.88310238,47.7628008028,2.89154864531,5.85180933389,17.1255468623,118.86074446,251.026172299,384.580912402,1
trust_evidence_failure,probability_weighted,5,successful_dac_projects,projects,200000,69530460839,0.634490504478,0.0801429521118,0,0,0.00308147317552,0.37084887284,0.948415743584,1.57707247329,0.82064
redirect_dominant,conditional,1,_contributor_choice_principal,USD_pledge_principal,200000,69520560823,98409.7131913,3121.18525839,25.8597108466,78.5662448846,464.15685682,19124.6208788,94231.3933648,247046.570211,1
redirect_dominant,conditional,1,_gross_threshold,USD,200000,69520560823,229305.447459,61790.580767,4311.11156496,7705.18171128,20548.6079811,183947.210425,490946.420194,888659.982986,1
redirect_dominant,conditional,1,_mean_pledge,USD_per_contributor,200000,69520560823,121.900212396,74.9423361008,14.8525074016,21.2927912726,38.6086553325,145.099788279,264.60261723,377.744189608,1
redirect_dominant,conditional,1,_potential_contributors,contributors,200000,69520560823,2562.07342572,485.449390416,23.3452881356,45.5776971421,139.739060299,1671.09395197,5050.47814246,9738.03948526,1
redirect_dominant,conditional,1,_potential_pledge_principal,USD_pledge_principal,200000,69520560823,411215.484936,36108.2009772,969.911141965,2148.76402601,8194.91506172,158757.442072,603597.26062,1344641.83453,1
redirect_dominant,conditional,1,_project_target,USD,200000,69520560823,212810.837219,58945.0312356,4187.48050314,7475.67506661,19848.7671014,173152.707384,456997.677847,822631.523453,1
redirect_dominant,conditional,1,_reserve_before,USD_reserve_state,200000,69520560823,2500,2500,2500,2500,2500,2500,2500,2500,1
redirect_dominant,conditional,1,_reserve_capacity_probability,indicator,200000,69520560823,0.0911,0,0,0,0,0,0,1,0.0911
redirect_dominant,conditional,1,_reserve_exhaustion_probability,indicator,200000,69520560823,0,0,0,0,0,0,0,0,0
redirect_dominant,conditional,1,_stress_projected_liability,USD_internal_liability,200000,69520560823,1437.21379033,508.64414572,8.71874255435,22.2470421,102.675062001,1975.79647247,4327.92885389,5932.12763195,1
redirect_dominant,conditional,1,_stress_projected_successful_target,USD,200000,69520560823,74483.7930266,20630.7609325,1465.6181761,2616.48627331,6947.06848547,60603.4475845,159949.187246,287921.033209,1
redirect_dominant,conditional,1,_surcharge_rate,proportion,200000,69520560823,0.0504309712765,0.0361383063315,0.0281394998809,0.0283559526736,0.029642800992,0.0596127435595,0.0972468616623,0.122914042111,1
redirect_dominant,conditional,1,_willing_pledge,USD_pledge_principal,200000,69520560823,12920.0872439,2274.99387203,18.6742379946,57.4960965751,341.798443394,12885.6118183,41627.3370664,65984.1382105,1
redirect_dominant,conditional,1,dac_bonus_liability_locked,USD_internal_liability,200000,69520560823,548.958418904,123.985267002,0.986059232422,3.06505266132,18.4034965728,710.585463263,2316.9154941,2500,1
redirect_dominant,conditional,1,dac_bonus_liability_released,USD_internal_liability,200000,69520560823,99.2906466986,23.2694490833,0.70424466972,1.61704230851,5.81934819078,99.2123087653,236.739865606,424.567826178,1
redirect_dominant,conditional,1,dac_bonus_paid,USD_internal_transfer,200000,69520560823,449.667772205,89.8819741967,0,0,5.1027749186,558.492864028,1798.13678353,2262.54807569,0.81818
redirect_dominant,conditional,1,dac_capacity_waiting_pledges,USD_pledge_principal,200000,69520560823,3021.03008714,0,0,0,0,0,0,21092.5039004,0.0911
redirect_dominant,conditional,1,dac_free_reserve,USD_reserve_state,200000,69520560823,2183.71069757,2447.31284093,651.317990747,1154.3756216,2108.36630562,2500.12085913,2507.43868417,2536.22708724,1
redirect_dominant,conditional,1,dac_funding_lost_to_surcharge,USD,200000,69520560823,1211.62444068,12.4121231919,0.0466243141314,0.283290831251,1.71103389722,117.081229509,1255.22768117,4071.91832976,0.962845
redirect_dominant,conditional,1,dac_gross_threshold,USD,200000,69520560823,229305.447459,61790.580767,4311.11156496,7705.18171128,20548.6079811,183947.210425,490946.420194,888659.982986,1
redirect_dominant,conditional,1,dac_incremental_funding_caused_by_bonus,USD,200000,69520560823,10.7846836313,0.189323097306,0,0,0,2.47172630418,13.7274878178,34.3342407141,0.6451
redirect_dominant,conditional,1,dac_pledge_principal,USD,200000,69520560823,9899.05715672,2274.99387203,18.6742379946,57.4960965751,341.798443394,12885.6118183,41627.3370664,43473.9734431,1
redirect_dominant,conditional,1,dac_project_funding,USD,200000,69520560823,1658.25949919,410.817551353,12.9585415034,29.4492995235,104.635701049,1686.29024284,3910.11043278,7032.48177412,1
redirect_dominant,conditional,1,dac_project_target,USD,200000,69520560823,212810.837219,58945.0312356,4187.48050314,7475.67506661,19848.7671014,173152.707384,456997.677847,822631.523453,1
redirect_dominant,conditional,1,dac_required_surcharge,USD_internal_threshold_component,200000,69520560823,16494.6102399,2425.9933657,123.807469802,229.520171959,671.161281643,9635.71807137,32540.923083,66088.7013335,1
redirect_dominant,conditional,1,dac_reserve_cash,USD_reserve_state,200000,69520560823,2183.71069757,2447.31284093,651.317990747,1154.3756216,2108.36630562,2500.12085913,2507.43868417,2536.22708724,1
redirect_dominant,conditional,1,dac_returned_or_cancelled_principal,USD,200000,69520560823,8107.41918775,1646.30105903,0,0,95.1888953077,10132.6398333,32116.883795,39122.2364926,0.818575
redirect_dominant,conditional,1,dac_surcharge_inflow,USD_internal_transfer,200000,69520560823,133.378469779,15.5704431341,0.366998389604,0.846359875277,3.21033288216,102.47668531,374.541568569,620.705959253,1
redirect_dominant,conditional,1,lapsed_dac_projects,projects,200000,69520560823,31.6148398115,18.7037560025,3.22100527206,4.85615770963,9.26587403784,37.4625175328,69.7250306607,101.584144164,1
redirect_dominant,conditional,1,successful_dac_projects,projects,200000,69520560823,0.967652995706,0.118937766846,0.0057213035087,0.014054699343,0.0420219917162,0.366981050728,1.24936708319,3.68499478216,1
redirect_dominant,conditional,2,_contributor_choice_principal,USD_pledge_principal,200000,69520560823,268132.46863,8722.67295841,75.2473106552,228.836773777,1353.48094546,48331.9531796,257014.423247,675512.224631,1
redirect_dominant,conditional,2,_gross_threshold,USD,200000,69520560823,672337.622379,179498.322598,12168.6184161,21791.3170727,58732.7162533,537093.163527,1443966.26837,2620739.98555,1
redirect_dominant,conditional,2,_mean_pledge,USD_per_contributor,200000,69520560823,121.900212396,74.9423361008,14.8525074016,21.2927912726,38.6086553325,145.099788279,264.60261723,377.744189608,1
redirect_dominant,conditional,2,_potential_contributors,contributors,200000,69520560823,7292.05513474,1381.66364964,66.4442816167,129.72113802,397.718863928,4756.19047868,14374.4377901,27715.958535,1
redirect_dominant,conditional,2,_potential_pledge_principal,USD_pledge_principal,200000,69520560823,1170382.53405,102769.495089,2760.51632713,6115.71299711,23323.9890218,451848.104357,1717930.66484,3827057.52903,1
redirect_dominant,conditional,2,_project_target,USD,200000,69520560823,605692.382853,167766.627363,11918.2137397,21276.9213434,56492.6448269,492819.244094,1300685.69849,2341335.87444,1
redirect_dominant,conditional,2,_reserve_before,USD_reserve_state,200000,69520560823,2183.71069757,2447.31284093,651.317990747,1154.3756216,2108.36630562,2500.12085913,2507.43868417,2536.22708724,1
redirect_dominant,conditional,2,_reserve_capacity_probability,indicator,200000,69520560823,0.23601,0,0,0,0,0,1,1,0.23601
redirect_dominant,conditional,2,_reserve_exhaustion_probability,indicator,200000,69520560823,0,0,0,0,0,0,0,0,0
redirect_dominant,conditional,2,_stress_projected_liability,USD_internal_liability,200000,69520560823,4104.15866428,1443.69503658,24.8127580421,63.3178825943,291.929055136,5632.05104447,12379.6856813,16967.9324643,1
redirect_dominant,conditional,2,_stress_projected_successful_target,USD,200000,69520560823,211992.333999,58718.319577,4171.3748089,7446.9224702,19772.4256894,172486.735433,455239.994471,819467.556055,1
redirect_dominant,conditional,2,_surcharge_rate,proportion,200000,69520560823,0.068355794029,0.038119836155,0.02,0.02,0.02,0.146537689234,0.15,0.15,1
redirect_dominant,conditional,2,_willing_pledge,USD_pledge_principal,200000,69520560823,35713.3748406,6345.38848803,54.3174277045,167.234900139,996.217191665,32775.5088169,116346.909442,186869.762192,1
redirect_dominant,conditional,2,dac_bonus_liability_locked,USD_internal_liability,200000,69520560823,625.815751528,346.536314375,2.87189033787,8.92266812455,53.6128052395,988.517832511,1682.05507815,1922.20645045,1
redirect_dominant,conditional,2,dac_bonus_liability_released,USD_internal_liability,200000,69520560823,178.527292299,65.1388469292,2.02656920699,4.65370771639,16.6720721894,159.147730364,408.972996193,762.53310929,1
redirect_dominant,conditional,2,dac_bonus_paid,USD_internal_transfer,200000,69520560823,447.288459229,202.681066705,0,0,13.1905597562,708.674100505,1359.9591792,1599.73027588,0.814185
redirect_dominant,conditional,2,dac_capacity_waiting_pledges,USD_pledge_principal,200000,69520560823,24345.3553286,0,0,0,0,0,92834.2311843,168623.147373,0.23601
redirect_dominant,conditional,2,dac_free_reserve,USD_reserve_state,200000,69520560823,2061.71201886,2339.10952459,383.7096359,541.468139611,1504.69214107,2500.75390943,2539.96102715,2893.36170705,1
redirect_dominant,conditional,2,dac_funding_lost_to_surcharge,USD,200000,69520560823,5384.20043369,41.6376283913,0.233889223009,0.746760506284,3.97126693076,1011.86588554,9144.36812136,25598.3067396,0.977635
redirect_dominant,conditional,2,dac_gross_threshold,USD,200000,69520560823,672337.622379,179498.322598,12168.6184161,21791.3170727,58732.7162533,537093.163527,1443966.26837,2620739.98555,1
redirect_dominant,conditional,2,dac_incremental_funding_caused_by_bonus,USD,200000,69520560823,8.94010501404,0.141918213997,0,0,0,3.13655217303,13.4628994715,28.1987804549,0.564165
redirect_dominant,conditional,2,dac_pledge_principal,USD,200000,69520560823,11368.019512,6324.02439486,54.3174277045,167.234900139,996.217191665,17844.244749,30268.8160235,35963.8085893,1
redirect_dominant,conditional,2,dac_project_funding,USD,200000,69520560823,2903.05567016,1130.61281326,37.6014138446,85.4262863809,302.045851793,2607.38818239,6615.7509616,12265.6647456,1
redirect_dominant,conditional,2,dac_project_target,USD,200000,69520560823,605692.382853,167766.627363,11918.2137397,21276.9213434,56492.6448269,492819.244094,1300685.69849,2341335.87444,1
redirect_dominant,conditional,2,dac_required_surcharge,USD_internal_threshold_component,200000,69520560823,66645.2395254,7585.69219584,244.38712644,468.70524191,1556.61239764,41091.5209601,144644.021974,285508.419605,1
redirect_dominant,conditional,2,dac_reserve_cash,USD_reserve_state,200000,69520560823,2061.71201886,2339.10952459,383.7096359,541.468139611,1504.69214107,2500.75390943,2539.96102715,2893.36170705,1
redirect_dominant,conditional,2,dac_returned_or_cancelled_principal,USD,200000,69520560823,8139.67406134,3684.48925182,0,0,247.214361252,12845.4075245,24499.080613,28977.0446657,0.815655
redirect_dominant,conditional,2,dac_surcharge_inflow,USD_internal_transfer,200000,69520560823,325.289780519,46.3516302572,0.752028276893,1.70998030675,6.49853475237,288.703412648,788.119532615,1501.15837927,1
redirect_dominant,conditional,2,lapsed_dac_projects,projects,200000,69520560823,91.282419387,54.4835039038,9.65845497938,14.3242823881,27.057648267,108.493736532,200.78748718,291.289284794,1
redirect_dominant,conditional,2,successful_dac_projects,projects,200000,69520560823,1.45236783344,0.313286388517,0.0167402143309,0.0407784047291,0.120152863505,0.731629239268,1.66978005821,3.67350973746,1
redirect_dominant,conditional,3,_contributor_choice_principal,USD_pledge_principal,200000,69520560823,433518.016265,13407.3945396,124.056760323,377.273145876,2227.75389482,77717.6124805,406646.18062,1074207.24097,1
redirect_dominant,conditional,3,_gross_threshold,USD,200000,69520560823,1118116.75721,299626.050493,20068.2502684,36097.2057163,98465.4774399,896913.140107,2401069.49288,4349377.05605,1
redirect_dominant,conditional,3,_mean_pledge,USD_per_contributor,200000,69520560823,121.900212396,74.9423361008,14.8525074016,21.2927912726,38.6086553325,145.099788279,264.60261723,377.744189608,1
redirect_dominant,conditional,3,_potential_contributors,contributors,200000,69520560823,12022.0368438,2277.87790887,109.543275098,213.864578897,655.698667558,7841.28700538,23698.3974377,45693.8775847,1
redirect_dominant,conditional,3,_potential_pledge_principal,USD_pledge_principal,200000,69520560823,1929549.58316,169430.789201,4551.1215123,10082.6619682,38453.0629819,744938.766643,2832264.06906,6309473.22354,1
redirect_dominant,conditional,3,_project_target,USD,200000,69520560823,998573.928488,276588.22349,19648.9469763,35078.1676202,93136.5225525,812485.780803,2144373.71913,3860040.22543,1
redirect_dominant,conditional,3,_reserve_before,USD_reserve_state,200000,69520560823,2061.71201886,2339.10952459,383.7096359,541.468139611,1504.69214107,2500.75390943,2539.96102715,2893.36170705,1
redirect_dominant,conditional,3,_reserve_capacity_probability,indicator,200000,69520560823,0.317565,0,0,0,0,1,1,1,0.317565
redirect_dominant,conditional,3,_reserve_exhaustion_probability,indicator,200000,69520560823,0,0,0,0,0,0,0,0,0
redirect_dominant,conditional,3,_stress_projected_liability,USD_internal_liability,200000,69520560823,6800.70351216,2381.74866683,40.9075200154,104.374203053,481.024352078,9390.23522515,20523.5122487,28033.4824897,1
redirect_dominant,conditional,3,_stress_projected_successful_target,USD,200000,69520560823,349500.874971,96805.8782216,6877.13144169,12277.3586671,32597.7828934,284370.023281,750530.801695,1351014.0789,1
redirect_dominant,conditional,3,_surcharge_rate,proportion,200000,69520560823,0.0807478041654,0.0601396634271,0.02,0.02,0.02,0.15,0.15,0.15,1
redirect_dominant,conditional,3,_willing_pledge,USD_pledge_principal,200000,69520560823,58151.3407337,9784.73032566,89.5507661469,275.711647129,1640.58728377,52960.2156776,189997.628898,306584.436437,1
redirect_dominant,conditional,3,dac_bonus_liability_locked,USD_internal_liability,200000,69520560823,702.816219144,387.866049044,4.73473912528,14.7104116872,88.2125999301,899.949115561,1478.55495481,2313.44002863,1
redirect_dominant,conditional,3,dac_bonus_liability_released,USD_internal_liability,200000,69520560823,264.327958907,82.4059401587,3.34110100567,7.67286842397,27.3929348875,215.878308733,585.775552791,1089.99215229,1
redirect_dominant,conditional,3,dac_bonus_paid,USD_internal_transfer,200000,69520560823,438.488260237,255.142588656,0,0,23.5915074451,635.190365428,1106.67184074,1326.66107334,0.817665
redirect_dominant,conditional,3,dac_capacity_waiting_pledges,USD_pledge_principal,200000,69520560823,45376.4637425,0,0,0,0,28457.3327827,163953.789462,279683.430052,0.317565
redirect_dominant,conditional,3,dac_free_reserve,USD_reserve_state,200000,69520560823,2153.4110343,2238.31846192,279.326138801,408.179967781,1144.43773198,2503.92117527,2718.30765565,3966.42712065,1
redirect_dominant,conditional,3,dac_funding_lost_to_surcharge,USD,200000,69520560823,9292.0594853,102.377169762,0.512025506117,1.39934387921,7.23094499155,2706.16865552,16056.4829079,44333.2391047,0.985145
redirect_dominant,conditional,3,dac_gross_threshold,USD,200000,69520560823,1118116.75721,299626.050493,20068.2502684,36097.2057163,98465.4774399,896913.140107,2401069.49288,4349377.05605,1
redirect_dominant,conditional,3,dac_incremental_funding_caused_by_bonus,USD,200000,69520560823,9.7171631645,0.0067680107775,0,0,0,2.83196425079,11.9608262542,25.3127780412,0.503415
redirect_dominant,conditional,3,dac_pledge_principal,USD,200000,69520560823,12774.8769912,7078.83513169,89.5507661469,275.711647129,1640.58728377,16335.9897573,27271.9849487,41782.2209151,1
redirect_dominant,conditional,3,dac_project_funding,USD,200000,69520560823,4247.52252517,1365.68068327,61.991523681,140.829090325,493.630478322,3523.57708125,9380.71476763,17317.3410356,1
redirect_dominant,conditional,3,dac_project_target,USD,200000,69520560823,998573.928488,276588.22349,19648.9469763,35078.1676202,93136.5225525,812485.780803,2144373.71913,3860040.22543,1
redirect_dominant,conditional,3,dac_required_surcharge,USD_internal_threshold_component,200000,69520560823,119542.828726,16637.707664,403.370713738,791.584762025,2851.35432674,81345.4105517,263438.525727,502292.795914,1
redirect_dominant,conditional,3,dac_reserve_cash,USD_reserve_state,200000,69520560823,2153.4110343,2238.31846192,279.326138801,408.179967781,1144.43773198,2503.92117527,2718.30765565,3966.42712065,1
redirect_dominant,conditional,3,dac_returned_or_cancelled_principal,USD,200000,69520560823,7997.16719035,4614.33718264,0,0,440.91197316,11552.9817034,20087.9298995,24896.6352914,0.81946
redirect_dominant,conditional,3,dac_surcharge_inflow,USD_internal_transfer,200000,69520560823,530.187275674,108.65394019,1.23983047362,2.81915672194,10.8386044756,405.190603691,1233.9642294,2361.2816333,1
redirect_dominant,conditional,3,lapsed_dac_projects,projects,200000,69520560823,151.095741873,90.5398666622,16.0263608172,23.7835249541,44.988908597,179.925963828,331.928970019,481.143321729,1
redirect_dominant,conditional,3,successful_dac_projects,projects,200000,69520560823,1.79133976119,0.462547011086,0.0275913102706,0.0670983010656,0.193390998763,0.980694616016,2.0027826835,3.57445263563,1
redirect_dominant,conditional,4,_contributor_choice_principal,USD_pledge_principal,200000,69520560823,601689.334794,17140.1514254,172.865977559,525.708495383,3088.27350328,106836.789831,561506.075782,1485894.47315,1
redirect_dominant,conditional,4,_gross_threshold,USD,200000,69520560823,1564930.49442,421200.55469,28036.3487182,50849.160113,138645.185435,1258701.64918,3364032.36252,6084527.60882,1
redirect_dominant,conditional,4,_mean_pledge,USD_per_contributor,200000,69520560823,121.900212396,74.9423361008,14.8525074016,21.2927912726,38.6086553325,145.099788279,264.60261723,377.744189608,1
redirect_dominant,conditional,4,_potential_contributors,contributors,200000,69520560823,16752.0185528,3174.0921681,152.642268579,298.008019775,913.678471187,10926.3835321,33022.3570853,63671.7966344,1
redirect_dominant,conditional,4,_potential_pledge_principal,USD_pledge_principal,200000,69520560823,2688716.63227,236092.083313,6341.72669746,14049.6109393,53582.136942,1038029.42893,3946597.47328,8791888.91805,1
redirect_dominant,conditional,4,_project_target,USD,200000,69520560823,1391455.47412,385409.819618,27379.6802128,48879.413897,129780.400278,1132152.31751,2988061.73977,5378744.57642,1
redirect_dominant,conditional,4,_reserve_before,USD_reserve_state,200000,69520560823,2153.4110343,2238.31846192,279.326138801,408.179967781,1144.43773198,2503.92117527,2718.30765565,3966.42712065,1
redirect_dominant,conditional,4,_reserve_capacity_probability,indicator,200000,69520560823,0.370375,0,0,0,0,1,1,1,0.370375
redirect_dominant,conditional,4,_reserve_exhaustion_probability,indicator,200000,69520560823,0,0,0,0,0,0,0,0,0
redirect_dominant,conditional,4,_stress_projected_liability,USD_internal_liability,200000,69520560823,9491.39843729,3334.53396715,57.0022819886,145.439463271,670.279834863,13127.7176351,28598.3367399,39063.049371,1
redirect_dominant,conditional,4,_stress_projected_successful_target,USD,200000,69520560823,487009.415943,134893.436866,9582.88807449,17107.794864,45423.1400973,396253.311129,1045821.60892,1882560.60175,1
redirect_dominant,conditional,4,_surcharge_rate,proportion,200000,69520560823,0.0893827040867,0.107757360269,0.02,0.02,0.02,0.15,0.15,0.15,1
redirect_dominant,conditional,4,_willing_pledge,USD_pledge_principal,200000,69520560823,80681.5089377,12613.5340084,124.783854583,384.185415318,2274.9629095,73435.9325246,264080.270065,426986.370478,1
redirect_dominant,conditional,4,dac_bonus_liability_locked,USD_internal_liability,200000,69520560823,863.922549222,391.034565774,6.59758730573,20.497400626,122.176683549,889.299825841,1755.42097632,3189.04450709,1
redirect_dominant,conditional,4,dac_bonus_liability_released,USD_internal_liability,200000,69520560823,359.390794744,96.0194433454,4.65563254896,10.6886743041,36.7503468339,281.927760533,783.302589242,1481.54212156,1
redirect_dominant,conditional,4,dac_bonus_paid,USD_internal_transfer,200000,69520560823,504.531754478,245.456893576,0,0,31.1756261638,622.565454267,1065.38362481,1707.50482521,0.81559
redirect_dominant,conditional,4,dac_capacity_waiting_pledges,USD_pledge_principal,200000,69520560823,65002.0827986,0,0,0,0,49933.2646799,229136.786367,386245.407918,0.370375
redirect_dominant,conditional,4,dac_free_reserve,USD_reserve_state,200000,69520560823,2403.63752594,2180.99964289,230.914238855,352.847897843,978.370744381,2514.54580607,3304.27030067,5576.84947322,1
redirect_dominant,conditional,4,dac_funding_lost_to_surcharge,USD,200000,69520560823,13078.7639145,196.09147154,0.756677918117,2.02633128921,11.2138652638,3997.10220624,22382.7986274,61761.6503672,0.986765
redirect_dominant,conditional,4,dac_gross_threshold,USD,200000,69520560823,1564930.49442,421200.55469,28036.3487182,50849.160113,138645.185435,1258701.64918,3364032.36252,6084527.60882,1
redirect_dominant,conditional,4,dac_incremental_funding_caused_by_bonus,USD,200000,69520560823,12.5425161885,0,0,0,0,2.54668575826,11.4452825943,27.5500927835,0.461045
redirect_dominant,conditional,4,dac_pledge_principal,USD,200000,69520560823,15679.426139,7155.33679163,124.783854583,384.185415318,2274.9629095,16195.3106748,31816.049185,57465.0054061,1
redirect_dominant,conditional,4,dac_project_funding,USD,200000,69520560823,5739.9758629,1602.03650674,86.3816313589,196.158266297,637.574055536,4568.52970816,12466.1477799,23440.1683636,1
redirect_dominant,conditional,4,dac_project_target,USD,200000,69520560823,1391455.47412,385409.819618,27379.6802128,48879.413897,129780.400278,1132152.31751,2988061.73977,5378744.57642,1
redirect_dominant,conditional,4,dac_required_surcharge,USD_internal_threshold_component,200000,69520560823,173475.020298,27814.571966,580.783580297,1182.82142278,4620.90703458,123775.664376,382340.014943,720753.665244,1
redirect_dominant,conditional,4,dac_reserve_cash,USD_reserve_state,200000,69520560823,2403.63752594,2180.99964289,230.914238855,352.847897843,978.370744381,2514.54580607,3304.27030067,5576.84947322,1
redirect_dominant,conditional,4,dac_returned_or_cancelled_principal,USD,200000,69520560823,9184.69203,4481.5195345,0,0,581.667662151,11296.3118774,19685.263484,30997.4074543,0.81792
redirect_dominant,conditional,4,dac_surcharge_inflow,USD_internal_transfer,200000,69520560823,754.758246118,144.647012984,1.72763262718,3.93209052124,16.1186531489,563.273019801,1722.77857648,3309.13227149,1
redirect_dominant,conditional,4,lapsed_dac_projects,projects,200000,69520560823,210.755423061,126.513744438,22.1512366545,33.0702163031,62.8591760492,251.12289931,462.770746528,670.752370538,1
redirect_dominant,conditional,4,successful_dac_projects,projects,200000,69520560823,2.28395298561,0.593433031594,0.0384357612856,0.0931782657856,0.261279333865,1.21576762699,2.39634740849,3.95797341851,1
redirect_dominant,conditional,5,_contributor_choice_principal,USD_pledge_principal,200000,69520560823,770969.995528,20785.0317212,221.675194753,673.815936191,3927.90337493,136295.576311,718511.347534,1905272.80715,1
redirect_dominant,conditional,5,_gross_threshold,USD,200000,69520560823,2011997.52558,544024.783695,36190.7217236,66135.5141976,179023.399101,1621922.29333,4326349.39761,7814824.00052,1
redirect_dominant,conditional,5,_mean_pledge,USD_per_contributor,200000,69520560823,121.900212396,74.9423361008,14.8525074016,21.2927912726,38.6086553325,145.099788279,264.60261723,377.744189608,1
redirect_dominant,conditional,5,_potential_contributors,contributors,200000,69520560823,21482.0002618,4070.30642733,195.74126206,382.151460653,1171.65827482,14011.4800588,42346.3167329,81649.7156841,1
redirect_dominant,conditional,5,_potential_pledge_principal,USD_pledge_principal,200000,69520560823,3447883.68138,302753.377424,8132.33188263,18016.5599104,68711.2109021,1331120.09122,5060930.8775,11274304.6126,1
redirect_dominant,conditional,5,_project_target,USD,200000,69520560823,1784337.01976,494231.415745,35110.4134494,62680.6601738,166424.278004,1451818.85422,3831749.76041,6897448.92741,1
redirect_dominant,conditional,5,_reserve_before,USD_reserve_state,200000,69520560823,2403.63752594,2180.99964289,230.914238855,352.847897843,978.370744381,2514.54580607,3304.27030067,5576.84947322,1
redirect_dominant,conditional,5,_reserve_capacity_probability,indicator,200000,69520560823,0.410025,0,0,0,0,1,1,1,0.410025
redirect_dominant,conditional,5,_reserve_exhaustion_probability,indicator,200000,69520560823,0,0,0,0,0,0,0,0,0
redirect_dominant,conditional,5,_stress_projected_liability,USD_internal_liability,200000,69520560823,12177.8662512,4306.5883199,73.0970439619,186.504723489,859.535317648,16834.3673203,36673.1612312,50092.6162522,1
redirect_dominant,conditional,5,_stress_projected_successful_target,USD,200000,69520560823,624517.956915,172980.995511,12288.6447073,21938.2310608,58248.4973013,508136.598978,1341112.41614,2414107.12459,1
redirect_dominant,conditional,5,_surcharge_rate,proportion,200000,69520560823,0.0959261443037,0.15,0.02,0.02,0.02,0.15,0.15,0.15,1
redirect_dominant,conditional,5,_willing_pledge,USD_pledge_principal,200000,69520560823,103266.830829,15238.4095222,160.016942936,492.594865039,2885.22824153,94122.8369938,338582.202226,547511.233178,1
redirect_dominant,conditional,5,dac_bonus_liability_locked,USD_internal_liability,200000,69520560823,1065.66073196,409.177196733,8.46043548618,26.275581837,141.260621159,915.595612602,2264.44588808,4258.01616081,1
redirect_dominant,conditional,5,dac_bonus_liability_released,USD_internal_liability,200000,69520560823,458.016439418,115.86058081,5.97016409219,13.6960663151,41.7208438544,354.390335948,992.634264367,1898.22687037,1
redirect_dominant,conditional,5,dac_bonus_paid,USD_internal_transfer,200000,69520560823,607.644292547,247.588732514,0,0,37.6020983854,622.235257841,1293.14018446,2333.15235919,0.81343
redirect_dominant,conditional,5,dac_capacity_waiting_pledges,USD_pledge_principal,200000,69520560823,83951.4573136,0,0,0,0,64312.1191335,292851.643807,492449.061823,0.410025
redirect_dominant,conditional,5,dac_free_reserve,USD_reserve_state,200000,69520560823,2781.68669628,2167.79074104,206.865673089,332.794709232,923.626615384,2542.48214589,4181.54839162,7488.86600179,1
redirect_dominant,conditional,5,dac_funding_lost_to_surcharge,USD,200000,69520560823,16823.9480593,326.327927902,0.992307251211,2.65255753753,16.949003331,5215.72098591,28586.4901843,78964.6710064,0.98754
redirect_dominant,conditional,5,dac_gross_threshold,USD,200000,69520560823,2011997.52558,544024.783695,36190.7217236,66135.5141976,179023.399101,1621922.29333,4326349.39761,7814824.00052,1
redirect_dominant,conditional,5,dac_incremental_funding_caused_by_bonus,USD,200000,69520560823,15.5721782294,0,0,0,0,2.27820901749,11.4618557413,33.0372841548,0.42886
redirect_dominant,conditional,5,dac_pledge_principal,USD,200000,69520560823,19315.3735155,7483.60111762,160.016942936,492.594865039,2590.42396416,16733.6102191,40958.4390677,76840.6023637,1
redirect_dominant,conditional,5,dac_project_funding,USD,200000,69520560823,7290.39068358,1923.89636831,110.771739037,251.150685387,715.489540415,5714.53457459,15746.4852721,29893.7304664,1
redirect_dominant,conditional,5,dac_project_target,USD,200000,69520560823,1784337.01976,494231.415745,35110.4134494,62680.6601738,166424.278004,1451818.85422,3831749.76041,6897448.92741,1
redirect_dominant,conditional,5,dac_required_surcharge,USD_internal_threshold_component,200000,69520560823,227660.505818,40418.5035273,791.512668381,1661.94684971,7060.19529991,167411.710726,501823.765686,940449.505802,1
redirect_dominant,conditional,5,dac_reserve_cash,USD_reserve_state,200000,69520560823,2781.68669628,2167.79074104,206.865673089,332.794709232,923.626615384,2542.48214589,4181.54839162,7488.86600179,1
redirect_dominant,conditional,5,dac_returned_or_cancelled_principal,USD,200000,69520560823,11039.2893691,4531.25743262,0,0,702.90969668,11359.7463813,23482.9706728,42148.8434477,0.816245
redirect_dominant,conditional,5,dac_surcharge_inflow,USD_internal_transfer,200000,69520560823,985.693462887,181.842993563,2.21551776439,5.06568814232,23.1532604362,741.13303884,2232.10170806,4299.51954277,1
redirect_dominant,conditional,5,lapsed_dac_projects,projects,200000,69520560823,270.37133801,162.381973886,28.3364692897,42.4279930807,80.7378150316,322.227812103,593.594985098,860.16341334,1
redirect_dominant,conditional,5,successful_dac_projects,projects,200000,69520560823,2.82033245077,0.716993224982,0.0492457444409,0.118772541572,0.32355144218,1.46310403045,2.86165358114,4.61943098115,1
redirect_dominant,probability_weighted,1,_contributor_choice_principal,USD_pledge_principal,200000,69530560842,62569.2773793,948.235744652,3.42129714389,12.4306478856,102.272944329,7710.59518264,45982.1192468,130270.528647,1
redirect_dominant,probability_weighted,1,_gross_threshold,USD,200000,69530560842,132986.308307,26076.3740708,865.756218629,1912.98902597,6860.6515454,92268.3427534,276529.999256,530147.731425,1
redirect_dominant,probability_weighted,1,_mean_pledge,USD_per_contributor,200000,69530560842,122.12653883,75.0273748591,14.8306879437,21.1696562977,38.6662286456,145.908220755,265.758197435,379.856845135,1
redirect_dominant,probability_weighted,1,_potential_contributors,contributors,200000,69530560842,1594.15107616,178.996877859,2.90384235447,7.56205460419,36.2662197198,801.395210867,2883.35668607,6036.84707166,1
redirect_dominant,probability_weighted,1,_potential_pledge_principal,USD_pledge_principal,200000,69530560842,246568.885773,13080.6634549,139.803220018,397.661080684,2163.19983548,72740.006891,324028.599065,774750.974267,1
redirect_dominant,probability_weighted,1,_project_target,USD,200000,69530560842,125135.859831,25212.9026127,841.828929606,1860.03460712,6658.81568855,88348.0333239,262399.286801,499378.932233,1
redirect_dominant,probability_weighted,1,_reserve_before,USD_reserve_state,200000,69530560842,2500,2500,2500,2500,2500,2500,2500,2500,1
redirect_dominant,probability_weighted,1,_reserve_capacity_probability,indicator,200000,69530560842,0.040705,0,0,0,0,0,0,0,0.040705
redirect_dominant,probability_weighted,1,_reserve_exhaustion_probability,indicator,200000,69530560842,0,0,0,0,0,0,0,0,0
redirect_dominant,probability_weighted,1,_stress_projected_liability,USD_internal_liability,200000,69530560842,710.867637651,86.1985980387,0,0,3.29399045104,659.244588689,2305.79227212,3798.63197745,0.819375
redirect_dominant,probability_weighted,1,_stress_projected_successful_target,USD,200000,69530560842,43797.5509408,8824.51591446,294.640125362,651.012112491,2330.58549099,30921.8116634,91839.7503803,174782.626282,1
redirect_dominant,probability_weighted,1,_surcharge_rate,proportion,200000,69530560842,0.0392009903421,0.0293791775686,0.028,0.028,0.0280527038472,0.038547913419,0.0648926763539,0.0887781116392,1
redirect_dominant,probability_weighted,1,_willing_pledge,USD_pledge_principal,200000,69530560842,6498.23532679,297.565286875,0,0,6.94083966848,3474.56047345,18942.5325728,38411.1391271,0.819375
redirect_dominant,probability_weighted,1,dac_bonus_liability_locked,USD_internal_liability,200000,69530560842,290.970204598,16.1691979072,0,0,0.371590377228,190.673727959,1053.93771582,2135.90002639,0.819375
redirect_dominant,probability_weighted,1,dac_bonus_liability_released,USD_internal_liability,200000,69530560842,53.65570799,4.34252917164,0,0,0.230142007319,30.644949249,148.235089305,248.750990995,0.819375
redirect_dominant,probability_weighted,1,dac_bonus_paid,USD_internal_transfer,200000,69530560842,237.314496608,7.67642292101,0,0,0,147.858242275,820.38744792,1685.21934931,0.642475
redirect_dominant,probability_weighted,1,dac_capacity_waiting_pledges,USD_pledge_principal,200000,69530560842,1254.0578298,0,0,0,0,0,0,0,0.040705
redirect_dominant,probability_weighted,1,dac_free_reserve,USD_reserve_state,200000,69530560842,2328.43070417,2497.20867536,1199.6914118,1883.60461393,2399.59349271,2500,2501.67086357,2508.44716127,1
redirect_dominant,probability_weighted,1,dac_funding_lost_to_surcharge,USD,200000,69530560842,545.144525754,1.51325601698,0,0,0.0379951982069,20.6236156614,239.062531788,1139.00172891,0.79128
redirect_dominant,probability_weighted,1,dac_gross_threshold,USD,200000,69530560842,132986.308307,26076.3740708,865.756218629,1912.98902597,6860.6515454,92268.3427534,276529.999256,530147.731425,1
redirect_dominant,probability_weighted,1,dac_incremental_funding_caused_by_bonus,USD,200000,69530560842,6.49852479857,0.0116886339265,0,0,0,0.667380761686,5.80546817578,17.85312566,0.55532
redirect_dominant,probability_weighted,1,dac_pledge_principal,USD,200000,69530560842,5244.17749699,297.565286875,0,0,6.94083966848,3474.56047345,18942.5325728,38411.1391271,0.819375
redirect_dominant,probability_weighted,1,dac_project_funding,USD,200000,69530560842,902.150272022,77.5497526186,0,0,4.19101859689,534.421722278,2457.12902405,4139.35511801,0.819375
redirect_dominant,probability_weighted,1,dac_project_target,USD,200000,69530560842,125135.859831,25212.9026127,841.828929606,1860.03460712,6658.81568855,88348.0333239,262399.286801,499378.932233,1
redirect_dominant,probability_weighted,1,dac_required_surcharge,USD_internal_threshold_component,200000,69530560842,7850.44847656,825.762765221,23.7964134729,53.0596781257,197.53412655,3549.11042094,13564.6702144,29945.8730004,1
redirect_dominant,probability_weighted,1,dac_reserve_cash,USD_reserve_state,200000,69530560842,2328.43070417,2497.20867536,1199.6914118,1883.60461393,2399.59349271,2500,2501.67086357,2508.44716127,1
redirect_dominant,probability_weighted,1,dac_returned_or_cancelled_principal,USD,200000,69530560842,4276.28202419,142.209673141,0,0,0,2699.43730172,14778.5904171,30255.0443392,0.64261
redirect_dominant,probability_weighted,1,dac_surcharge_inflow,USD_internal_transfer,200000,69530560842,65.7452007815,2.33264611576,0,0,0.117765638986,21.4008110712,160.115799112,358.93685251,0.819375
redirect_dominant,probability_weighted,1,lapsed_dac_projects,projects,200000,69530560842,18.6910707546,8.41219290977,0.47322029093,0.985452468374,2.94295262713,21.1318210636,45.1956794703,69.5589228837,1
redirect_dominant,probability_weighted,1,successful_dac_projects,projects,200000,69530560842,0.530927556369,0.0273974147598,0,0,0.00170073873123,0.136592801193,0.583366178926,1.65591415196,0.819375
redirect_dominant,probability_weighted,2,_contributor_choice_principal,USD_pledge_principal,200000,69530560842,172390.164076,2760.73054961,9.93599769417,36.1370510541,297.710524597,20849.0351949,126195.741155,359667.746231,1
redirect_dominant,probability_weighted,2,_gross_threshold,USD,200000,69530560842,387481.321284,74498.7526618,2443.89413872,5399.82354405,19382.1520667,266793.996115,804708.450327,1543407.95427,1
redirect_dominant,probability_weighted,2,_mean_pledge,USD_per_contributor,200000,69530560842,122.12653883,75.0273748591,14.8306879437,21.1696562977,38.6662286456,145.908220755,265.758197435,379.856845135,1
redirect_dominant,probability_weighted,2,_potential_contributors,contributors,200000,69530560842,4537.19921677,509.452652368,8.26478208579,21.5227707965,103.219240741,2280.8940617,8206.47672189,17181.7955116,1
redirect_dominant,probability_weighted,2,_potential_pledge_principal,USD_pledge_principal,200000,69530560842,701772.982586,37229.5806023,397.901472359,1131.80461426,6156.79953175,207029.250382,922235.243493,2205060.46522,1
redirect_dominant,probability_weighted,2,_project_target,USD,200000,69530560842,356155.908749,71759.799744,2395.9746458,5293.94465103,18952.0138828,251452.094845,746828.739356,1421309.26866,1
redirect_dominant,probability_weighted,2,_reserve_before,USD_reserve_state,200000,69530560842,2328.43070417,2497.20867536,1199.6914118,1883.60461393,2399.59349271,2500,2501.67086357,2508.44716127,1
redirect_dominant,probability_weighted,2,_reserve_capacity_probability,indicator,200000,69530560842,0.123385,0,0,0,0,0,1,1,0.123385
redirect_dominant,probability_weighted,2,_reserve_exhaustion_probability,indicator,200000,69530560842,0,0,0,0,0,0,0,0,0
redirect_dominant,probability_weighted,2,_stress_projected_liability,USD_internal_liability,200000,69530560842,2028.26637342,244.720568331,0,0,9.37415325139,1873.85179724,6579.97244479,10852.7038667,0.819375
redirect_dominant,probability_weighted,2,_stress_projected_successful_target,USD,200000,69530560842,124654.568062,25115.9299104,838.591126031,1852.88062786,6633.20485898,88008.2331958,261390.058775,497458.244032,1
redirect_dominant,probability_weighted,2,_surcharge_rate,proportion,200000,69530560842,0.0457529229682,0.02,0.02,0.02,0.02,0.0482549908394,0.15,0.15,1
redirect_dominant,probability_weighted,2,_willing_pledge,USD_pledge_principal,200000,69530560842,17950.4984812,867.626460889,0,0,20.2093752397,9539.37393868,49542.4565997,106674.7131,0.819375
redirect_dominant,probability_weighted,2,dac_bonus_liability_locked,USD_internal_liability,200000,69530560842,370.35923261,47.1893221254,0,0,1.07972609782,482.627619239,1338.04403164,1735.21906592,0.819375
redirect_dominant,probability_weighted,2,dac_bonus_liability_released,USD_internal_liability,200000,69530560842,97.053222121,12.472075496,0,0,0.661839967438,84.4795634815,217.715330278,435.752452542,0.819375
redirect_dominant,probability_weighted,2,dac_bonus_paid,USD_internal_transfer,200000,69530560842,273.306010489,21.4066883594,0,0,0,315.149655264,1031.11055384,1433.85146404,0.641865
redirect_dominant,probability_weighted,2,dac_capacity_waiting_pledges,USD_pledge_principal,200000,69530560842,11235.2092942,0,0,0,0,0,16127.7821012,82252.8829125,0.123385
redirect_dominant,probability_weighted,2,dac_free_reserve,USD_reserve_state,200000,69530560842,2216.44731039,2489.56246964,490.143364293,1011.93318998,2167.58337459,2500,2505.79499205,2540.51330608,1
redirect_dominant,probability_weighted,2,dac_funding_lost_to_surcharge,USD,200000,69530560842,2596.33010112,3.23697218479,0,0,0.0971113591604,73.6171791654,2515.09960151,9104.85727186,0.79837
redirect_dominant,probability_weighted,2,dac_gross_threshold,USD,200000,69530560842,387481.321284,74498.7526618,2443.89413872,5399.82354405,19382.1520667,266793.996115,804708.450327,1543407.95427,1
redirect_dominant,probability_weighted,2,dac_incremental_funding_caused_by_bonus,USD,200000,69530560842,6.26320685381,0.00428806052414,0,0,0,1.12803782407,7.88551447538,18.8445065524,0.514135
redirect_dominant,probability_weighted,2,dac_pledge_principal,USD,200000,69530560842,6715.28918701,867.626460889,0,0,20.2093752397,8724.3809652,24083.7235897,31149.9412404,0.819375
redirect_dominant,probability_weighted,2,dac_project_funding,USD,200000,69530560842,1593.96689006,224.476838561,0,0,12.1202340327,1389.2869624,3569.78207219,7086.97628925,0.819375
redirect_dominant,probability_weighted,2,dac_project_target,USD,200000,69530560842,356155.908749,71759.799744,2395.9746458,5293.94465103,18952.0138828,251452.094845,746828.739356,1421309.26866,1
redirect_dominant,probability_weighted,2,dac_required_surcharge,USD_internal_threshold_component,200000,69530560842,31325.4125346,1889.39789552,47.9194929161,105.878893021,399.654059361,11403.5829186,56762.5051284,131897.112293,1
redirect_dominant,probability_weighted,2,dac_reserve_cash,USD_reserve_state,200000,69530560842,2216.44731039,2489.56246964,490.143364293,1011.93318998,2167.58337459,2500,2505.79499205,2540.51330608,1
redirect_dominant,probability_weighted,2,dac_returned_or_cancelled_principal,USD,200000,69530560842,4959.99968025,395.374896156,0,0,0,5749.19320512,18645.7550841,25781.8773428,0.64251
redirect_dominant,probability_weighted,2,dac_surcharge_inflow,USD_internal_transfer,200000,69530560842,161.3226167,4.66116827596,0,0,0.242404680655,72.830149734,371.867569426,778.874516796,0.819375
redirect_dominant,probability_weighted,2,lapsed_dac_projects,projects,200000,69530560842,53.8416386875,24.3439227717,1.36586119211,2.83729083478,8.49609089262,61.238688804,130.34057417,199.845860271,1
redirect_dominant,probability_weighted,2,successful_dac_projects,projects,200000,69530560842,0.867125736097,0.0787466931758,0,0,0.00494481220318,0.345670979573,0.992588410467,2.13827136767,0.819375
redirect_dominant,probability_weighted,3,_contributor_choice_principal,USD_pledge_principal,200000,69530560842,278751.655164,4529.36682195,16.3809691715,59.5777081166,490.853862382,31808.7717248,199027.823369,571334.70013,1
redirect_dominant,probability_weighted,3,_gross_threshold,USD,200000,69530560842,644214.30806,124449.670475,4029.12276924,8902.41178884,32031.9253074,445317.257928,1340929.14674,2573059.42661,1
redirect_dominant,probability_weighted,3,_mean_pledge,USD_per_contributor,200000,69530560842,122.12653883,75.0273748591,14.8306879437,21.1696562977,38.6662286456,145.908220755,265.758197435,379.856845135,1
redirect_dominant,probability_weighted,3,_potential_contributors,contributors,200000,69530560842,7480.24735738,839.908426876,13.6257218171,35.4834869889,170.172261762,3760.39291253,13529.5967577,28326.7439516,1
redirect_dominant,probability_weighted,3,_potential_pledge_principal,USD_pledge_principal,200000,69530560842,1156977.0794,61378.4977497,655.9997247,1865.94814783,10150.399228,341318.493873,1520441.88792,3635369.95617,1
redirect_dominant,probability_weighted,3,_project_target,USD,200000,69530560842,587175.957668,118306.696875,3950.120362,8727.85469494,31245.212077,414556.156366,1231258.19191,2343239.60509,1
redirect_dominant,probability_weighted,3,_reserve_before,USD_reserve_state,200000,69530560842,2216.44731039,2489.56246964,490.143364293,1011.93318998,2167.58337459,2500,2505.79499205,2540.51330608,1
redirect_dominant,probability_weighted,3,_reserve_capacity_probability,indicator,200000,69530560842,0.17564,0,0,0,0,0,1,1,0.17564
redirect_dominant,probability_weighted,3,_reserve_exhaustion_probability,indicator,200000,69530560842,0,0,0,0,0,0,0,0,0
redirect_dominant,probability_weighted,3,_stress_projected_liability,USD_internal_liability,200000,69530560842,3360.2161598,403.171353611,0,0,15.4526711864,3092.37082476,10972.436962,18000.5143871,0.819375
redirect_dominant,probability_weighted,3,_stress_projected_successful_target,USD,200000,69530560842,205511.585184,41407.3439063,1382.5421267,3054.74914323,10935.824227,145094.654728,430940.367169,820133.861782,1
redirect_dominant,probability_weighted,3,_surcharge_rate,proportion,200000,69530560842,0.054178773477,0.02,0.02,0.02,0.02,0.0877413578242,0.15,0.15,1
redirect_dominant,probability_weighted,3,_willing_pledge,USD_pledge_principal,200000,69530560842,29154.2825657,1429.39117006,0,0,33.3186527679,14353.244803,81138.9328569,173929.487619,0.819375
redirect_dominant,probability_weighted,3,dac_bonus_liability_locked,USD_internal_liability,200000,69530560842,405.675936976,77.6849678653,0,0,1.78009467443,503.307403252,1146.87731346,1513.44248992,0.819375
redirect_dominant,probability_weighted,3,dac_bonus_liability_released,USD_internal_liability,200000,69530560842,140.507344435,20.5392271703,0,0,1.09116045918,95.474128757,297.308945805,613.195509765,0.819375
redirect_dominant,probability_weighted,3,dac_bonus_paid,USD_internal_transfer,200000,69530560842,265.16859254,36.468431306,0,0,0,349.780395855,864.806370851,1147.21200941,0.64361
redirect_dominant,probability_weighted,3,dac_capacity_waiting_pledges,USD_pledge_principal,200000,69530560842,21784.5582122,0,0,0,0,0,61302.4253566,151459.75636,0.17564
redirect_dominant,probability_weighted,3,dac_free_reserve,USD_reserve_state,200000,69530560842,2214.94522276,2482.79273372,339.273916587,654.537439065,1911.73848344,2500.01699506,2517.94208388,2706.36333608,1
redirect_dominant,probability_weighted,3,dac_funding_lost_to_surcharge,USD,200000,69530560842,4569.2681104,5.69757444789,0,0,0.187791928773,203.331199906,5335.75886567,16545.2442059,0.80316
redirect_dominant,probability_weighted,3,dac_gross_threshold,USD,200000,69530560842,644214.30806,124449.670475,4029.12276924,8902.41178884,32031.9253074,445317.257928,1340929.14674,2573059.42661,1
redirect_dominant,probability_weighted,3,dac_incremental_funding_caused_by_bonus,USD,200000,69530560842,6.64701068652,0,0,0,0,1.16694819567,7.58868158948,16.9026477999,0.478515
redirect_dominant,probability_weighted,3,dac_pledge_principal,USD,200000,69530560842,7369.72435351,1429.39117006,0,0,33.3186527679,9161.22670982,20765.9174778,28039.0040863,0.819375
redirect_dominant,probability_weighted,3,dac_project_funding,USD,200000,69530560842,2278.23659858,368.768736844,0,0,19.982007563,1586.11650846,4831.35091218,9884.19683898,0.819375
redirect_dominant,probability_weighted,3,dac_project_target,USD,200000,69530560842,587175.957668,118306.696875,3950.120362,8727.85469494,31245.212077,414556.156366,1231258.19191,2343239.60509,1
redirect_dominant,probability_weighted,3,dac_required_surcharge,USD_internal_threshold_component,200000,69530560842,57038.3503921,3430.08519591,79.00240724,174.557093899,666.137481875,24035.4830346,111270.630842,244278.270561,1
redirect_dominant,probability_weighted,3,dac_reserve_cash,USD_reserve_state,200000,69530560842,2214.94522276,2482.79273372,339.273916587,654.537439065,1911.73848344,2500.01699506,2517.94208388,2706.36333608,1
redirect_dominant,probability_weighted,3,dac_returned_or_cancelled_principal,USD,200000,69530560842,4827.82125001,676.259736269,0,0,0,6383.96012492,15647.3493864,20786.9063,0.644495
redirect_dominant,probability_weighted,3,dac_surcharge_inflow,USD_internal_transfer,200000,69530560842,263.666504916,7.70343002265,0,0,0.39964015126,149.032383139,557.964492303,1225.20643675,0.819375
redirect_dominant,probability_weighted,3,lapsed_dac_projects,projects,200000,69530560842,89.0908207806,40.3860113919,2.27315821153,4.70368846364,14.0662763327,101.580260332,215.659972458,330.308836099,1
redirect_dominant,probability_weighted,3,successful_dac_projects,projects,200000,69530560842,1.10470975555,0.127634773368,0,0,0.00815237089449,0.489159924066,1.2339937825,2.3341274264,0.819375
redirect_dominant,probability_weighted,4,_contributor_choice_principal,USD_pledge_principal,200000,69530560842,386778.896227,6200.88854512,22.8259406488,83.0181181517,683.986490738,43583.3957261,273876.455296,789185.048725,1
redirect_dominant,probability_weighted,4,_gross_threshold,USD,200000,69530560842,901481.426919,174659.215558,5614.35139976,12405.0000336,44924.1803565,624516.186279,1876444.4896,3602671.57658,1
redirect_dominant,probability_weighted,4,_mean_pledge,USD_per_contributor,200000,69530560842,122.12653883,75.0273748591,14.8306879437,21.1696562977,38.6662286456,145.908220755,265.758197435,379.856845135,1
redirect_dominant,probability_weighted,4,_potential_contributors,contributors,200000,69530560842,10423.295498,1170.36420138,18.9866615484,49.4442031812,237.125282783,5239.89176336,18852.7167935,39471.6923916,1
redirect_dominant,probability_weighted,4,_potential_pledge_principal,USD_pledge_principal,200000,69530560842,1612181.17621,85527.4148972,914.097977042,2600.0916814,14143.9989243,475607.737364,2118648.53235,5065679.44713,1
redirect_dominant,probability_weighted,4,_project_target,USD,200000,69530560842,818196.006586,164853.594006,5504.2660782,12161.7647388,43538.4102713,577660.217887,1715687.64447,3265169.94152,1
redirect_dominant,probability_weighted,4,_reserve_before,USD_reserve_state,200000,69530560842,2214.94522276,2482.79273372,339.273916587,654.537439065,1911.73848344,2500.01699506,2517.94208388,2706.36333608,1
redirect_dominant,probability_weighted,4,_reserve_capacity_probability,indicator,200000,69530560842,0.212,0,0,0,0,0,1,1,0.212
redirect_dominant,probability_weighted,4,_reserve_exhaustion_probability,indicator,200000,69530560842,0,0,0,0,0,0,0,0,0
redirect_dominant,probability_weighted,4,_stress_projected_liability,USD_internal_liability,200000,69530560842,4691.47490325,561.796148474,0,0,21.5324106696,4332.29626105,15310.5798638,25082.683982,0.819375
redirect_dominant,probability_weighted,4,_stress_projected_successful_target,USD,200000,69530560842,286368.602305,57698.7579022,1926.49312737,4256.6176586,15238.443595,202181.076261,600490.675563,1142809.47953,1
redirect_dominant,probability_weighted,4,_surcharge_rate,proportion,200000,69530560842,0.0604067237606,0.02,0.02,0.02,0.02,0.15,0.15,0.15,1
redirect_dominant,probability_weighted,4,_willing_pledge,USD_pledge_principal,200000,69530560842,40391.7780741,1987.87976946,0,0,46.4276314013,18662.5179401,112869.291592,241831.872111,0.819375
redirect_dominant,probability_weighted,4,dac_bonus_liability_locked,USD_internal_liability,200000,69530560842,480.739536022,108.027239409,0,0,2.48045979364,512.047983009,1083.32978927,1804.48617804,0.819375
redirect_dominant,probability_weighted,4,dac_bonus_liability_released,USD_internal_liability,200000,69530560842,189.421265313,28.4691875329,0,0,1.5204694923,114.27709683,386.58384053,811.927155736,0.819375
redirect_dominant,probability_weighted,4,dac_bonus_paid,USD_internal_transfer,200000,69530560842,291.318270709,49.5714004668,0,0,0,350.828935858,800.629216195,1080.04685109,0.642565
redirect_dominant,probability_weighted,4,dac_capacity_waiting_pledges,USD_pledge_principal,200000,69530560842,31662.4055049,0,0,0,0,0,88215.1115944,213319.49377,0.212
redirect_dominant,probability_weighted,4,dac_free_reserve,USD_reserve_state,200000,69530560842,2302.38163557,2480.69355568,275.849649717,520.13636876,1700.21705738,2500.22394434,2551.31885006,3275.99949709,1
redirect_dominant,probability_weighted,4,dac_funding_lost_to_surcharge,USD,200000,69530560842,6460.32404805,8.4719989898,0,0,0.274650688184,424.876712556,7662.90246743,23289.9999343,0.80483
redirect_dominant,probability_weighted,4,dac_gross_threshold,USD,200000,69530560842,901481.426919,174659.215558,5614.35139976,12405.0000336,44924.1803565,624516.186279,1876444.4896,3602671.57658,1
redirect_dominant,probability_weighted,4,dac_incremental_funding_caused_by_bonus,USD,200000,69530560842,8.15363947308,0,0,0,0,1.11531845292,7.20659319313,16.1740423422,0.45021
redirect_dominant,probability_weighted,4,dac_pledge_principal,USD,200000,69530560842,8729.37256922,1987.87976946,0,0,46.4276314013,9341.14363175,19726.2095511,32767.2102776,0.819375
redirect_dominant,probability_weighted,4,dac_project_funding,USD,200000,69530560842,3048.65701697,504.639622861,0,0,27.8437810304,1887.49716119,6265.55223441,12909.6821367,0.819375
redirect_dominant,probability_weighted,4,dac_project_target,USD,200000,69530560842,818196.006586,164853.594006,5504.2660782,12161.7647388,43538.4102713,577660.217887,1715687.64447,3265169.94152,1
redirect_dominant,probability_weighted,4,dac_required_surcharge,USD_internal_threshold_component,200000,69530560842,83285.4203328,5476.5172171,110.085321564,243.411438284,965.961342076,38825.1138818,166666.147355,357188.569314,1
redirect_dominant,probability_weighted,4,dac_reserve_cash,USD_reserve_state,200000,69530560842,2302.38163557,2480.69355568,275.849649717,520.13636876,1700.21705738,2500.22394434,2551.31885006,3275.99949709,1
redirect_dominant,probability_weighted,4,dac_returned_or_cancelled_principal,USD,200000,69530560842,5301.96086873,916.023349309,0,0,0,6395.58157131,14512.1337553,20045.7024262,0.64353
redirect_dominant,probability_weighted,4,dac_surcharge_inflow,USD_internal_transfer,200000,69530560842,378.754683519,11.2167601265,0,0,0.556875620608,182.341798783,780.293475292,1710.87292819,0.819375
redirect_dominant,probability_weighted,4,lapsed_dac_projects,projects,200000,69530560842,124.264795049,56.3912005523,3.10845059525,6.47861126482,19.5558527675,141.820732583,300.801966823,460.545409801,1
redirect_dominant,probability_weighted,4,successful_dac_projects,projects,200000,69530560842,1.41750159966,0.172820552142,0,0,0.011359861165,0.609586260723,1.48270822307,2.6344319744,0.819375
redirect_dominant,probability_weighted,5,_contributor_choice_principal,USD_pledge_principal,200000,69530560842,495476.538616,7734.43799493,29.2709121261,106.458527983,877.039459006,55399.9779623,350053.191965,1009668.51918,1
redirect_dominant,probability_weighted,5,_gross_threshold,USD,200000,69530560842,1158965.10219,225263.298589,7199.58003028,15909.5589771,58061.4377601,805822.93567,2417270.38781,4627488.20863,1
redirect_dominant,probability_weighted,5,_mean_pledge,USD_per_contributor,200000,69530560842,122.12653883,75.0273748591,14.8306879437,21.1696562977,38.6662286456,145.908220755,265.758197435,379.856845135,1
redirect_dominant,probability_weighted,5,_potential_contributors,contributors,200000,69530560842,13366.3436386,1500.81997589,24.3476012797,63.4049193736,304.078303804,6719.39061419,24175.8368294,50616.6408316,1
redirect_dominant,probability_weighted,5,_potential_pledge_principal,USD_pledge_principal,200000,69530560842,2067385.27302,109676.332045,1172.19622938,3334.23521497,18137.5986206,609896.980855,2716855.17678,6495988.93808,1
redirect_dominant,probability_weighted,5,_project_target,USD,200000,69530560842,1049216.0555,211400.491138,7058.41179439,15595.6747828,55831.6084655,740764.279408,2200117.09702,4187100.27795,1
redirect_dominant,probability_weighted,5,_reserve_before,USD_reserve_state,200000,69530560842,2302.38163557,2480.69355568,275.849649717,520.13636876,1700.21705738,2500.22394434,2551.31885006,3275.99949709,1
redirect_dominant,probability_weighted,5,_reserve_capacity_probability,indicator,200000,69530560842,0.239855,0,0,0,0,0,1,1,0.239855
redirect_dominant,probability_weighted,5,_reserve_exhaustion_probability,indicator,200000,69530560842,0,0,0,0,0,0,0,0,0
redirect_dominant,probability_weighted,5,_stress_projected_liability,USD_internal_liability,200000,69530560842,6021.03107814,720.420943338,0,0,27.6121501528,5594.00353736,19633.5671194,32164.8535769,0.819375
redirect_dominant,probability_weighted,5,_stress_projected_successful_target,USD,200000,69530560842,367225.619427,73990.1718982,2470.44412804,5458.48617397,19541.0629629,259267.497793,770040.983958,1465485.09728,1
redirect_dominant,probability_weighted,5,_surcharge_rate,proportion,200000,69530560842,0.0654433832918,0.02,0.02,0.02,0.02,0.15,0.15,0.15,1
redirect_dominant,probability_weighted,5,_willing_pledge,USD_pledge_principal,200000,69530560842,51653.7322775,2536.40059409,0,0,59.5366096798,23506.0082587,144668.790812,309971.299798,0.819375
redirect_dominant,probability_weighted,5,dac_bonus_liability_locked,USD_internal_liability,200000,69530560842,577.201431279,130.379639376,0,0,3.18082491184,525.123973178,1161.76854788,2308.36892502,0.819375
redirect_dominant,probability_weighted,5,dac_bonus_liability_released,USD_internal_liability,200000,69530560842,240.124969461,33.6098864064,0,0,1.94977852542,138.627359488,485.973403949,1024.85984086,0.819375
redirect_dominant,probability_weighted,5,dac_bonus_paid,USD_internal_transfer,200000,69530560842,337.076461818,61.8384631649,0,0,0,355.217483761,782.374874768,1294.47900936,0.641495
redirect_dominant,probability_weighted,5,dac_capacity_waiting_pledges,USD_pledge_principal,200000,69530560842,41182.2443002,0,0,0,0,0,113034.106829,272610.706935,0.239855
redirect_dominant,probability_weighted,5,dac_free_reserve,USD_reserve_state,200000,69530560842,2462.69013582,2482.80988669,241.615087895,460.012775358,1551.97902284,2500.88073738,2633.43234595,4154.21004455,1
redirect_dominant,probability_weighted,5,dac_funding_lost_to_surcharge,USD,200000,69530560842,8331.30974565,12.0402347287,0,0,0.358688869159,737.485304133,9921.46223479,29787.137773,0.80526
redirect_dominant,probability_weighted,5,dac_gross_threshold,USD,200000,69530560842,1158965.10219,225263.298589,7199.58003028,15909.5589771,58061.4377601,805822.93567,2417270.38781,4627488.20863,1
redirect_dominant,probability_weighted,5,dac_incremental_funding_caused_by_bonus,USD,200000,69530560842,9.87836436398,0,0,0,0,1.03768752529,6.95626548494,16.5028746091,0.42775
redirect_dominant,probability_weighted,5,dac_pledge_principal,USD,200000,69530560842,10471.4879773,2375.76277537,0,0,59.5366096798,9546.90854521,21241.8782584,41591.6057556,0.819375
redirect_dominant,probability_weighted,5,dac_project_funding,USD,200000,69530560842,3847.17549468,581.655751668,0,0,35.7055544978,2283.9349098,7812.13593766,16241.8981053,0.819375
redirect_dominant,probability_weighted,5,dac_project_target,USD,200000,69530560842,1049216.0555,211400.491138,7058.41179439,15595.6747828,55831.6084655,740764.279408,2200117.09702,4187100.27795,1
redirect_dominant,probability_weighted,5,dac_required_surcharge,USD_internal_threshold_component,200000,69530560842,109749.046682,8104.82514338,141.168235888,313.976335708,1310.15456836,54825.0508626,223521.148147,469208.986084,1
redirect_dominant,probability_weighted,5,dac_reserve_cash,USD_reserve_state,200000,69530560842,2462.69013582,2482.80988669,241.615087895,460.012775358,1551.97902284,2500.88073738,2633.43234595,4154.21004455,1
redirect_dominant,probability_weighted,5,dac_returned_or_cancelled_principal,USD,200000,69530560842,6126.92752057,1142.07217899,0,0,0,6467.50752168,14269.8316916,23562.5942885,0.64282
redirect_dominant,probability_weighted,5,dac_surcharge_inflow,USD_internal_transfer,200000,69530560842,497.384962066,15.65214454,0,0,0.714111089956,233.465978232,1020.24998297,2235.06614749,0.819375
redirect_dominant,probability_weighted,5,lapsed_dac_projects,projects,200000,69530560842,159.424719641,72.4374311254,3.96567535011,8.29951258671,25.0962293639,181.956313204,385.800748997,590.583833322,1
redirect_dominant,probability_weighted,5,successful_dac_projects,projects,200000,69530560842,1.74434311987,0.21389074357,0,0,0.0145656737349,0.722936078329,1.74394621219,3.03669637559,0.819375
direct_trade_underperformance,conditional,1,_contributor_choice_principal,USD_pledge_principal,200000,69520660826,99204.9050305,3105.72865044,26.1337657248,77.2672800099,463.29933848,18986.3215969,91960.0223987,240617.230098,1
direct_trade_underperformance,conditional,1,_gross_threshold,USD,200000,69520660826,232107.819359,61736.0091569,4321.42318948,7731.33454414,20658.3023542,184709.783319,499811.072363,897397.831676,1
direct_trade_underperformance,conditional,1,_mean_pledge,USD_per_contributor,200000,69520660826,121.853163228,74.9345246802,14.7624935042,21.1720491422,38.5077750751,145.699154954,263.675898186,379.087420582,1
direct_trade_underperformance,conditional,1,_potential_contributors,contributors,200000,69520660826,2567.30263377,486.559096716,23.2588582208,45.3971901134,139.936329837,1670.23946313,5070.90676241,9763.82751844,1
direct_trade_underperformance,conditional,1,_potential_pledge_principal,USD_pledge_principal,200000,69520660826,403945.164893,36319.3550895,961.670839269,2130.82078212,8162.07330386,159391.363091,610934.619722,1332554.01888,1
direct_trade_underperformance,conditional,1,_project_target,USD,200000,69520660826,212878.80112,58837.2797878,4196.94745537,7497.94407772,19933.4402514,172919.040785,460270.790884,820896.978152,1
direct_trade_underperformance,conditional,1,_reserve_before,USD_reserve_state,200000,69520660826,2500,2500,2500,2500,2500,2500,2500,2500,1
direct_trade_underperformance,conditional,1,_reserve_capacity_probability,indicator,200000,69520660826,0.10874,0,0,0,0,0,1,1,0.10874
direct_trade_underperformance,conditional,1,_reserve_exhaustion_probability,indicator,200000,69520660826,0,0,0,0,0,0,0,0,0
direct_trade_underperformance,conditional,1,_stress_projected_liability,USD_internal_liability,200000,69520660826,1893.59310288,511.190577805,8.65910594958,22.0493762315,101.50563477,2225.90277916,5900.00156012,8730.19618995,1
direct_trade_underperformance,conditional,1,_stress_projected_successful_target,USD,200000,69520660826,74507.5803919,20593.0479257,1468.93160938,2624.2804272,6976.70408798,60521.6642748,161094.776809,287313.942353,1
direct_trade_underperformance,conditional,1,_surcharge_rate,proportion,200000,69520660826,0.0544765262857,0.0361790492449,0.0281385456952,0.0283527900197,0.0296240901563,0.0636144444665,0.122400024962,0.15,1
direct_trade_underperformance,conditional,1,_willing_pledge,USD_pledge_principal,200000,69520660826,16458.2041261,2265.34249232,18.9281234913,56.5527231196,341.925834828,13053.9814733,49450.7641902,89747.0682325,1
direct_trade_underperformance,conditional,1,dac_bonus_liability_locked,USD_internal_liability,200000,69520660826,566.611361079,123.422078208,1.00174275433,3.01631832728,18.3796004241,719.517816375,2500,2500,1
direct_trade_underperformance,conditional,1,dac_bonus_liability_released,USD_internal_liability,200000,69520660826,102.696775878,23.2203687987,0.702739984581,1.61631144028,5.78928965164,102.245852239,246.10893254,442.96581183,1
direct_trade_underperformance,conditional,1,dac_bonus_paid,USD_internal_transfer,200000,69520660826,463.914585201,90.5536665341,0,0,5.12602875707,566.224178175,1952.38015711,2286.35420878,0.81884
direct_trade_underperformance,conditional,1,dac_capacity_waiting_pledges,USD_pledge_principal,200000,69520660826,6243.06119918,0,0,0,0,0,4503.74755322,44920.2042392,0.10874
direct_trade_underperformance,conditional,1,dac_free_reserve,USD_reserve_state,200000,69520660826,2189.67095263,2448.22357547,651.662057698,1125.44078098,2115.40225818,2500.13592254,2507.94494927,2542.5043728,1
direct_trade_underperformance,conditional,1,dac_funding_lost_to_surcharge,USD,200000,69520660826,2509.32671188,12.3465916788,0.041785604181,0.276743493517,1.68294875418,147.12123164,2542.35883757,9814.34210851,0.96185
direct_trade_underperformance,conditional,1,dac_gross_threshold,USD,200000,69520660826,232107.819359,61736.0091569,4321.42318948,7731.33454414,20658.3023542,184709.783319,499811.072363,897397.831676,1
direct_trade_underperformance,conditional,1,dac_incremental_funding_caused_by_bonus,USD,200000,69520660826,11.5230393993,0.204523916429,0,0,0,2.64214222975,14.6746864978,37.0598498938,0.65202
direct_trade_underperformance,conditional,1,dac_pledge_principal,USD,200000,69520660826,10215.1429269,2265.34249232,18.9281234913,56.5527231196,341.925834828,13053.9814733,41918.175721,44075.4870141,1
direct_trade_underperformance,conditional,1,dac_project_funding,USD,200000,69520660826,1699.9906784,409.585764592,12.9412312378,29.3841360527,104.234490756,1726.26028297,4014.37083085,7268.95279928,1
direct_trade_underperformance,conditional,1,dac_project_target,USD,200000,69520660826,212878.80112,58837.2797878,4196.94745537,7497.94407772,19933.4402514,172919.040785,460270.790884,820896.978152,1
direct_trade_underperformance,conditional,1,dac_required_surcharge,USD_internal_threshold_component,200000,69520660826,19229.018239,2431.78567946,124.351361756,229.459263107,673.927133966,10329.427295,37983.9424617,77876.6155155,1
direct_trade_underperformance,conditional,1,dac_reserve_cash,USD_reserve_state,200000,69520660826,2189.67095263,2448.22357547,651.662057698,1125.44078098,2115.40225818,2500.13592254,2507.94494927,2542.5043728,1
direct_trade_underperformance,conditional,1,dac_returned_or_cancelled_principal,USD,200000,69520660826,8361.56671068,1657.74195738,0,0,95.3772094052,10279.8525439,34690.7660592,39326.181043,0.819035
direct_trade_underperformance,conditional,1,dac_surcharge_inflow,USD_internal_transfer,200000,69520660826,153.58553783,15.5611528729,0.365773424323,0.844320760272,3.19507017278,114.285456654,434.943597298,722.181814726,1
direct_trade_underperformance,conditional,1,lapsed_dac_projects,projects,200000,69520660826,31.4615595952,18.5151863568,3.18291400603,4.80526790456,9.24650842049,37.0512121247,69.8797938843,101.296321853,1
direct_trade_underperformance,conditional,1,successful_dac_projects,projects,200000,69520660826,0.990693985464,0.117950545533,0.00562620618809,0.0139898425324,0.0421595684596,0.366058722561,1.27398773102,3.8139015394,1
direct_trade_underperformance,conditional,2,_contributor_choice_principal,USD_pledge_principal,200000,69520660826,279806.910088,8681.18501032,75.9978861205,225.042370792,1352.27436015,48306.0682233,260402.887658,684960.769841,1
direct_trade_underperformance,conditional,2,_gross_threshold,USD,200000,69520660826,674273.80449,179212.120283,12195.1809359,21873.7984243,59127.1526469,537130.132477,1455999.85826,2614243.98488,1
direct_trade_underperformance,conditional,2,_mean_pledge,USD_per_contributor,200000,69520660826,121.853163228,74.9345246802,14.7624935042,21.1720491422,38.5077750751,145.699154954,263.675898186,379.087420582,1
direct_trade_underperformance,conditional,2,_potential_contributors,contributors,200000,69520660826,7306.93826535,1384.8220445,66.1982887824,129.207387246,398.280323382,4753.75847198,14432.5807853,27789.3552448,1
direct_trade_underperformance,conditional,2,_potential_pledge_principal,USD_pledge_principal,200000,69520660826,1149690.08469,103370.472178,2737.06315792,6064.6437645,23230.5163264,453652.341105,1738813.91767,3792653.74605,1
direct_trade_underperformance,conditional,2,_project_target,USD,200000,69520660826,605885.818572,167459.950165,11945.1581422,21340.3023751,56733.6376386,492154.193004,1310001.48175,2336399.09166,1
direct_trade_underperformance,conditional,2,_reserve_before,USD_reserve_state,200000,69520660826,2189.67095263,2448.22357547,651.662057698,1125.44078098,2115.40225818,2500.13592254,2507.94494927,2542.5043728,1
direct_trade_underperformance,conditional,2,_reserve_capacity_probability,indicator,200000,69520660826,0.237845,0,0,0,0,0,1,1,0.237845
direct_trade_underperformance,conditional,2,_reserve_exhaustion_probability,indicator,200000,69520660826,0,0,0,0,0,0,0,0,0
direct_trade_underperformance,conditional,2,_stress_projected_liability,USD_internal_liability,200000,69520660826,5429.79714572,1452.62086645,24.6451477026,62.7434252666,288.561594066,6353.93028626,16969.7751474,25166.5924152,1
direct_trade_underperformance,conditional,2,_stress_projected_successful_target,USD,200000,69520660826,212060.0365,58610.9825579,4180.80534977,7469.10583127,19856.7731735,172253.967551,458500.518612,817739.682082,1
direct_trade_underperformance,conditional,2,_surcharge_rate,proportion,200000,69520660826,0.0693212751949,0.0382282542549,0.02,0.02,0.02,0.15,0.15,0.15,1
direct_trade_underperformance,conditional,2,_willing_pledge,USD_pledge_principal,200000,69520660826,46001.8485099,6331.52586364,55.019061218,164.840427085,995.891140589,33073.7756991,140362.083734,256665.826339,1
direct_trade_underperformance,conditional,2,dac_bonus_liability_locked,USD_internal_liability,200000,69520660826,632.7421533,344.716800212,2.90940634036,8.77107595227,53.5875305175,977.352400589,1689.19545999,1951.47743248,1
direct_trade_underperformance,conditional,2,dac_bonus_liability_released,USD_internal_liability,200000,69520660826,181.424647967,64.7354745219,2.02363545358,4.64404272222,16.5839995363,159.082745163,413.379768657,774.45238114,1
direct_trade_underperformance,conditional,2,dac_bonus_paid,USD_internal_transfer,200000,69520660826,451.317505334,223.312497138,0,0,14.3244284659,696.574234827,1367.52616627,1611.30021285,0.81832
direct_trade_underperformance,conditional,2,dac_capacity_waiting_pledges,USD_pledge_principal,200000,69520660826,34505.5638238,0,0,0,0,0,117236.499046,236929.975408,0.237845
direct_trade_underperformance,conditional,2,dac_free_reserve,USD_reserve_state,200000,69520660826,2075.87564269,2339.75310314,388.253162392,549.916179916,1510.54270018,2500.79474367,2542.67209576,2930.84894081,1
direct_trade_underperformance,conditional,2,dac_funding_lost_to_surcharge,USD,200000,69520660826,9192.40123533,41.8930457085,0.232159912811,0.739034056065,3.9757662122,1143.38174035,14791.0728189,47422.1190987,0.977775
direct_trade_underperformance,conditional,2,dac_gross_threshold,USD,200000,69520660826,674273.80449,179212.120283,12195.1809359,21873.7984243,59127.1526469,537130.132477,1455999.85826,2614243.98488,1
direct_trade_underperformance,conditional,2,dac_incremental_funding_caused_by_bonus,USD,200000,69520660826,8.84774565792,0.138501686744,0,0,0,3.14674922864,13.4262728221,27.5201546947,0.564035
direct_trade_underperformance,conditional,2,dac_pledge_principal,USD,200000,69520660826,11496.2846861,6325.04432607,55.019061218,164.840427085,995.891140589,17705.7877013,30396.3608576,36501.8875687,1
direct_trade_underperformance,conditional,2,dac_project_funding,USD,200000,69520660826,2941.56976473,1121.54032175,37.5924676759,85.122083246,300.733057688,2610.99808442,6655.49339781,12415.4773281,1
direct_trade_underperformance,conditional,2,dac_project_target,USD,200000,69520660826,605885.818572,167459.950165,11945.1581422,21340.3023751,56733.6376386,492154.193004,1310001.48175,2336399.09166,1
direct_trade_underperformance,conditional,2,dac_required_surcharge,USD_internal_threshold_component,200000,69520660826,68387.9859183,7602.79330037,245.085381068,469.347541585,1562.70906227,41955.5380109,147966.405641,289928.374721,1
direct_trade_underperformance,conditional,2,dac_reserve_cash,USD_reserve_state,200000,69520660826,2075.87564269,2339.75310314,388.253162392,549.916179916,1510.54270018,2500.79474367,2542.67209576,2930.84894081,1
direct_trade_underperformance,conditional,2,dac_returned_or_cancelled_principal,USD,200000,69520660826,8217.19272596,4071.53640584,0,0,266.955643025,12658.0841015,24626.9191367,29112.9827479,0.81947
direct_trade_underperformance,conditional,2,dac_surcharge_inflow,USD_internal_transfer,200000,69520660826,337.522195399,46.0556036271,0.751849353517,1.70412658396,6.45340119552,294.844345789,810.650584311,1540.11982672,1
direct_trade_underperformance,conditional,2,lapsed_dac_projects,projects,200000,69520660826,90.9037822683,54.0102944374,9.56281854977,14.2463062604,27.0298358398,107.437567387,201.145883997,290.845751265,1
direct_trade_underperformance,conditional,2,successful_dac_projects,projects,200000,69520660826,1.46032407652,0.311310571333,0.016440915233,0.0406191202534,0.120218630553,0.724730435883,1.65264315525,3.6741850745,1
direct_trade_underperformance,conditional,3,_contributor_choice_principal,USD_pledge_principal,200000,69520660826,452576.030787,13350.8702082,125.294037599,371.01708297,2224.36434676,78053.6248613,412847.716476,1090462.20311,1
direct_trade_underperformance,conditional,3,_gross_threshold,USD,200000,69520660826,1119846.38734,299272.360306,20127.2034996,36239.6067321,99055.4724503,895023.625523,2421525.69208,4344094.47821,1
direct_trade_underperformance,conditional,3,_mean_pledge,USD_per_contributor,200000,69520660826,121.853163228,74.9345246802,14.7624935042,21.1720491422,38.5077750751,145.699154954,263.675898186,379.087420582,1
direct_trade_underperformance,conditional,3,_potential_contributors,contributors,200000,69520660826,12046.5738969,2283.08499228,109.137719344,213.017584378,656.624316928,7837.27748083,23794.2548082,45814.8829711,1
direct_trade_underperformance,conditional,3,_potential_pledge_principal,USD_pledge_principal,200000,69520660826,1895435.0045,170421.589266,4512.45547657,9998.46674688,38298.9593489,747913.31912,2866693.21562,6252753.47321,1
direct_trade_underperformance,conditional,3,_project_target,USD,200000,69520660826,998892.836024,276082.620543,19693.368829,35182.6606724,93533.8350257,811389.345223,2159732.17261,3851901.20517,1
direct_trade_underperformance,conditional,3,_reserve_before,USD_reserve_state,200000,69520660826,2075.87564269,2339.75310314,388.253162392,549.916179916,1510.54270018,2500.79474367,2542.67209576,2930.84894081,1
direct_trade_underperformance,conditional,3,_reserve_capacity_probability,indicator,200000,69520660826,0.31844,0,0,0,0,1,1,1,0.31844
direct_trade_underperformance,conditional,3,_reserve_exhaustion_probability,indicator,200000,69520660826,0,0,0,0,0,0,0,0,0
direct_trade_underperformance,conditional,3,_stress_projected_liability,USD_internal_liability,200000,69520660826,8997.27588259,2395.46676976,40.6311894557,103.426629334,475.578328582,10637.531584,28112.8247664,41490.8685765,1
direct_trade_underperformance,conditional,3,_stress_projected_successful_target,USD,200000,69520660826,349612.492608,96628.91719,6892.67909016,12313.9312353,32736.842259,283986.270828,755906.260414,1348165.42181,1
direct_trade_underperformance,conditional,3,_surcharge_rate,proportion,200000,69520660826,0.0810353095488,0.0603467776774,0.02,0.02,0.02,0.15,0.15,0.15,1
direct_trade_underperformance,conditional,3,_willing_pledge,USD_pledge_principal,200000,69520660826,75052.4259737,9774.4403544,90.707161679,271.764589624,1638.02642653,53777.5925583,227987.343217,421751.168572,1
direct_trade_underperformance,conditional,3,dac_bonus_liability_locked,USD_internal_liability,200000,69520660826,717.612214652,390.293995233,4.79661326132,14.4604495033,88.0996209952,907.431448497,1488.08525877,2342.97616696,1
direct_trade_underperformance,conditional,3,dac_bonus_liability_released,USD_internal_liability,200000,69520660826,268.32828438,82.5746546391,3.33627743078,7.65652851501,27.2483609705,215.195375937,590.895139698,1100.47167842,1
direct_trade_underperformance,conditional,3,dac_bonus_paid,USD_internal_transfer,200000,69520660826,449.283930272,257.885728417,0,0,23.7855996209,641.13595774,1119.9539358,1344.33036426,0.818595
direct_trade_underperformance,conditional,3,dac_capacity_waiting_pledges,USD_pledge_principal,200000,69520660826,62010.2124989,0,0,0,0,30069.20641,201447.601417,392604.592823,0.31844
direct_trade_underperformance,conditional,3,dac_free_reserve,USD_reserve_state,200000,69520660826,2169.74360696,2239.4010223,283.153510914,408.861101895,1145.8968377,2503.95236898,2726.3668432,4021.83038886,1
direct_trade_underperformance,conditional,3,dac_funding_lost_to_surcharge,USD,200000,69520660826,15529.5033576,102.723906972,0.507861951816,1.37878695329,7.23137393991,3030.2432546,25426.2919001,80934.2463881,0.98522
direct_trade_underperformance,conditional,3,dac_gross_threshold,USD,200000,69520660826,1119846.38734,299272.360306,20127.2034996,36239.6067321,99055.4724503,895023.625523,2421525.69208,4344094.47821,1
direct_trade_underperformance,conditional,3,dac_incremental_funding_caused_by_bonus,USD,200000,69520660826,9.83642809269,0.00582864824012,0,0,0,2.81767627517,12.0409969923,25.0054561392,0.503045
direct_trade_underperformance,conditional,3,dac_pledge_principal,USD,200000,69520660826,13042.2134748,7099.34187411,90.707161679,271.764589624,1638.02642653,16474.0991392,27519.8123893,42352.4325049,1
direct_trade_underperformance,conditional,3,dac_project_funding,USD,200000,69520660826,4304.4488414,1370.33309235,61.9768148204,140.352747835,491.935591932,3518.47033103,9416.33677704,17382.9419671,1
direct_trade_underperformance,conditional,3,dac_project_target,USD,200000,69520660826,998892.836024,276082.620543,19693.368829,35182.6606724,93533.8350257,811389.345223,2159732.17261,3851901.20517,1
direct_trade_underperformance,conditional,3,dac_required_surcharge,USD_internal_threshold_component,200000,69520660826,120953.55132,16622.9859624,404.119212469,791.536845445,2845.63214908,81810.8013135,266223.819141,506769.194295,1
direct_trade_underperformance,conditional,3,dac_reserve_cash,USD_reserve_state,200000,69520660826,2169.74360696,2239.4010223,283.153510914,408.861101895,1145.8968377,2503.95236898,2726.3668432,4021.83038886,1
direct_trade_underperformance,conditional,3,dac_returned_or_cancelled_principal,USD,200000,69520660826,8194.61273889,4657.02568506,0,0,443.741544471,11659.7428471,20345.6500288,25273.8954705,0.820225
direct_trade_underperformance,conditional,3,dac_surcharge_inflow,USD_internal_transfer,200000,69520660826,543.151894536,107.499418237,1.23953629641,2.80881560955,10.7771554543,408.423124398,1254.50867784,2364.11378507,1
direct_trade_underperformance,conditional,3,lapsed_dac_projects,projects,200000,69520660826,150.462134806,89.7222059494,15.8624739076,23.6382526578,44.9113571214,178.072766722,332.512029578,480.123164144,1
direct_trade_underperformance,conditional,3,successful_dac_projects,projects,200000,69520660826,1.81382430313,0.459951694553,0.027103565431,0.066904530265,0.193799445532,0.972006264687,1.99948259815,3.51043062649,1
direct_trade_underperformance,conditional,4,_contributor_choice_principal,USD_pledge_principal,200000,69520660826,628141.372634,17114.670137,174.590052416,516.968434106,3084.19124867,107366.379485,571150.979132,1509166.40234,1
direct_trade_underperformance,conditional,4,_gross_threshold,USD,200000,69520660826,1566913.0433,420701.343902,28129.6636998,50921.5414217,139332.088884,1255673.2415,3391077.5222,6079328.53714,1
direct_trade_underperformance,conditional,4,_mean_pledge,USD_per_contributor,200000,69520660826,121.853163228,74.9345246802,14.7624935042,21.1720491422,38.5077750751,145.699154954,263.675898186,379.087420582,1
direct_trade_underperformance,conditional,4,_potential_contributors,contributors,200000,69520660826,16786.2095285,3181.34794007,152.077149905,296.82778151,914.968310473,10920.7964897,33155.9288312,63840.4106975,1
direct_trade_underperformance,conditional,4,_potential_pledge_principal,USD_pledge_principal,200000,69520660826,2641179.9243,237472.706354,6287.84779522,13932.2897293,53367.4023714,1042174.29713,3994572.51357,8712853.20038,1
direct_trade_underperformance,conditional,4,_project_target,USD,200000,69520660826,1391899.85348,384705.29092,27441.5795159,49025.0189697,130334.032413,1130624.49744,3009462.86347,5367403.31869,1
direct_trade_underperformance,conditional,4,_reserve_before,USD_reserve_state,200000,69520660826,2169.74360696,2239.4010223,283.153510914,408.861101895,1145.8968377,2503.95236898,2726.3668432,4021.83038886,1
direct_trade_underperformance,conditional,4,_reserve_capacity_probability,indicator,200000,69520660826,0.371995,0,0,0,0,1,1,1,0.371995
direct_trade_underperformance,conditional,4,_reserve_exhaustion_probability,indicator,200000,69520660826,0,0,0,0,0,0,0,0,0
direct_trade_underperformance,conditional,4,_stress_projected_liability,USD_internal_liability,200000,69520660826,12552.514872,3348.43438676,56.6172312088,144.119073662,662.691113598,14859.977555,39173.6082811,57815.1447377,1
direct_trade_underperformance,conditional,4,_stress_projected_successful_target,USD,200000,69520660826,487164.948717,134646.851822,9604.55283056,17158.7566394,45616.9113445,395718.574105,1053312.00222,1878591.16154,1
direct_trade_underperformance,conditional,4,_surcharge_rate,proportion,200000,69520660826,0.0895070620801,0.108335215184,0.02,0.02,0.02,0.15,0.15,0.15,1
direct_trade_underperformance,conditional,4,_willing_pledge,USD_pledge_principal,200000,69520660826,104231.037452,12596.3676782,126.395225294,378.682676133,2270.2440671,74739.5512485,317183.507496,587536.856799,1
direct_trade_underperformance,conditional,4,dac_bonus_liability_locked,USD_internal_liability,200000,69520660826,886.724018502,392.012881827,6.68380537858,20.146164133,122.111158784,893.26656068,1780.78984577,3200.26155294,1
direct_trade_underperformance,conditional,4,dac_bonus_liability_released,USD_internal_liability,200000,69520660826,366.475332756,96.0185286254,4.64891118626,10.6687422953,36.664266142,280.191097629,791.370658414,1494.3071747,1
direct_trade_underperformance,conditional,4,dac_bonus_paid,USD_internal_transfer,200000,69520660826,520.248685746,246.636661377,0,0,31.3686148318,625.637137585,1077.70036932,1743.99270498,0.8165
direct_trade_underperformance,conditional,4,dac_capacity_waiting_pledges,USD_pledge_principal,200000,69520660826,88145.6060028,0,0,0,0,52140.0543135,282159.69794,541757.41939,0.371995
direct_trade_underperformance,conditional,4,dac_free_reserve,USD_reserve_state,200000,69520660826,2424.37622129,2184.8641177,234.362561383,354.680343629,982.45158927,2514.57032992,3316.49715425,5642.21970262,1
direct_trade_underperformance,conditional,4,dac_funding_lost_to_surcharge,USD,200000,69520660826,21740.209141,194.859763827,0.745602694008,1.97984116136,11.1462503029,4470.55166887,35219.8824712,113675.316902,0.986705
direct_trade_underperformance,conditional,4,dac_gross_threshold,USD,200000,69520660826,1566913.0433,420701.343902,28129.6636998,50921.5414217,139332.088884,1255673.2415,3391077.5222,6079328.53714,1
direct_trade_underperformance,conditional,4,dac_incremental_funding_caused_by_bonus,USD,200000,69520660826,12.7753201828,0,0,0,0,2.49959055652,11.4082702835,27.0508825712,0.45973
direct_trade_underperformance,conditional,4,dac_pledge_principal,USD,200000,69520660826,16085.431449,7169.23424576,126.395225294,378.682676133,2270.2440671,16245.2309574,32332.2360512,57749.3718205,1
direct_trade_underperformance,conditional,4,dac_project_funding,USD,200000,69520660826,5844.17310195,1603.0234368,86.3611354116,195.456702126,636.642872939,4548.02510845,12553.5573443,23575.828623,1
direct_trade_underperformance,conditional,4,dac_project_target,USD,200000,69520660826,1391899.85348,384705.29092,27441.5795159,49025.0189697,130334.032413,1130624.49744,3009462.86347,5367403.31869,1
direct_trade_underperformance,conditional,4,dac_required_surcharge,USD_internal_threshold_component,200000,69520660826,175013.189824,27697.862546,582.705627598,1185.44348679,4607.68635221,123927.351922,387638.75633,726214.602568,1
direct_trade_underperformance,conditional,4,dac_reserve_cash,USD_reserve_state,200000,69520660826,2424.37622129,2184.8641177,234.362561383,354.680343629,982.45158927,2514.57032992,3316.49715425,5642.21970262,1
direct_trade_underperformance,conditional,4,dac_returned_or_cancelled_principal,USD,200000,69520660826,9466.377047,4505.80819582,0,0,585.734551319,11369.1519779,19882.4959027,31523.9769149,0.818745
direct_trade_underperformance,conditional,4,dac_surcharge_inflow,USD_internal_transfer,200000,69520660826,774.881300081,144.95863186,1.72722270823,3.91778372261,16.0746353119,563.987827877,1747.60733882,3315.3367069,1
direct_trade_underperformance,conditional,4,lapsed_dac_projects,projects,200000,69520660826,209.851463108,125.311643448,21.8710953156,32.8025381342,62.6989465298,248.532748667,463.724792331,669.274174601,1
direct_trade_underperformance,conditional,4,successful_dac_projects,projects,200000,69520660826,2.33634876554,0.588860921381,0.0377467942285,0.0928658666868,0.260812256877,1.20443963043,2.38746525019,3.92591413305,1
direct_trade_underperformance,conditional,5,_contributor_choice_principal,USD_pledge_principal,200000,69520660826,804825.479873,20777.255888,223.886067216,662.923279174,3916.30855635,136970.592176,730151.629747,1932556.20926,1
direct_trade_underperformance,conditional,5,_gross_threshold,USD,200000,69520660826,2014714.60167,542962.763586,36333.7082461,66147.8497494,180094.155983,1618777.97921,4357273.7976,7820471.18521,1
direct_trade_underperformance,conditional,5,_mean_pledge,USD_per_contributor,200000,69520660826,121.853163228,74.9345246802,14.7624935042,21.1720491422,38.5077750751,145.699154954,263.675898186,379.087420582,1
direct_trade_underperformance,conditional,5,_potential_contributors,contributors,200000,69520660826,21525.8451601,4079.61088785,195.016580467,380.637978643,1173.31230402,14004.3154985,42517.6028541,81865.9384238,1
direct_trade_underperformance,conditional,5,_potential_pledge_principal,USD_pledge_principal,200000,69520660826,3386924.8441,304523.823443,8063.24011387,17866.1127116,68435.8453939,1336435.27515,5122451.81151,11172952.9275,1
direct_trade_underperformance,conditional,5,_project_target,USD,200000,69520660826,1784906.87093,493327.961298,35189.7902027,62867.377267,167134.2298,1449859.64966,3859193.55434,6882905.4322,1
direct_trade_underperformance,conditional,5,_reserve_before,USD_reserve_state,200000,69520660826,2424.37622129,2184.8641177,234.362561383,354.680343629,982.45158927,2514.57032992,3316.49715425,5642.21970262,1
direct_trade_underperformance,conditional,5,_reserve_capacity_probability,indicator,200000,69520660826,0.41156,0,0,0,0,1,1,1,0.41156
direct_trade_underperformance,conditional,5,_reserve_exhaustion_probability,indicator,200000,69520660826,0,0,0,0,0,0,0,0,0
direct_trade_underperformance,conditional,5,_stress_projected_liability,USD_internal_liability,200000,69520660826,16103.2309098,4326.35900678,72.6032729618,184.81151799,849.803898613,19055.7359234,50234.3917958,74139.4208989,1
direct_trade_underperformance,conditional,5,_stress_projected_successful_target,USD,200000,69520660826,624717.404825,172664.786454,12316.4265709,22003.5820435,58496.98043,507450.877381,1350717.74402,2409016.90127,1
direct_trade_underperformance,conditional,5,_surcharge_rate,proportion,200000,69520660826,0.0960675039464,0.15,0.02,0.02,0.02,0.15,0.15,0.15,1
direct_trade_underperformance,conditional,5,_willing_pledge,USD_pledge_principal,200000,69520660826,133467.52402,15253.8214172,162.083288906,485.416289019,2880.58418521,95687.4447806,406679.62287,753429.616366,1
direct_trade_underperformance,conditional,5,dac_bonus_liability_locked,USD_internal_liability,200000,69520660826,1098.16549858,408.496731649,8.57099748548,25.8332454815,141.499071639,917.044915068,2294.73995469,4290.60125007,1
direct_trade_underperformance,conditional,5,dac_bonus_liability_released,USD_internal_liability,200000,69520660826,467.148889824,115.924443347,5.96154493298,13.6768463309,41.5992222309,351.606222721,1002.80430434,1913.40161142,1
direct_trade_underperformance,conditional,5,dac_bonus_paid,USD_internal_transfer,200000,69520660826,631.016608754,248.457214165,0,0,37.981308933,627.536292199,1306.00908163,2384.01919053,0.814385
direct_trade_underperformance,conditional,5,dac_capacity_waiting_pledges,USD_pledge_principal,200000,69520660826,113575.906181,0,0,0,0,67247.1978376,361271.131139,689916.691443,0.41156
direct_trade_underperformance,conditional,5,dac_free_reserve,USD_reserve_state,200000,69520660826,2805.30749365,2171.5186484,209.131045654,336.45002549,921.376764159,2541.73113786,4194.81739831,7580.77296792,1
direct_trade_underperformance,conditional,5,dac_funding_lost_to_surcharge,USD,200000,69520660826,27931.2550235,323.629288471,0.971462936735,2.58127642357,16.8569573714,5818.78891725,45024.4276653,146430.992147,0.9872
direct_trade_underperformance,conditional,5,dac_gross_threshold,USD,200000,69520660826,2014714.60167,542962.763586,36333.7082461,66147.8497494,180094.155983,1618777.97921,4357273.7976,7820471.18521,1
direct_trade_underperformance,conditional,5,dac_incremental_funding_caused_by_bonus,USD,200000,69520660826,15.8518312771,0,0,0,0,2.25084909732,11.40536927,32.2068239874,0.428025
direct_trade_underperformance,conditional,5,dac_pledge_principal,USD,200000,69520660826,19891.6178388,7479.23812559,162.083288906,485.416289019,2586.26774764,16783.519525,41571.3300828,77434.3692703,1
direct_trade_underperformance,conditional,5,dac_project_funding,USD,200000,69520660826,7424.23239857,1924.63563234,110.745455998,250.480348558,716.750676019,5677.99428891,15874.3700178,30044.7053025,1
direct_trade_underperformance,conditional,5,dac_project_target,USD,200000,69520660826,1784906.87093,493327.961298,35189.7902027,62867.377267,167134.2298,1449859.64966,3859193.55434,6882905.4322,1
direct_trade_underperformance,conditional,5,dac_required_surcharge,USD_internal_threshold_component,200000,69520660826,229807.730741,40537.4620739,794.962503243,1655.05531182,7018.73804435,167764.14752,508856.671241,945093.200546,1
direct_trade_underperformance,conditional,5,dac_reserve_cash,USD_reserve_state,200000,69520660826,2805.30749365,2171.5186484,209.131045654,336.45002549,921.376764159,2541.73113786,4194.81739831,7580.77296792,1
direct_trade_underperformance,conditional,5,dac_returned_or_cancelled_principal,USD,200000,69520660826,11455.4375591,4551.45701444,0,0,709.149270245,11445.9227839,23766.1430334,42966.138574,0.81726
direct_trade_underperformance,conditional,5,dac_surcharge_inflow,USD_internal_transfer,200000,69520660826,1011.94788111,183.297477761,2.21552767385,5.04843235058,23.0257128753,742.661956747,2259.23206125,4301.46957176,1
direct_trade_underperformance,conditional,5,lapsed_dac_projects,projects,200000,69520660826,269.215309736,160.883669224,27.961165838,42.0727806297,80.4931401054,318.920011649,594.881487273,858.245706253,1
direct_trade_underperformance,conditional,5,successful_dac_projects,projects,200000,69520660826,2.8843549017,0.710765616449,0.0483855182148,0.118323974834,0.322278241229,1.45033775755,2.86892761,4.58771005172,1
direct_trade_underperformance,probability_weighted,1,_contributor_choice_principal,USD_pledge_principal,200000,69530660845,61580.4556209,952.001108089,3.3970340649,12.3486559351,101.790428359,7762.96656954,45099.4253986,131202.201925,1
direct_trade_underperformance,probability_weighted,1,_gross_threshold,USD,200000,69530660845,134661.721563,26174.4034297,867.717468575,1935.038819,6914.86777354,93190.8711599,278069.315993,539660.337909,1
direct_trade_underperformance,probability_weighted,1,_mean_pledge,USD_per_contributor,200000,69530660845,122.075181136,74.7518934148,14.812316773,21.1641152173,38.443872463,146.271515184,265.793975895,381.109084451,1
direct_trade_underperformance,probability_weighted,1,_potential_contributors,contributors,200000,69530660845,1634.80753057,180.532122442,2.92700066202,7.65458953977,36.3062471992,807.093671086,2905.57319765,6199.66572434,1
direct_trade_underperformance,probability_weighted,1,_potential_pledge_principal,USD_pledge_principal,200000,69530660845,253479.079265,13182.7653318,137.643152435,395.019481837,2192.68678796,73103.8729966,326864.045241,796444.322035,1
direct_trade_underperformance,probability_weighted,1,_project_target,USD,200000,69530660845,125417.826773,25295.545069,843.78711964,1881.54030869,6713.84970403,88868.4041945,261263.260347,502428.950037,1
direct_trade_underperformance,probability_weighted,1,_reserve_before,USD_reserve_state,200000,69530660845,2500,2500,2500,2500,2500,2500,2500,2500,1
direct_trade_underperformance,probability_weighted,1,_reserve_capacity_probability,indicator,200000,69530660845,0.05318,0,0,0,0,0,0,1,0.05318
direct_trade_underperformance,probability_weighted,1,_reserve_exhaustion_probability,indicator,200000,69530660845,0,0,0,0,0,0,0,0,0
direct_trade_underperformance,probability_weighted,1,_stress_projected_liability,USD_internal_liability,200000,69530660845,942.767966363,87.9763833947,0,0,3.41084094934,702.752337016,2885.26290459,5297.55065482,0.82051
direct_trade_underperformance,probability_weighted,1,_stress_projected_successful_target,USD,200000,69530660845,43896.2393705,8853.44077413,295.325491874,658.539108042,2349.84739641,31103.9414681,91442.1411213,175850.132513,1
direct_trade_underperformance,probability_weighted,1,_surcharge_rate,proportion,200000,69530660845,0.041690674157,0.0294076221343,0.028,0.028,0.0280545734552,0.0392440373923,0.0741642064734,0.112760810477,1
direct_trade_underperformance,probability_weighted,1,_willing_pledge,USD_pledge_principal,200000,69530660845,8345.38794107,301.226768063,0,0,7.08541711696,3552.28269589,20725.6554104,47747.2746486,0.82051
direct_trade_underperformance,probability_weighted,1,dac_bonus_liability_locked,USD_internal_liability,200000,69530660845,308.519530614,16.3135539201,0,0,0.380510557753,194.820593897,1144.53916522,2500,0.82051
direct_trade_underperformance,probability_weighted,1,dac_bonus_liability_released,USD_internal_liability,200000,69530660845,57.8898688107,4.35779359724,0,0,0.234780905446,30.9052537519,162.499603827,272.491736152,0.82051
direct_trade_underperformance,probability_weighted,1,dac_bonus_paid,USD_internal_transfer,200000,69530660845,250.629661803,7.80985882868,0,0,0,152.353522645,867.661513989,1930.00134559,0.64366
direct_trade_underperformance,probability_weighted,1,dac_capacity_waiting_pledges,USD_pledge_principal,200000,69530660845,2779.9759951,0,0,0,0,0,0,2766.65069091,0.05318
direct_trade_underperformance,probability_weighted,1,dac_free_reserve,USD_reserve_state,200000,69530660845,2329.04486419,2497.27358366,1115.89390413,1873.63745485,2401.15028534,2500,2501.78448183,2509.61125813,1
direct_trade_underperformance,probability_weighted,1,dac_funding_lost_to_surcharge,USD,200000,69530660845,1171.23614409,1.50614445945,0,0,0.0370012363468,21.9822357363,389.53755647,2503.04027352,0.79078
direct_trade_underperformance,probability_weighted,1,dac_gross_threshold,USD,200000,69530660845,134661.721563,26174.4034297,867.717468575,1935.038819,6914.86777354,93190.8711599,278069.315993,539660.337909,1
direct_trade_underperformance,probability_weighted,1,dac_incremental_funding_caused_by_bonus,USD,200000,69530660845,7.55308765597,0.0154327189044,0,0,0,0.755197494465,6.71472741619,20.3499977465,0.566605
direct_trade_underperformance,probability_weighted,1,dac_pledge_principal,USD,200000,69530660845,5565.41194597,301.226768063,0,0,7.08541711696,3552.28269589,20725.6554104,41918.175721,0.82051
direct_trade_underperformance,probability_weighted,1,dac_project_funding,USD,200000,69530660845,964.77715066,78.1041783982,0,0,4.24886455362,540.639549773,2580.04797897,4509.68613639,0.82051
direct_trade_underperformance,probability_weighted,1,dac_project_target,USD,200000,69530660845,125417.826773,25295.545069,843.78711964,1881.54030869,6713.84970403,88868.4041945,261263.260347,502428.950037,1
direct_trade_underperformance,probability_weighted,1,dac_required_surcharge,USD_internal_threshold_component,200000,69530660845,9243.89479024,833.613297127,23.8205442519,53.6517596616,199.01841116,3664.33510985,15090.8663823,35187.0284284,1
direct_trade_underperformance,probability_weighted,1,dac_reserve_cash,USD_reserve_state,200000,69530660845,2329.04486419,2497.27358366,1115.89390413,1873.63745485,2401.15028534,2500,2501.78448183,2509.61125813,1
direct_trade_underperformance,probability_weighted,1,dac_returned_or_cancelled_principal,USD,200000,69530660845,4520.96026932,144.394640941,0,0,0,2777.67706257,15732.0121868,34331.919876,0.64379
direct_trade_underperformance,probability_weighted,1,dac_surcharge_inflow,USD_internal_transfer,200000,69530660845,79.6745259945,2.35417427847,0,0,0.119411062685,21.9714813316,209.450959646,441.471102754,0.82051
direct_trade_underperformance,probability_weighted,1,lapsed_dac_projects,projects,200000,69530660845,18.690603234,8.39884829253,0.470978980204,0.984309782731,2.94631583132,21.1450539426,44.8577770262,69.5585435501,1
direct_trade_underperformance,probability_weighted,1,successful_dac_projects,projects,200000,69530660845,0.575844927718,0.027687154103,0,0,0.00175354955346,0.138885250502,0.607706661059,1.80467285744,0.82051
direct_trade_underperformance,probability_weighted,2,_contributor_choice_principal,USD_pledge_principal,200000,69530660845,174896.538483,2774.3678845,9.8807198535,35.8969133027,296.041486218,20792.7127547,126600.637615,376347.022249,1
direct_trade_underperformance,probability_weighted,2,_gross_threshold,USD,200000,69530660845,389815.547297,74762.5271725,2449.57891502,5462.25625,19553.4296682,268789.248415,804866.249337,1565026.90924,1
direct_trade_underperformance,probability_weighted,2,_mean_pledge,USD_per_contributor,200000,69530660845,122.075181136,74.7518934148,14.812316773,21.1641152173,38.443872463,146.271515184,265.793975895,381.109084451,1
direct_trade_underperformance,probability_weighted,2,_potential_contributors,contributors,200000,69530660845,4652.91374086,513.822194642,8.33069419192,21.7861394594,103.333165106,2297.11275617,8269.70833176,17645.2024462,1
direct_trade_underperformance,probability_weighted,2,_potential_pledge_principal,USD_pledge_principal,200000,69530660845,721440.456369,37520.178252,391.7535877,1124.28621753,6240.72393497,208064.869298,930305.359533,2266803.07041,1
direct_trade_underperformance,probability_weighted,2,_project_target,USD,200000,69530660845,356958.430046,71995.0128886,2401.5479559,5355.15318628,19108.6491576,252933.1504,743595.433294,1429990.08857,1
direct_trade_underperformance,probability_weighted,2,_reserve_before,USD_reserve_state,200000,69530660845,2329.04486419,2497.27358366,1115.89390413,1873.63745485,2401.15028534,2500,2501.78448183,2509.61125813,1
direct_trade_underperformance,probability_weighted,2,_reserve_capacity_probability,indicator,200000,69530660845,0.128185,0,0,0,0,0,1,1,0.128185
direct_trade_underperformance,probability_weighted,2,_reserve_exhaustion_probability,indicator,200000,69530660845,0,0,0,0,0,0,0,0,0
direct_trade_underperformance,probability_weighted,2,_stress_projected_liability,USD_internal_liability,200000,69530660845,2700.65631966,250.000843831,0,0,9.69793817396,1995.72620242,8257.8595017,15233.7454605,0.82051
direct_trade_underperformance,probability_weighted,2,_stress_projected_successful_target,USD,200000,69530660845,124935.450516,25198.254511,840.541784565,1874.3036152,6688.02720517,88526.6026399,260258.401653,500496.530998,1
direct_trade_underperformance,probability_weighted,2,_surcharge_rate,proportion,200000,69530660845,0.047141477081,0.02,0.02,0.02,0.02,0.0510779701594,0.15,0.15,1
direct_trade_underperformance,probability_weighted,2,_willing_pledge,USD_pledge_principal,200000,69530660845,23282.358425,878.217208413,0,0,20.6080716623,9686.13747555,54619.7958126,135127.035963,0.82051
direct_trade_underperformance,probability_weighted,2,dac_bonus_liability_locked,USD_internal_liability,200000,69530660845,377.096348976,47.5994593478,0,0,1.10712702993,501.401205128,1338.77723823,1758.79549343,0.82051
direct_trade_underperformance,probability_weighted,2,dac_bonus_liability_released,USD_internal_liability,200000,69530660845,101.389444918,12.4985334889,0,0,0.675180335444,85.1181926708,221.656821475,463.602317399,0.82051
direct_trade_underperformance,probability_weighted,2,dac_bonus_paid,USD_internal_transfer,200000,69530660845,275.706904058,22.376385749,0,0,0,324.963147451,1017.24470067,1447.99321603,0.6446
direct_trade_underperformance,probability_weighted,2,dac_capacity_waiting_pledges,USD_pledge_principal,200000,69530660845,16438.1982015,0,0,0,0,0,20621.419013,112423.240668,0.128185
direct_trade_underperformance,probability_weighted,2,dac_free_reserve,USD_reserve_state,200000,69530660845,2228.35634657,2490.00196099,494.668802876,1018.40493495,2175.19160121,2500,2506.22853805,2547.38980873,1
direct_trade_underperformance,probability_weighted,2,dac_funding_lost_to_surcharge,USD,200000,69530660845,4518.50307448,3.28985072692,0,0,0.100046832076,83.870847013,3581.37616224,16026.3183805,0.799415
direct_trade_underperformance,probability_weighted,2,dac_gross_threshold,USD,200000,69530660845,389815.547297,74762.5271725,2449.57891502,5462.25625,19553.4296682,268789.248415,804866.249337,1565026.90924,1
direct_trade_underperformance,probability_weighted,2,dac_incremental_funding_caused_by_bonus,USD,200000,69530660845,6.34718845952,0.00565431974174,0,0,0,1.17989232635,8.11129205074,19.3030514846,0.518175
direct_trade_underperformance,probability_weighted,2,dac_pledge_principal,USD,200000,69530660845,6844.16022349,878.217208413,0,0,20.6080716623,8943.60349767,24202.6942301,31676.1802658,0.82051
direct_trade_underperformance,probability_weighted,2,dac_project_funding,USD,200000,69530660845,1657.44167212,225.751975769,0,0,12.3138299873,1397.91304001,3609.22249163,7541.94250159,0.82051
direct_trade_underperformance,probability_weighted,2,dac_project_target,USD,200000,69530660845,356958.430046,71995.0128886,2401.5479559,5355.15318628,19108.6491576,252933.1504,743595.433294,1429990.08857,1
direct_trade_underperformance,probability_weighted,2,dac_required_surcharge,USD_internal_threshold_component,200000,69530660845,32857.1172505,1920.77098125,48.030959118,107.11134756,403.040332929,11831.5445641,59245.125992,137094.4285,1
direct_trade_underperformance,probability_weighted,2,dac_reserve_cash,USD_reserve_state,200000,69530660845,2228.35634657,2490.00196099,494.668802876,1018.40493495,2175.19160121,2500,2506.22853805,2547.38980873,1
direct_trade_underperformance,probability_weighted,2,dac_returned_or_cancelled_principal,USD,200000,69530660845,5011.70016493,414.621046013,0,0,0,5880.12139838,18445.1446516,26083.1073766,0.645165
direct_trade_underperformance,probability_weighted,2,dac_surcharge_inflow,USD_internal_transfer,200000,69530660845,175.018386435,4.70405381654,0,0,0.246276599746,76.9020662121,398.750817077,849.018743458,0.82051
direct_trade_underperformance,probability_weighted,2,lapsed_dac_projects,projects,200000,69530660845,53.926274359,24.3831750851,1.3719739928,2.85052477742,8.5339740713,61.3683943007,129.783556444,200.074252804,1
direct_trade_underperformance,probability_weighted,2,successful_dac_projects,projects,200000,69530660845,0.909001178054,0.0795195964686,0,0,0.0050905473173,0.34767573003,1.00633591389,2.18971832552,0.82051
direct_trade_underperformance,probability_weighted,3,_contributor_choice_principal,USD_pledge_principal,200000,69530660845,282947.375116,4546.72890344,16.2899086331,59.1813976071,488.079824349,31813.7827261,201136.645567,595934.370047,1
direct_trade_underperformance,probability_weighted,3,_gross_threshold,USD,200000,69530660845,647046.248024,124750.380284,4038.494968,9005.34138514,32316.8180737,447217.755851,1340232.99806,2597986.5675,1
direct_trade_underperformance,probability_weighted,3,_mean_pledge,USD_per_contributor,200000,69530660845,122.075181136,74.7518934148,14.812316773,21.1641152173,38.443872463,146.271515184,265.793975895,381.109084451,1
direct_trade_underperformance,probability_weighted,3,_potential_contributors,contributors,200000,69530660845,7671.01995115,847.112266842,13.7343877218,35.9176893789,170.360083012,3787.13184125,13633.8434659,29090.739168,1
direct_trade_underperformance,probability_weighted,3,_potential_pledge_principal,USD_pledge_principal,200000,69530660845,1189401.83347,61857.5911723,645.864022966,1853.55295323,10288.761082,343025.8656,1533746.67383,3737161.81878,1
direct_trade_underperformance,probability_weighted,3,_project_target,USD,200000,69530660845,588499.033319,118694.480708,3959.30879216,8828.76606386,31503.4486112,416997.896605,1225927.60624,2357551.22709,1
direct_trade_underperformance,probability_weighted,3,_reserve_before,USD_reserve_state,200000,69530660845,2228.35634657,2490.00196099,494.668802876,1018.40493495,2175.19160121,2500,2506.22853805,2547.38980873,1
direct_trade_underperformance,probability_weighted,3,_reserve_capacity_probability,indicator,200000,69530660845,0.177805,0,0,0,0,0,1,1,0.177805
direct_trade_underperformance,probability_weighted,3,_reserve_exhaustion_probability,indicator,200000,69530660845,0,0,0,0,0,0,0,0,0
direct_trade_underperformance,probability_weighted,3,_stress_projected_liability,USD_internal_liability,200000,69530660845,4476.57412804,411.792221607,0,0,15.9859074156,3298.30225596,13836.9496295,25238.7084409,0.82051
direct_trade_underperformance,probability_weighted,3,_stress_projected_successful_target,USD,200000,69530660845,205974.661662,41543.0682479,1385.75807726,3090.06812235,11026.2070139,145949.263812,429074.662184,825142.929483,1
direct_trade_underperformance,probability_weighted,3,_surcharge_rate,proportion,200000,69530660845,0.0549301336392,0.02,0.02,0.02,0.02,0.0940772120221,0.15,0.15,1
direct_trade_underperformance,probability_weighted,3,_willing_pledge,USD_pledge_principal,200000,69530660845,37914.8514036,1446.82892866,0,0,33.9754694973,14586.0980801,89411.7773365,219747.011965,0.82051
direct_trade_underperformance,probability_weighted,3,dac_bonus_liability_locked,USD_internal_liability,200000,69530660845,420.59629359,78.4433756455,0,0,1.8252990079,505.654477965,1162.44610481,1581.22247521,0.82051
direct_trade_underperformance,probability_weighted,3,dac_bonus_liability_released,USD_internal_liability,200000,69530660845,145.585360453,20.5836371677,0,0,1.11313836886,96.1838978046,301.669511777,635.895619062,0.82051
direct_trade_underperformance,probability_weighted,3,dac_bonus_paid,USD_internal_transfer,200000,69530660845,275.010933137,37.1949315189,0,0,0,353.309744948,881.854013128,1174.38665983,0.645025
direct_trade_underperformance,probability_weighted,3,dac_capacity_waiting_pledges,USD_pledge_principal,200000,69530660845,30275.1189911,0,0,0,0,0,68182.3258643,194282.095189,0.177805
direct_trade_underperformance,probability_weighted,3,dac_free_reserve,USD_reserve_state,200000,69530660845,2231.48223895,2483.09274569,343.964619659,660.238837707,1925.10593285,2500.02418483,2518.98506859,2744.56738186,1
direct_trade_underperformance,probability_weighted,3,dac_funding_lost_to_surcharge,USD,200000,69530660845,7736.02280527,5.77520404396,0,0,0.191628582076,221.510508116,7220.86513761,28386.5595943,0.80428
direct_trade_underperformance,probability_weighted,3,dac_gross_threshold,USD,200000,69530660845,647046.248024,124750.380284,4038.494968,9005.34138514,32316.8180737,447217.755851,1340232.99806,2597986.5675,1
direct_trade_underperformance,probability_weighted,3,dac_incremental_funding_caused_by_bonus,USD,200000,69530660845,6.7774205785,0,0,0,0,1.20327845966,7.7016638185,17.2783189383,0.48159
direct_trade_underperformance,probability_weighted,3,dac_pledge_principal,USD,200000,69530660845,7639.73241246,1446.82892866,0,0,33.9754694973,9223.85349256,21073.2863064,29138.0238862,0.82051
direct_trade_underperformance,probability_weighted,3,dac_project_funding,USD,200000,69530660845,2353.34016038,371.029041306,0,0,20.3011850189,1595.99573083,4875.08538419,10201.1384226,0.82051
direct_trade_underperformance,probability_weighted,3,dac_project_target,USD,200000,69530660845,588499.033319,118694.480708,3959.30879216,8828.76606386,31503.4486112,416997.896605,1225927.60624,2357551.22709,1
direct_trade_underperformance,probability_weighted,3,dac_required_surcharge,USD_internal_threshold_component,200000,69530660845,58547.2147045,3485.8523455,79.1861758432,176.575321277,671.545511827,24669.470204,112139.973333,247648.97076,1
direct_trade_underperformance,probability_weighted,3,dac_reserve_cash,USD_reserve_state,200000,69530660845,2231.48223895,2483.09274569,343.964619659,660.238837707,1925.10593285,2500.02418483,2518.98506859,2744.56738186,1
direct_trade_underperformance,probability_weighted,3,dac_returned_or_cancelled_principal,USD,200000,69530660845,5008.25542656,688.014369364,0,0,0,6446.4242351,15965.3112667,21288.8992317,0.64582
direct_trade_underperformance,probability_weighted,3,dac_surcharge_inflow,USD_internal_transfer,200000,69530660845,278.13682552,7.77428883069,0,0,0.406023700379,154.79109835,577.556242728,1284.49978832,0.82051
direct_trade_underperformance,probability_weighted,3,lapsed_dac_projects,projects,200000,69530660845,89.2506661245,40.46596702,2.28827928802,4.72628014691,14.1300894859,101.882546754,214.805875739,330.739887525,1
direct_trade_underperformance,probability_weighted,3,successful_dac_projects,projects,200000,69530660845,1.15343678804,0.128778564844,0,0,0.00839252589448,0.491644901164,1.25699236353,2.38427466002,0.82051
direct_trade_underperformance,probability_weighted,4,_contributor_choice_principal,USD_pledge_principal,200000,69530660845,392575.255833,6237.85648146,22.6990530262,82.4658819115,680.111232707,43635.4426924,276538.986066,822748.084096,1
direct_trade_underperformance,probability_weighted,4,_gross_threshold,USD,200000,69530660845,905053.537051,175121.196633,5627.41102099,12549.3970722,45285.3880954,627491.645057,1876499.32137,3632082.80204,1
direct_trade_underperformance,probability_weighted,4,_mean_pledge,USD_per_contributor,200000,69530660845,122.075181136,74.7518934148,14.812316773,21.1641152173,38.443872463,146.271515184,265.793975895,381.109084451,1
direct_trade_underperformance,probability_weighted,4,_potential_contributors,contributors,200000,69530660845,10689.1261614,1180.40233904,19.1380812517,50.0492392985,237.387000918,5277.15092633,18997.9786,40536.2758899,1
direct_trade_underperformance,probability_weighted,4,_potential_pledge_principal,USD_pledge_principal,200000,69530660845,1657363.21058,86195.0040925,899.974458231,2582.81968893,14336.798229,477986.861901,2137187.98812,5207520.56715,1
direct_trade_underperformance,probability_weighted,4,_project_target,USD,200000,69530660845,820039.636592,165393.948528,5517.06962842,12302.3789415,43898.2480648,581062.64281,1708259.77919,3285112.36562,1
direct_trade_underperformance,probability_weighted,4,_reserve_before,USD_reserve_state,200000,69530660845,2231.48223895,2483.09274569,343.964619659,660.238837707,1925.10593285,2500.02418483,2518.98506859,2744.56738186,1
direct_trade_underperformance,probability_weighted,4,_reserve_capacity_probability,indicator,200000,69530660845,0.213405,0,0,0,0,0,1,1,0.213405
direct_trade_underperformance,probability_weighted,4,_reserve_exhaustion_probability,indicator,200000,69530660845,0,0,0,0,0,0,0,0,0
direct_trade_underperformance,probability_weighted,4,_stress_projected_liability,USD_internal_liability,200000,69530660845,6248.52329665,573.808833387,0,0,22.2754447595,4634.69295577,19293.6062216,35168.6920897,0.82051
direct_trade_underperformance,probability_weighted,4,_stress_projected_successful_target,USD,200000,69530660845,287013.872807,57887.8819847,1930.97436995,4305.83262951,15364.3868227,203371.924984,597890.922716,1149789.32797,1
direct_trade_underperformance,probability_weighted,4,_surcharge_rate,proportion,200000,69530660845,0.0608705610095,0.02,0.02,0.02,0.02,0.15,0.15,0.15,1
direct_trade_underperformance,probability_weighted,4,_willing_pledge,USD_pledge_principal,200000,69530660845,52593.1922314,2009.24451702,0,0,47.3428673323,19012.1353781,124020.100476,305258.796855,0.82051
direct_trade_underperformance,probability_weighted,4,dac_bonus_liability_locked,USD_internal_liability,200000,69530660845,502.490667953,109.024474611,0,0,2.54344946534,514.580363123,1098.40942347,1881.60666877,0.82051
direct_trade_underperformance,probability_weighted,4,dac_bonus_liability_released,USD_internal_liability,200000,69530660845,197.124004103,28.5052973323,0,0,1.5510944488,115.421579088,390.324199784,833.237085909,0.82051
direct_trade_underperformance,probability_weighted,4,dac_bonus_paid,USD_internal_transfer,200000,69530660845,305.36666385,50.5904668212,0,0,0,354.177915943,819.95736466,1111.30469128,0.64379
direct_trade_underperformance,probability_weighted,4,dac_capacity_waiting_pledges,USD_pledge_principal,200000,69530660845,43475.1355592,0,0,0,0,0,98827.0644777,273799.964609,0.213405
direct_trade_underperformance,probability_weighted,4,dac_free_reserve,USD_reserve_state,200000,69530660845,2325.05522408,2480.60243414,278.677661982,521.137682294,1710.88051108,2500.23388728,2553.41042827,3350.32683091,1
direct_trade_underperformance,probability_weighted,4,dac_funding_lost_to_surcharge,USD,200000,69530660845,10855.8826764,8.56452070885,0,0,0.275729332187,437.676786645,10239.2350915,39220.4771437,0.80529
direct_trade_underperformance,probability_weighted,4,dac_gross_threshold,USD,200000,69530660845,905053.537051,175121.196633,5627.41102099,12549.3970722,45285.3880954,627491.645057,1876499.32137,3632082.80204,1
direct_trade_underperformance,probability_weighted,4,dac_incremental_funding_caused_by_bonus,USD,200000,69530660845,8.72493443779,0,0,0,0,1.13585970826,7.30035626352,16.355632853,0.452975
direct_trade_underperformance,probability_weighted,4,dac_pledge_principal,USD,200000,69530660845,9118.0566722,2009.24451702,0,0,47.3428673323,9365.85958478,20024.0441038,34176.675206,0.82051
direct_trade_underperformance,probability_weighted,4,dac_project_funding,USD,200000,69530660845,3164.0021683,508.394324055,0,0,28.2885365046,1913.06315301,6303.35219282,13311.8866376,0.82051
direct_trade_underperformance,probability_weighted,4,dac_project_target,USD,200000,69530660845,820039.636592,165393.948528,5517.06962842,12302.3789415,43898.2480648,581062.64281,1708259.77919,3285112.36562,1
direct_trade_underperformance,probability_weighted,4,dac_required_surcharge,USD_internal_threshold_component,200000,69530660845,85013.9004585,5564.26111351,110.341392568,246.429471042,970.548605248,39441.9211989,167856.940539,358744.247557,1
direct_trade_underperformance,probability_weighted,4,dac_reserve_cash,USD_reserve_state,200000,69530660845,2325.05522408,2480.60243414,278.677661982,521.137682294,1710.88051108,2500.23388728,2553.41042827,3350.32683091,1
direct_trade_underperformance,probability_weighted,4,dac_returned_or_cancelled_principal,USD,200000,69530660845,5555.11485492,936.911543355,0,0,0,6458.68241076,14883.9313368,20645.0262485,0.644785
direct_trade_underperformance,probability_weighted,4,dac_surcharge_inflow,USD_internal_transfer,200000,69530660845,398.939648979,11.2831214244,0,0,0.565770730092,187.221779854,791.863262352,1781.13554359,0.82051
direct_trade_underperformance,probability_weighted,4,lapsed_dac_projects,projects,200000,69530660845,124.481480241,56.5185530316,3.10518214421,6.49784794436,19.6408912874,142.22789892,299.552559344,461.117970481,1
direct_trade_underperformance,probability_weighted,4,successful_dac_projects,projects,200000,69530660845,1.49145004661,0.174070194601,0,0,0.0116945032962,0.613683715725,1.49196628853,2.70214769184,0.82051
direct_trade_underperformance,probability_weighted,5,_contributor_choice_principal,USD_pledge_principal,200000,69530660845,502861.774776,7757.60359438,29.10819741,105.750366216,871.714125734,55614.919716,353685.634669,1054148.25733,1
direct_trade_underperformance,probability_weighted,5,_gross_threshold,USD,200000,69530660845,1163437.79648,225878.121448,7216.32707397,16096.3154645,58517.6110286,808295.881943,2412387.35609,4668434.66992,1
direct_trade_underperformance,probability_weighted,5,_mean_pledge,USD_per_contributor,200000,69530660845,122.075181136,74.7518934148,14.812316773,21.1641152173,38.443872463,146.271515184,265.793975895,381.109084451,1
direct_trade_underperformance,probability_weighted,5,_potential_contributors,contributors,200000,69530660845,13707.2323717,1513.69241124,24.5417747816,64.1807892181,304.413918824,6767.17001141,24362.1137341,51981.8126118,1
direct_trade_underperformance,probability_weighted,5,_potential_pledge_principal,USD_pledge_principal,200000,69530660845,2125324.58768,110532.417013,1154.0848935,3312.08642463,18384.835376,612947.858203,2740629.30241,6677879.31552,1
direct_trade_underperformance,probability_weighted,5,_project_target,USD,200000,69530660845,1051580.23987,212093.416347,7074.83046468,15775.991819,56293.0475184,745127.389016,2190591.95214,4212673.50415,1
direct_trade_underperformance,probability_weighted,5,_reserve_before,USD_reserve_state,200000,69530660845,2325.05522408,2480.60243414,278.677661982,521.137682294,1710.88051108,2500.23388728,2553.41042827,3350.32683091,1
direct_trade_underperformance,probability_weighted,5,_reserve_capacity_probability,indicator,200000,69530660845,0.24201,0,0,0,0,0,1,1,0.24201
direct_trade_underperformance,probability_weighted,5,_reserve_exhaustion_probability,indicator,200000,69530660845,0,0,0,0,0,0,0,0,0
direct_trade_underperformance,probability_weighted,5,_stress_projected_liability,USD_internal_liability,200000,69530660845,8017.8912354,735.825445166,0,0,28.5649821033,5979.04434089,24741.2126841,45098.6757386,0.82051
direct_trade_underperformance,probability_weighted,5,_stress_projected_successful_target,USD,200000,69530660845,368053.083953,74232.6957216,2476.19066264,5521.59713666,19702.5666314,260794.586155,766707.183248,1474435.72645,1
direct_trade_underperformance,probability_weighted,5,_surcharge_rate,proportion,200000,69530660845,0.0657406610642,0.02,0.02,0.02,0.02,0.15,0.15,0.15,1
direct_trade_underperformance,probability_weighted,5,_willing_pledge,USD_pledge_principal,200000,69530660845,67304.3068588,2559.15161009,0,0,60.7102651673,24025.260436,158850.96416,391443.748477,0.82051
direct_trade_underperformance,probability_weighted,5,dac_bonus_liability_locked,USD_internal_liability,200000,69530660845,605.399249729,132.255280945,0,0,3.26159990263,523.500929895,1181.04581383,2382.11474474,0.82051
direct_trade_underperformance,probability_weighted,5,dac_bonus_liability_released,USD_internal_liability,200000,69530660845,250.319247273,33.7481983183,0,0,1.98905052846,139.572424894,488.342223724,1052.18058601,0.82051
direct_trade_underperformance,probability_weighted,5,dac_bonus_paid,USD_internal_transfer,200000,69530660845,355.080002456,63.1563053499,0,0,0,357.053249679,790.550209337,1336.14393439,0.64265
direct_trade_underperformance,probability_weighted,5,dac_capacity_waiting_pledges,USD_pledge_principal,200000,69530660845,56330.7231525,0,0,0,0,0,126984.674849,350264.080814,0.24201
direct_trade_underperformance,probability_weighted,5,dac_free_reserve,USD_reserve_state,200000,69530660845,2493.56561634,2482.50042111,244.943468376,462.128257707,1561.36713287,2500.89365805,2640.37405272,4250.88043397,1
direct_trade_underperformance,probability_weighted,5,dac_funding_lost_to_surcharge,USD,200000,69530660845,13961.5220368,12.1852875337,0,0,0.355986700117,772.618519901,13148.0800189,49972.6327842,0.80549
direct_trade_underperformance,probability_weighted,5,dac_gross_threshold,USD,200000,69530660845,1163437.79648,225878.121448,7216.32707397,16096.3154645,58517.6110286,808295.881943,2412387.35609,4668434.66992,1
direct_trade_underperformance,probability_weighted,5,dac_incremental_funding_caused_by_bonus,USD,200000,69530660845,10.3406066477,0,0,0,0,1.03549933249,6.91740961525,16.3174812944,0.42898
direct_trade_underperformance,probability_weighted,5,dac_pledge_principal,USD,200000,69530660845,10973.5837063,2410.07252141,0,0,60.7102651673,9551.16981015,21603.1767751,43127.0204409,0.82051
direct_trade_underperformance,probability_weighted,5,dac_project_funding,USD,200000,69530660845,4000.31620062,586.420997142,0,0,36.2758879883,2307.32278642,7861.38221653,16736.1968858,0.82051
direct_trade_underperformance,probability_weighted,5,dac_project_target,USD,200000,69530660845,1051580.23987,212093.416347,7074.83046468,15775.991819,56293.0475184,745127.389016,2190591.95214,4212673.50415,1
direct_trade_underperformance,probability_weighted,5,dac_required_surcharge,USD_internal_threshold_component,200000,69530660845,111857.556617,8193.03455215,141.496609294,318.22678358,1316.29445262,55515.6050433,223198.135926,471900.922245,1
direct_trade_underperformance,probability_weighted,5,dac_reserve_cash,USD_reserve_state,200000,69530660845,2493.56561634,2482.50042111,244.943468376,462.128257707,1561.36713287,2500.89365805,2640.37405272,4250.88043397,1
direct_trade_underperformance,probability_weighted,5,dac_returned_or_cancelled_principal,USD,200000,69530660845,6449.67711101,1165.05168206,0,0,0,6499.9084392,14463.9399785,24370.5186095,0.64405
direct_trade_underperformance,probability_weighted,5,dac_surcharge_inflow,USD_internal_transfer,200000,69530660845,523.59039472,15.7961086455,0,0,0.725517759765,238.222311565,1031.96235122,2316.57180525,0.82051
direct_trade_underperformance,probability_weighted,5,lapsed_dac_projects,projects,200000,69530660845,159.699262374,72.5701272407,3.95779606377,8.31378923111,25.1897678775,182.541280018,384.22065034,591.472714835,1
direct_trade_underperformance,probability_weighted,5,successful_dac_projects,projects,200000,69530660845,1.84249528911,0.215090328246,0,0,0.0149964806975,0.728707513803,1.75189271454,3.12255469727,0.82051
strong_network_repeat,conditional,1,_contributor_choice_principal,USD_pledge_principal,200000,69520760829,138856.44822,4846.18120831,40.8475936899,123.512978883,719.475353069,28825.287111,136691.194476,359220.670422,1
strong_network_repeat,conditional,1,_gross_threshold,USD,200000,69520760829,258480.298275,68658.8737354,4782.93579121,8541.34736054,22847.7418637,206332.908798,557528.45706,1001077.00215,1
strong_network_repeat,conditional,1,_mean_pledge,USD_per_contributor,200000,69520760829,121.321849249,74.953116079,14.8632117775,21.2770318528,38.6513368015,145.604826533,263.854611114,376.544422022,1
strong_network_repeat,conditional,1,_potential_contributors,contributors,200000,69520760829,3304.6528891,639.040849634,30.8233547624,60.3154717026,183.783100251,2171.30574471,6563.49116614,12579.5110957,1
strong_network_repeat,conditional,1,_potential_pledge_principal,USD_pledge_principal,200000,69520760829,500997.282008,47485.5312637,1247.92081987,2831.18156519,10789.3906761,209835.525358,789501.737909,1735044.98735,1
strong_network_repeat,conditional,1,_project_target,USD,200000,69520760829,235963.446971,65147.096236,4641.84521986,8279.98572056,22023.0308701,192154.231559,512620.209731,910127.492694,1
strong_network_repeat,conditional,1,_reserve_before,USD_reserve_state,200000,69520760829,2500,2500,2500,2500,2500,2500,2500,2500,1
strong_network_repeat,conditional,1,_reserve_capacity_probability,indicator,200000,69520760829,0.139745,0,0,0,0,0,1,1,0.139745
strong_network_repeat,conditional,1,_reserve_exhaustion_probability,indicator,200000,69520760829,0,0,0,0,0,0,0,0,0
strong_network_repeat,conditional,1,_stress_projected_liability,USD_internal_liability,200000,69520760829,2227.22888126,652.120717398,11.3998596987,29.1458260647,131.941061449,2731.28209439,6892.96799632,10016.4982978,1
strong_network_repeat,conditional,1,_stress_projected_successful_target,USD,200000,69520760829,82587.2064397,22801.4836826,1624.64582695,2897.9950022,7708.06080455,67253.9810455,179417.073406,318544.622443,1
strong_network_repeat,conditional,1,_surcharge_rate,proportion,200000,69520760829,0.0581063359843,0.0384339314784,0.0281823977552,0.028466333217,0.0301110569832,0.0717005135102,0.138287487941,0.15,1
strong_network_repeat,conditional,1,_willing_pledge,USD_pledge_principal,200000,69520760829,20950.6074958,3484.95143184,29.5980455481,89.9959958488,527.311566937,18752.1151466,65232.1612834,110380.604622,1
strong_network_repeat,conditional,1,dac_bonus_liability_locked,USD_internal_liability,200000,69520760829,678.112171088,190.440463441,1.57251328475,4.78876897916,28.4035809537,1032.76388389,2500,2500,1
strong_network_repeat,conditional,1,dac_bonus_liability_released,USD_internal_liability,200000,69520760829,122.390513255,31.3595122384,0.963031021428,2.16944591177,7.67598633805,145.257756012,293.520648741,532.038995998,1
strong_network_repeat,conditional,1,dac_bonus_paid,USD_internal_transfer,200000,69520760829,555.721657833,144.92751988,0,0,12.0380400858,787.337467604,2165.95989885,2309.08134765,0.851465
strong_network_repeat,conditional,1,dac_capacity_waiting_pledges,USD_pledge_principal,200000,69520760829,8702.46309803,0,0,0,0,0,20099.5589757,65375.641017,0.139745
strong_network_repeat,conditional,1,dac_free_reserve,USD_reserve_state,200000,69520760829,2130.73970476,2416.45040092,602.465524996,894.555998311,1964.36034057,2499.22834841,2508.24749278,2557.56342639,1
strong_network_repeat,conditional,1,dac_funding_lost_to_surcharge,USD,200000,69520760829,3449.4789418,18.0513078819,3.63797880709e-12,0.290389557744,2.11487606205,270.810074052,4466.80197073,16578.7860118,0.95301
strong_network_repeat,conditional,1,dac_gross_threshold,USD,200000,69520760829,258480.298275,68658.8737354,4782.93579121,8541.34736054,22847.7418637,206332.908798,557528.45706,1001077.00215,1
strong_network_repeat,conditional,1,dac_incremental_funding_caused_by_bonus,USD,200000,69520760829,12.7529224551,0.176884868037,0,0,0,2.90849941883,16.3771351711,41.0674870394,0.618585
strong_network_repeat,conditional,1,dac_pledge_principal,USD,200000,69520760829,12248.1443977,3484.95143184,29.5980455481,89.9959958488,527.311566937,18752.1151466,42338.4105372,45251.1245812,1
strong_network_repeat,conditional,1,dac_project_funding,USD,200000,69520760829,2027.09879895,550.816990644,17.6907863471,39.2998292509,137.979819379,2382.17179987,4803.48466386,8790.75355337,1
strong_network_repeat,conditional,1,dac_project_target,USD,200000,69520760829,235963.446971,65147.096236,4641.84521986,8279.98572056,22023.0308701,192154.231559,512620.209731,910127.492694,1
strong_network_repeat,conditional,1,dac_required_surcharge,USD_internal_threshold_component,200000,69520760829,22516.8513048,2865.84956278,138.260795519,257.599209688,769.956410358,12538.9516346,45333.2907498,93360.7723664,1
strong_network_repeat,conditional,1,dac_reserve_cash,USD_reserve_state,200000,69520760829,2130.73970476,2416.45040092,602.465524996,894.555998311,1964.36034057,2499.22834841,2508.24749278,2557.56342639,1
strong_network_repeat,conditional,1,dac_returned_or_cancelled_principal,USD,200000,69520760829,10034.5842362,2657.17564289,0,0,223.738512883,14324.4651471,37948.3958953,40355.4599904,0.85175
strong_network_repeat,conditional,1,dac_surcharge_inflow,USD_internal_transfer,200000,69520760829,186.461362596,22.3455131797,0.502565444505,1.13700508784,4.31683958302,179.454686384,509.995987357,861.040413602,1
strong_network_repeat,conditional,1,lapsed_dac_projects,projects,200000,69520760829,34.6093627712,20.4798474188,3.45344428883,5.23968254685,10.0902016632,41.2047931899,77.3198281852,111.036423008,1
strong_network_repeat,conditional,1,successful_dac_projects,projects,200000,69520760829,1.22064302815,0.151412112893,0.00851410897107,0.01933424518,0.0532006201161,0.476654859725,1.74291609247,5.37112171477,1
strong_network_repeat,conditional,2,_contributor_choice_principal,USD_pledge_principal,200000,69520760829,393236.766767,13260.9002812,118.921928829,358.648626235,2101.60032724,75218.5317806,391631.818587,1021709.59485,1
strong_network_repeat,conditional,2,_gross_threshold,USD,200000,69520760829,750349.610277,199563.617809,13503.9506991,24189.940785,65661.9088149,599954.863255,1624420.34762,2914484.98361,1
strong_network_repeat,conditional,2,_mean_pledge,USD_per_contributor,200000,69520760829,121.321849249,74.953116079,14.8632117775,21.2770318528,38.6513368015,145.604826533,263.854611114,376.544422022,1
strong_network_repeat,conditional,2,_potential_contributors,contributors,200000,69520760829,9405.55053052,1818.80857203,87.7280097083,171.667111769,523.074977637,6179.87019649,18680.7056267,35803.2238877,1
strong_network_repeat,conditional,2,_potential_pledge_principal,USD_pledge_principal,200000,69520760829,1425915.3411,135151.127443,3551.77464118,8057.97830092,30708.2657703,597224.187557,2247043.4079,4938204.964,1
strong_network_repeat,conditional,2,_project_target,USD,200000,69520760829,671588.272147,185418.658518,13211.4056258,23566.1132047,62680.934015,546900.505205,1458995.98154,2590362.86382,1
strong_network_repeat,conditional,2,_reserve_before,USD_reserve_state,200000,69520760829,2130.73970476,2416.45040092,602.465524996,894.555998311,1964.36034057,2499.22834841,2508.24749278,2557.56342639,1
strong_network_repeat,conditional,2,_reserve_capacity_probability,indicator,200000,69520760829,0.287555,0,0,0,0,1,1,1,0.287555
strong_network_repeat,conditional,2,_reserve_exhaustion_probability,indicator,200000,69520760829,0,0,0,0,0,0,0,0,0
strong_network_repeat,conditional,2,_stress_projected_liability,USD_internal_liability,200000,69520760829,6394.37592758,1851.5457331,32.4395427824,82.9015773378,374.896580128,7812.67208816,19889.1391919,28840.3794461,1
strong_network_repeat,conditional,2,_stress_projected_successful_target,USD,200000,69520760829,235055.895251,64896.5304813,4623.99196901,8248.13962164,21938.3269053,191415.176822,510648.593539,906627.002338,1
strong_network_repeat,conditional,2,_surcharge_rate,proportion,200000,69520760829,0.0745851926257,0.047787527007,0.02,0.02,0.02,0.15,0.15,0.15,1
strong_network_repeat,conditional,2,_willing_pledge,USD_pledge_principal,200000,69520760829,58686.7400955,9528.91139048,86.2972088526,262.154544916,1536.83375916,48578.9328083,185828.013694,315048.065828,1
strong_network_repeat,conditional,2,dac_bonus_liability_locked,USD_internal_liability,200000,69520760829,718.597537485,489.62312487,4.57325788615,13.9639872222,82.7223619518,1125.07667176,1759.7259176,2089.03637044,1
strong_network_repeat,conditional,2,dac_bonus_liability_released,USD_internal_liability,200000,69520760829,208.496016715,86.0350764676,2.76448780515,6.22041659216,21.9710277349,185.70304377,491.020920842,898.272039258,1
strong_network_repeat,conditional,2,dac_bonus_paid,USD_internal_transfer,200000,69520760829,510.10152077,291.484603566,0,0,33.1931000708,812.907651461,1437.44632976,1652.14621791,0.850095
strong_network_repeat,conditional,2,dac_capacity_waiting_pledges,USD_pledge_principal,200000,69520760829,45603.9230396,0,0,0,0,14074.5671788,164626.570223,296424.033755,0.287555
strong_network_repeat,conditional,2,dac_free_reserve,USD_reserve_state,200000,69520760829,2014.36025273,2250.24729915,368.291095004,480.828324267,1251.24072386,2500.10231584,2551.57879189,3102.65527954,1
strong_network_repeat,conditional,2,dac_funding_lost_to_surcharge,USD,200000,69520760829,12385.3619677,71.3795220056,0.245592933826,0.88979769489,5.35439149959,2625.67624583,24046.199491,69211.0754711,0.973505
strong_network_repeat,conditional,2,dac_gross_threshold,USD,200000,69520760829,750349.610277,199563.617809,13503.9506991,24189.940785,65661.9088149,599954.863255,1624420.34762,2914484.98361,1
strong_network_repeat,conditional,2,dac_incremental_funding_caused_by_bonus,USD,200000,69520760829,8.77545189607,0.0379195533657,0,0,0,2.94843970555,13.6315675337,27.8747818734,0.51937
strong_network_repeat,conditional,2,dac_pledge_principal,USD,200000,69520760829,13082.8170559,8741.47524478,86.2972088526,262.154544916,1536.83375916,20341.2622464,31851.6754078,38933.3023108,1
strong_network_repeat,conditional,2,dac_project_funding,USD,200000,69520760829,3381.51598628,1402.89299254,51.2535406885,113.663126252,397.040077871,3032.41277905,7920.24184508,14394.6592406,1
strong_network_repeat,conditional,2,dac_project_target,USD,200000,69520760829,671588.272147,185418.658518,13211.4056258,23566.1132047,62680.934015,546900.505205,1458995.98154,2590362.86382,1
strong_network_repeat,conditional,2,dac_required_surcharge,USD_internal_threshold_component,200000,69520760829,78761.3381296,9802.18806343,273.885706852,534.267266377,1858.36295496,51107.2679862,172599.835592,335192.694951,1
strong_network_repeat,conditional,2,dac_reserve_cash,USD_reserve_state,200000,69520760829,2014.36025273,2250.24729915,368.291095004,480.828324267,1251.24072386,2500.10231584,2551.57879189,3102.65527954,1
strong_network_repeat,conditional,2,dac_returned_or_cancelled_principal,USD,200000,69520760829,9307.57900084,5198.19704819,0,0,615.920308831,14743.4209602,25990.1627972,30256.9423555,0.851135
strong_network_repeat,conditional,2,dac_surcharge_inflow,USD_internal_transfer,200000,69520760829,393.722068741,75.3817809967,1.02507081377,2.28058709265,8.950747454,345.570944314,966.496653924,1780.88794599,1
strong_network_repeat,conditional,2,lapsed_dac_projects,projects,200000,69520760829,100.251977946,60.0463006793,10.5853733228,15.6582398398,29.7633071705,119.726554224,222.890948949,318.887114719,1
strong_network_repeat,conditional,2,successful_dac_projects,projects,200000,69520760829,1.72573086806,0.376750617531,0.0248387320674,0.0558376482174,0.150571483022,0.852440528779,1.9897456703,4.97884865095,1
strong_network_repeat,conditional,3,_contributor_choice_principal,USD_pledge_principal,200000,69520760829,637040.246695,19862.7235335,196.061594015,591.287615871,3449.98367488,120929.889308,618903.623335,1631503.19225,1
strong_network_repeat,conditional,3,_gross_threshold,USD,200000,69520760829,1245687.72734,333416.651594,22291.8572467,40134.7183722,110202.339052,1001774.20498,2698827.22623,4836511.68322,1
strong_network_repeat,conditional,3,_mean_pledge,USD_per_contributor,200000,69520760829,121.321849249,74.953116079,14.8632117775,21.2770318528,38.6513368015,145.604826533,263.854611114,376.544422022,1
strong_network_repeat,conditional,3,_potential_contributors,contributors,200000,69520760829,15506.4481719,2998.57629444,144.632664654,283.018751835,862.366855023,10188.4346483,30797.9200873,59026.9366798,1
strong_network_repeat,conditional,3,_potential_pledge_principal,USD_pledge_principal,200000,69520760829,2350833.40019,222816.723622,5855.62846248,13284.7750366,50627.1408646,984612.849755,3704585.07788,8141364.94064,1
strong_network_repeat,conditional,3,_project_target,USD,200000,69520760829,1107213.09732,305690.2208,21780.9660316,38852.2406888,103338.83716,901646.778852,2405371.75335,4270598.23495,1
strong_network_repeat,conditional,3,_reserve_before,USD_reserve_state,200000,69520760829,2014.36025273,2250.24729915,368.291095004,480.828324267,1251.24072386,2500.10231584,2551.57879189,3102.65527954,1
strong_network_repeat,conditional,3,_reserve_capacity_probability,indicator,200000,69520760829,0.37804,0,0,0,0,1,1,1,0.37804
strong_network_repeat,conditional,3,_reserve_exhaustion_probability,indicator,200000,69520760829,0,0,0,0,0,0,0,0,0
strong_network_repeat,conditional,3,_stress_projected_liability,USD_internal_liability,200000,69520760829,10595.7350821,3058.43720004,53.4729499092,136.651739242,617.501289444,13112.7833538,32881.5927158,47547.6526003,1
strong_network_repeat,conditional,3,_stress_projected_successful_target,USD,200000,69520760829,387524.584063,106991.57728,7623.33811108,13598.2842411,36168.593006,315576.372598,841880.113673,1494709.38223,1
strong_network_repeat,conditional,3,_surcharge_rate,proportion,200000,69520760829,0.0868134373014,0.0862658675647,0.02,0.02,0.02,0.15,0.15,0.15,1
strong_network_repeat,conditional,3,_willing_pledge,USD_pledge_principal,200000,69520760829,95834.1270039,14424.3720338,142.275245074,432.202154887,2521.23761871,79583.5486357,304216.260743,518524.808972,1
strong_network_repeat,conditional,3,dac_bonus_liability_locked,USD_internal_liability,200000,69520760829,810.633697493,453.08561591,7.53969686716,23.0227992392,135.832874242,1002.36734705,1640.85571158,2690.3829321,1
strong_network_repeat,conditional,3,dac_bonus_liability_released,USD_internal_liability,200000,69520760829,306.304181144,93.8547881744,4.55767477103,10.2553763277,35.9657727862,251.118324287,687.94652897,1270.48406129,1
strong_network_repeat,conditional,3,dac_bonus_paid,USD_internal_transfer,200000,69520760829,504.329516349,300.82234801,0,0,55.9695066821,716.749133756,1171.62168014,1446.58399951,0.851345
strong_network_repeat,conditional,3,dac_capacity_waiting_pledges,USD_pledge_principal,200000,69520760829,81078.9880873,0,0,0,0,58770.4916563,275877.003162,488024.558606,0.37804
strong_network_repeat,conditional,3,dac_free_reserve,USD_reserve_state,200000,69520760829,2138.36599123,2105.88629088,268.144962578,365.45864021,935.271435866,2502.42009031,2822.7093046,4430.3606385,1
strong_network_repeat,conditional,3,dac_funding_lost_to_surcharge,USD,200000,69520760829,20877.1913174,193.864814532,0.602765718259,1.74010192471,10.2150616764,5554.85789563,41189.2429472,118000.164193,0.98263
strong_network_repeat,conditional,3,dac_gross_threshold,USD,200000,69520760829,1245687.72734,333416.651594,22291.8572467,40134.7183722,110202.339052,1001774.20498,2698827.22623,4836511.68322,1
strong_network_repeat,conditional,3,dac_incremental_funding_caused_by_bonus,USD,200000,69520760829,9.37382558696,0,0,0,0,2.35121583118,11.3384460287,23.7124686046,0.452525
strong_network_repeat,conditional,3,dac_pledge_principal,USD,200000,69520760829,14755.1389166,8323.51895521,142.275245074,432.202154887,2521.23761871,18214.5239461,30131.5264228,48527.7078942,1
strong_network_repeat,conditional,3,dac_project_funding,USD,200000,69520760829,4915.40924052,1561.88772359,84.4990805946,187.403892211,644.138407603,4077.91810689,11010.7610974,20099.7175227,1
strong_network_repeat,conditional,3,dac_project_target,USD,200000,69520760829,1107213.09732,305690.2208,21780.9660316,38852.2406888,103338.83716,901646.778852,2405371.75335,4270598.23495,1
strong_network_repeat,conditional,3,dac_required_surcharge,USD_internal_threshold_component,200000,69520760829,138474.630014,21383.7212778,452.694427362,910.578134652,3498.18755595,97546.606104,306998.215221,580516.583132,1
strong_network_repeat,conditional,3,dac_reserve_cash,USD_reserve_state,200000,69520760829,2138.36599123,2105.88629088,268.144962578,365.45864021,935.271435866,2502.42009031,2822.7093046,4430.3606385,1
strong_network_repeat,conditional,3,dac_returned_or_cancelled_principal,USD,200000,69520760829,9211.39442128,5480.76537036,0,0,1039.76778206,13050.0231587,21360.6625616,27119.656778,0.85288
strong_network_repeat,conditional,3,dac_surcharge_inflow,USD_internal_transfer,200000,69520760829,628.335254841,151.308525809,1.68998161189,3.75730786166,15.1612241435,490.916947694,1465.9346484,2728.95145121,1
strong_network_repeat,conditional,3,lapsed_dac_projects,projects,200000,69520760829,166.022972464,99.796291583,17.6263236791,26.0336256274,49.6072647569,198.573012656,368.294666502,526.401626222,1
strong_network_repeat,conditional,3,successful_dac_projects,projects,200000,69520760829,2.10243936405,0.538260193396,0.0409425666209,0.0917072824847,0.238194920177,1.11608172091,2.28957126228,4.20384109004,1
strong_network_repeat,conditional,4,_contributor_choice_principal,USD_pledge_principal,200000,69520760829,884463.58832,25599.4451765,273.200582085,823.8389591,4764.73807937,166528.850243,854386.300963,2259616.01801,1
strong_network_repeat,conditional,4,_gross_threshold,USD,200000,69520760829,1742449.07732,468544.754456,31190.4011317,56712.1549766,155259.015786,1404181.53972,3776780.26747,6756177.60305,1
strong_network_repeat,conditional,4,_mean_pledge,USD_per_contributor,200000,69520760829,121.321849249,74.953116079,14.8632117775,21.2770318528,38.6513368015,145.604826533,263.854611114,376.544422022,1
strong_network_repeat,conditional,4,_potential_contributors,contributors,200000,69520760829,21607.3458134,4178.34401684,201.5373196,394.370391901,1201.65873241,14196.9991,42915.1345478,82250.6494718,1
strong_network_repeat,conditional,4,_potential_pledge_principal,USD_pledge_principal,200000,69520760829,3275751.45928,310482.319801,8159.48228379,18511.5717724,70546.0159588,1372001.51195,5162126.74787,11344524.9173,1
strong_network_repeat,conditional,4,_project_target,USD,200000,69520760829,1542837.9225,425961.783082,30350.5264375,54138.3681729,143996.740305,1256393.0525,3351747.52516,5950833.60608,1
strong_network_repeat,conditional,4,_reserve_before,USD_reserve_state,200000,69520760829,2138.36599123,2105.88629088,268.144962578,365.45864021,935.271435866,2502.42009031,2822.7093046,4430.3606385,1
strong_network_repeat,conditional,4,_reserve_capacity_probability,indicator,200000,69520760829,0.43461,0,0,0,0,1,1,1,0.43461
strong_network_repeat,conditional,4,_reserve_exhaustion_probability,indicator,200000,69520760829,0,0,0,0,0,0,0,0,0
strong_network_repeat,conditional,4,_stress_projected_liability,USD_internal_liability,200000,69520760829,14781.5735075,4294.09781378,74.5114875783,190.41635796,860.452616438,18287.7681298,45818.6128007,66254.9257545,1
strong_network_repeat,conditional,4,_stress_projected_successful_target,USD,200000,69520760829,539993.272875,149086.624079,10622.6842531,18948.4288605,50398.8591067,439737.568375,1173111.63381,2082791.76213,1
strong_network_repeat,conditional,4,_surcharge_rate,proportion,200000,69520760829,0.0953874152246,0.15,0.02,0.02,0.02,0.15,0.15,0.15,1
strong_network_repeat,conditional,4,_willing_pledge,USD_pledge_principal,200000,69520760829,133147.843872,18613.6782314,198.252391078,602.232793245,3476.07179693,110412.581293,423633.369362,722538.506299,1
strong_network_repeat,conditional,4,dac_bonus_liability_locked,USD_internal_liability,200000,69520760829,1008.93170663,453.418946485,10.5061349789,32.0685420962,177.926178002,972.604603728,2065.02138869,3715.4035015,1
strong_network_repeat,conditional,4,dac_bonus_liability_released,USD_internal_liability,200000,69520760829,418.076304275,111.269891476,6.35085829286,14.2890299635,44.432298957,326.62575434,920.693501497,1737.25995436,1
strong_network_repeat,conditional,4,dac_bonus_paid,USD_internal_transfer,200000,69520760829,590.855402358,288.511567313,0,0,74.7423910618,686.5380518,1186.4996628,2025.66772628,0.849755
strong_network_repeat,conditional,4,dac_capacity_waiting_pledges,USD_pledge_principal,200000,69520760829,114818.13745,0,0,0,0,85111.3106213,383174.94604,673720.486908,0.43461
strong_network_repeat,conditional,4,dac_free_reserve,USD_reserve_state,200000,69520760829,2441.6633872,2034.23591096,217.425207773,319.392589312,819.048850369,2513.03343344,3598.56599007,6318.39314325,1
strong_network_repeat,conditional,4,dac_funding_lost_to_surcharge,USD,200000,69520760829,29209.1074422,396.021676461,0.903684754666,2.53163189003,16.521930201,7864.55378187,57153.6666083,166140.345855,0.98422
strong_network_repeat,conditional,4,dac_gross_threshold,USD,200000,69520760829,1742449.07732,468544.754456,31190.4011317,56712.1549766,155259.015786,1404181.53972,3776780.26747,6756177.60305,1
strong_network_repeat,conditional,4,dac_incremental_funding_caused_by_bonus,USD,200000,69520760829,12.0180426931,0,0,0,0,1.91651921735,10.2239059949,24.1241768271,0.407815
strong_network_repeat,conditional,4,dac_pledge_principal,USD,200000,69520760829,18329.7064214,8290.3868394,198.252391078,602.232793245,3229.4343058,17754.3791466,37419.5712208,67346.9982489,1
strong_network_repeat,conditional,4,dac_project_funding,USD,200000,69520760829,6671.9558623,1845.56655959,117.744620501,261.086488725,761.113494795,5289.99518754,14620.3975661,27296.208837,1
strong_network_repeat,conditional,4,dac_project_target,USD,200000,69520760829,1542837.9225,425961.783082,30350.5264375,54138.3681729,143996.740305,1256393.0525,3351747.52516,5950833.60608,1
strong_network_repeat,conditional,4,dac_required_surcharge,USD_internal_threshold_component,200000,69520760829,199611.15482,35018.919542,659.80349457,1375.82092244,5898.32846701,146286.683569,442477.671588,824058.797088,1
strong_network_repeat,conditional,4,dac_reserve_cash,USD_reserve_state,200000,69520760829,2441.6633872,2034.23591096,217.425207773,319.392589312,819.048850369,2513.03343344,3598.56599007,6318.39314325,1
strong_network_repeat,conditional,4,dac_returned_or_cancelled_principal,USD,200000,69520760829,10763.5977608,5281.51063939,0,0,1387.24600185,12514.7556297,21888.7897216,36766.1358287,0.852115
strong_network_repeat,conditional,4,dac_surcharge_inflow,USD_internal_transfer,200000,69520760829,894.152798332,181.877168383,2.35521055035,5.25560535003,23.419784665,673.82114222,2040.10383051,3859.29581987,1
strong_network_repeat,conditional,4,lapsed_dac_projects,projects,200000,69520760829,231.58165625,139.448909091,24.2355748497,36.1908491918,69.3189993632,277.156113698,513.505226367,733.753826002,1
strong_network_repeat,conditional,4,successful_dac_projects,projects,200000,69520760829,2.69145859267,0.677823037725,0.0570333010123,0.126530686479,0.314614007322,1.37148174462,2.70473788986,4.51905561646,1
strong_network_repeat,conditional,5,_contributor_choice_principal,USD_pledge_principal,200000,69520760829,1133396.95811,32120.1928541,350.339569968,1055.88954127,6008.89154175,212687.936593,1094192.89082,2893574.8547,1
strong_network_repeat,conditional,5,_gross_threshold,USD,200000,69520760829,2239691.429,604469.011962,40415.1105014,73735.1105643,200651.369845,1807147.97233,4853684.41836,8677723.69629,1
strong_network_repeat,conditional,5,_mean_pledge,USD_per_contributor,200000,69520760829,121.321849249,74.953116079,14.8632117775,21.2770318528,38.6513368015,145.604826533,263.854611114,376.544422022,1
strong_network_repeat,conditional,5,_potential_contributors,contributors,200000,69520760829,27708.2434548,5358.11173924,258.441974546,505.722031968,1540.95060979,18205.5635518,55032.3490084,105474.362264,1
strong_network_repeat,conditional,5,_potential_pledge_principal,USD_pledge_principal,200000,69520760829,4200669.51838,398147.915981,10463.3361051,23738.3685081,90464.8910531,1759390.17415,6619668.41785,14547684.8939,1
strong_network_repeat,conditional,5,_project_target,USD,200000,69520760829,1978462.74768,546233.345364,38920.0868434,69424.495657,184654.64345,1611139.32615,4298123.29697,7631068.97721,1
strong_network_repeat,conditional,5,_reserve_before,USD_reserve_state,200000,69520760829,2441.6633872,2034.23591096,217.425207773,319.392589312,819.048850369,2513.03343344,3598.56599007,6318.39314325,1
strong_network_repeat,conditional,5,_reserve_capacity_probability,indicator,200000,69520760829,0.475305,0,0,0,0,1,1,1,0.475305
strong_network_repeat,conditional,5,_reserve_exhaustion_probability,indicator,200000,69520760829,0,0,0,0,0,0,0,0,0
strong_network_repeat,conditional,5,_stress_projected_liability,USD_internal_liability,200000,69520760829,18962.0648222,5540.94639967,95.5500252475,244.180976679,1103.40394343,23451.3732488,58755.6328856,84962.1989087,1
strong_network_repeat,conditional,5,_stress_projected_successful_target,USD,200000,69520760829,692461.961687,191181.670877,13622.0303952,24298.57348,64629.1252074,563898.764151,1504343.15394,2670874.14202,1
strong_network_repeat,conditional,5,_surcharge_rate,proportion,200000,69520760829,0.101895960529,0.15,0.02,0.02,0.02,0.15,0.15,0.15,1
strong_network_repeat,conditional,5,_willing_pledge,USD_pledge_principal,200000,69520760829,170535.402791,23333.3768003,254.229536794,772.111314251,4381.93070118,141522.722321,543178.832498,926575.458693,1
strong_network_repeat,conditional,5,dac_bonus_liability_locked,USD_internal_liability,200000,69520760829,1259.67843416,470.026100599,13.4725730906,41.0973611674,178.960721373,1025.29994262,2697.86585161,5013.98338812,1
strong_network_repeat,conditional,5,dac_bonus_liability_released,USD_internal_liability,200000,69520760829,533.815891208,134.631859211,8.14404181084,18.2922211996,49.2312491697,410.747920916,1168.5585698,2227.40354172,1
strong_network_repeat,conditional,5,dac_bonus_paid,USD_internal_transfer,200000,69520760829,725.862542954,293.409482778,0,0,83.4942478084,689.473219868,1538.67806061,2772.21952841,0.847875
strong_network_repeat,conditional,5,dac_capacity_waiting_pledges,USD_pledge_principal,200000,69520760829,147681.770172,0,0,0,0,108603.78119,489197.78074,858172.117757,0.475305
strong_network_repeat,conditional,5,dac_free_reserve,USD_reserve_state,200000,69520760829,2883.43946365,2018.03736875,193.832275448,302.693506719,787.776361754,2546.44592453,4630.72611417,8535.36390287,1
strong_network_repeat,conditional,5,dac_funding_lost_to_surcharge,USD,200000,69520760829,37498.984891,684.554943516,1.1845713944,3.31968374743,26.2614686306,10114.3239821,72940.1813547,213679.711996,0.98509
strong_network_repeat,conditional,5,dac_gross_threshold,USD,200000,69520760829,2239691.429,604469.011962,40415.1105014,73735.1105643,200651.369845,1807147.97233,4853684.41836,8677723.69629,1
strong_network_repeat,conditional,5,dac_incremental_funding_caused_by_bonus,USD,200000,69520760829,14.7479266805,0,0,0,0,1.59843641604,9.86848364751,27.8151455819,0.375695
strong_network_repeat,conditional,5,dac_pledge_principal,USD,200000,69520760829,22853.632619,8605.59956496,254.229536794,772.111314251,3290.42391884,18810.7141367,48757.3426863,90812.4737391,1
strong_network_repeat,conditional,5,dac_project_funding,USD,200000,69520760829,8493.23989636,2228.33413213,150.983932856,333.676200248,836.426175546,6614.78852896,18493.4831762,34908.2273569,1
strong_network_repeat,conditional,5,dac_project_target,USD,200000,69520760829,1978462.74768,546233.345364,38920.0868434,69424.495657,184654.64345,1611139.32615,4298123.29697,7631068.97721,1
strong_network_repeat,conditional,5,dac_required_surcharge,USD_internal_threshold_component,200000,69520760829,261228.681323,50296.6120851,908.756766508,1977.64464735,9207.73333621,195549.331157,577815.584665,1071386.23661,1
strong_network_repeat,conditional,5,dac_reserve_cash,USD_reserve_state,200000,69520760829,2883.43946365,2018.03736875,193.832275448,302.693506719,787.776361754,2546.44592453,4630.72611417,8535.36390287,1
strong_network_repeat,conditional,5,dac_returned_or_cancelled_principal,USD,200000,69520760829,13192.7541032,5365.15130547,0,0,1510.03753806,12588.3763111,27914.5805286,50316.5233777,0.85087
strong_network_repeat,conditional,5,dac_surcharge_inflow,USD_internal_transfer,200000,69520760829,1167.6386194,230.672181439,3.02195962748,6.81257026713,35.4846587936,879.723483912,2639.12090602,5013.21553257,1
strong_network_repeat,conditional,5,lapsed_dac_projects,projects,200000,69520760829,297.084349947,179.042262623,30.9941030553,46.4117251063,89.026518051,355.615454723,658.566489709,940.91233111,1
strong_network_repeat,conditional,5,successful_dac_projects,projects,200000,69520760829,3.33646790971,0.81487343581,0.0730624702655,0.160071364872,0.385071039884,1.64635928267,3.22821437781,5.20088484473,1
strong_network_repeat,probability_weighted,1,_contributor_choice_principal,USD_pledge_principal,200000,69530760848,93932.3454103,1456.01538025,4.70840851366,17.608884396,148.524351653,12167.1719925,71397.6612889,205105.322089,1
strong_network_repeat,probability_weighted,1,_gross_threshold,USD,200000,69530760848,149399.801934,28884.7690375,927.243178322,2087.315309,7515.09311114,104031.292563,313766.590289,598862.277374,1
strong_network_repeat,probability_weighted,1,_mean_pledge,USD_per_contributor,200000,69530760848,121.538359796,74.8881777136,14.7218489491,21.1248172468,38.4530479442,145.496686288,263.397049279,377.948596993,1
strong_network_repeat,probability_weighted,1,_potential_contributors,contributors,200000,69530760848,2106.22291652,235.808120737,3.50186866984,9.29028168031,45.4472818073,1085.50211971,3909.01138932,8174.63113376,1
strong_network_repeat,probability_weighted,1,_potential_pledge_principal,USD_pledge_principal,200000,69530760848,334336.975717,17173.4075666,166.292174859,484.119057359,2736.94089207,97632.6875472,437340.263985,1045540.30115,1
strong_network_repeat,probability_weighted,1,_project_target,USD,200000,69530760848,138519.978768,27872.9226675,901.670466422,2029.51774815,7289.87930972,98858.0799623,293432.943817,555802.454191,1
strong_network_repeat,probability_weighted,1,_reserve_before,USD_reserve_state,200000,69530760848,2500,2500,2500,2500,2500,2500,2500,2500,1
strong_network_repeat,probability_weighted,1,_reserve_capacity_probability,indicator,200000,69530760848,0.07099,0,0,0,0,0,0,1,0.07099
strong_network_repeat,probability_weighted,1,_reserve_exhaustion_probability,indicator,200000,69530760848,0,0,0,0,0,0,0,0,0
strong_network_repeat,probability_weighted,1,_stress_projected_liability,USD_internal_liability,200000,69530760848,1120.79168669,108.810855488,0,0,4.07038585649,879.254152131,3516.05467589,6278.84094467,0.81931
strong_network_repeat,probability_weighted,1,_stress_projected_successful_target,USD,200000,69530760848,48481.9925687,9755.52293363,315.584663248,710.331211851,2551.4577584,34600.3279868,102701.530336,194530.858967,1
strong_network_repeat,probability_weighted,1,_surcharge_rate,proportion,200000,69530760848,0.0437985268812,0.0297409736878,0.028,0.028,0.0280651261737,0.0420680664341,0.0842568748142,0.128461455115,1
strong_network_repeat,probability_weighted,1,_willing_pledge,USD_pledge_principal,200000,69530760848,10863.5556058,447.205157349,0,0,9.79033800543,5314.22210785,29433.4892515,63867.9877391,0.81931
strong_network_repeat,probability_weighted,1,dac_bonus_liability_locked,USD_internal_liability,200000,69530760848,377.347213705,24.2819506183,0,0,0.524808257037,291.906212605,1630.01622341,2500,0.81931
strong_network_repeat,probability_weighted,1,dac_bonus_liability_released,USD_internal_liability,200000,69530760848,70.2558667596,5.65635457737,0,0,0.295140479181,43.112545476,182.267132137,331.035309692,0.81931
strong_network_repeat,probability_weighted,1,dac_bonus_paid,USD_internal_transfer,200000,69530760848,307.091346946,13.897902538,0,0,0,230.002353496,1212.41920866,2175.80547117,0.66973
strong_network_repeat,probability_weighted,1,dac_capacity_waiting_pledges,USD_pledge_principal,200000,69530760848,4052.07741025,0,0,0,0,0,0,19025.864634,0.07099
strong_network_repeat,probability_weighted,1,dac_free_reserve,USD_reserve_state,200000,69530760848,2291.91335665,2494.53712095,853.295715745,1642.0469305,2350.80062646,2500,2501.57773377,2511.28420241,1
strong_network_repeat,probability_weighted,1,dac_funding_lost_to_surcharge,USD,200000,69530760848,1664.46039085,1.84943626994,0,0,0.0303038344396,33.6749577403,786.254289303,4605.49625867,0.781845
strong_network_repeat,probability_weighted,1,dac_gross_threshold,USD,200000,69530760848,149399.801934,28884.7690375,927.243178322,2087.315309,7515.09311114,104031.292563,313766.590289,598862.277374,1
strong_network_repeat,probability_weighted,1,dac_incremental_funding_caused_by_bonus,USD,200000,69530760848,8.58711498795,0.00870685182181,0,0,0,0.799423719471,7.66326860398,23.8914869891,0.54134
strong_network_repeat,probability_weighted,1,dac_pledge_principal,USD,200000,69530760848,6811.47819553,447.205157349,0,0,9.79033800543,5314.22210785,29433.4892515,42411.0662852,0.81931
strong_network_repeat,probability_weighted,1,dac_project_funding,USD,200000,69530760848,1169.78304858,101.136410903,0,0,5.34681256488,751.787517008,2996.26206934,5457.26577462,0.81931
strong_network_repeat,probability_weighted,1,dac_project_target,USD,200000,69530760848,138519.978768,27872.9226675,901.670466422,2029.51774815,7289.87930972,98858.0799623,293432.943817,555802.454191,1
strong_network_repeat,probability_weighted,1,dac_required_surcharge,USD_internal_threshold_component,200000,69530760848,10879.8231664,944.281993436,25.4592243886,57.9809606573,218.626005533,4307.92541141,18499.8818557,42449.5605597,1
strong_network_repeat,probability_weighted,1,dac_reserve_cash,USD_reserve_state,200000,69530760848,2291.91335665,2494.53712095,853.295715745,1642.0469305,2350.80062646,2500,2501.57773377,2511.28420241,1
strong_network_repeat,probability_weighted,1,dac_returned_or_cancelled_principal,USD,200000,69530760848,5542.69044335,256.158578326,0,0,0,4193.18730767,21824.1168666,38065.2330246,0.66984
strong_network_repeat,probability_weighted,1,dac_surcharge_inflow,USD_internal_transfer,200000,69530760848,99.0047035979,3.09065344359,0,0,0.150580689577,33.1115101925,308.289323395,521.278360916,0.81931
strong_network_repeat,probability_weighted,1,lapsed_dac_projects,projects,200000,69530760848,20.8110473367,9.18066685297,0.478006750768,1.01089344488,3.13003706041,23.5614825526,50.467189788,77.8965829987,1
strong_network_repeat,probability_weighted,1,successful_dac_projects,projects,200000,69530760848,0.706924421281,0.0343500171028,0,0,0.00219360273033,0.186022026032,0.846554650957,2.57284246208,0.81931
strong_network_repeat,probability_weighted,2,_contributor_choice_principal,USD_pledge_principal,200000,69530760848,267251.887924,4252.60002638,13.7517640674,51.3087550694,433.944260762,32102.5983282,204420.805431,588213.843372,1
strong_network_repeat,probability_weighted,2,_gross_threshold,USD,200000,69530760848,433128.268496,82946.0869576,2623.3637484,5905.68103957,21292.4233431,301709.252796,911483.192918,1743374.07085,1
strong_network_repeat,probability_weighted,2,_mean_pledge,USD_per_contributor,200000,69530760848,121.538359796,74.8881777136,14.7218489491,21.1248172468,38.4530479442,145.496686288,263.397049279,377.948596993,1
strong_network_repeat,probability_weighted,2,_potential_contributors,contributors,200000,69530760848,6010.49403885,673.088805854,9.99004464644,26.5103273684,129.701928859,3097.30460353,11155.4192371,23323.7033956,1
strong_network_repeat,probability_weighted,2,_potential_pledge_principal,USD_pledge_principal,200000,69530760848,954091.627269,49014.6695453,474.389642026,1381.12035542,7812.4970312,278688.397925,1248032.54526,2984542.98223,1
strong_network_repeat,probability_weighted,2,_project_target,USD,200000,69530760848,395155.025779,79508.4661367,2571.92524352,5789.3986423,20795.1148902,282025.328441,837024.540854,1585295.85478,1
strong_network_repeat,probability_weighted,2,_reserve_before,USD_reserve_state,200000,69530760848,2291.91335665,2494.53712095,853.295715745,1642.0469305,2350.80062646,2500,2501.57773377,2511.28420241,1
strong_network_repeat,probability_weighted,2,_reserve_capacity_probability,indicator,200000,69530760848,0.158795,0,0,0,0,0,1,1,0.158795
strong_network_repeat,probability_weighted,2,_reserve_exhaustion_probability,indicator,200000,69530760848,0,0,0,0,0,0,0,0,0
strong_network_repeat,probability_weighted,2,_stress_projected_liability,USD_internal_liability,200000,69530760848,3221.70334635,309.703389504,0,0,11.6123388389,2503.69844867,10105.5791832,18138.0772641,0.81931
strong_network_repeat,probability_weighted,2,_stress_projected_successful_target,USD,200000,69530760848,138304.259023,27827.9631478,900.173835234,2026.2895248,7278.29021158,98708.8649545,292958.589299,554853.549174,1
strong_network_repeat,probability_weighted,2,_surcharge_rate,proportion,200000,69530760848,0.0504875385714,0.02,0.02,0.02,0.02,0.0636087923481,0.15,0.15,1
strong_network_repeat,probability_weighted,2,_willing_pledge,USD_pledge_principal,200000,69530760848,30476.1955603,1309.39524278,0,0,28.5532733457,14314.2884771,80542.8744708,182560.151467,0.81931
strong_network_repeat,probability_weighted,2,dac_bonus_liability_locked,USD_internal_liability,200000,69530760848,433.953320882,71.1317569278,0,0,1.52985599004,607.041095949,1468.90238706,1823.2467383,0.81931
strong_network_repeat,probability_weighted,2,dac_bonus_liability_released,USD_internal_liability,200000,69530760848,117.592114174,16.285569845,0,0,0.85201507797,101.008440048,263.649476167,542.580739595,0.81931
strong_network_repeat,probability_weighted,2,dac_bonus_paid,USD_internal_transfer,200000,69530760848,316.361206707,39.6596386582,0,0,0,403.974293174,1134.72360686,1518.31410345,0.67026
strong_network_repeat,probability_weighted,2,dac_capacity_waiting_pledges,USD_pledge_principal,200000,69530760848,22590.1438909,0,0,0,0,0,49484.4067978,161755.509014,0.158795
strong_network_repeat,probability_weighted,2,dac_free_reserve,USD_reserve_state,200000,69530760848,2182.03711105,2479.91780007,436.639178736,783.613560767,2022.82631706,2500,2505.55584524,2558.92898393,1
strong_network_repeat,probability_weighted,2,dac_funding_lost_to_surcharge,USD,200000,69530760848,6278.8864191,4.25730127503,0,0,0.100219114434,156.736750165,6921.45983651,27385.8146555,0.79371
strong_network_repeat,probability_weighted,2,dac_gross_threshold,USD,200000,69530760848,433128.268496,82946.0869576,2623.3637484,5905.68103957,21292.4233431,301709.252796,911483.192918,1743374.07085,1
strong_network_repeat,probability_weighted,2,dac_incremental_funding_caused_by_bonus,USD,200000,69530760848,6.63936672649,0,0,0,0,1.09071148662,8.22610900482,19.7319952863,0.485825
strong_network_repeat,probability_weighted,2,dac_pledge_principal,USD,200000,69530760848,7886.05166949,1309.39524278,0,0,28.5532733457,11056.0635382,26459.9094533,33197.0350457,0.81931
strong_network_repeat,probability_weighted,2,dac_project_funding,USD,200000,69530760848,1921.63551408,293.521305165,0,0,15.538984992,1652.78283438,4304.32272952,8783.757872,0.81931
strong_network_repeat,probability_weighted,2,dac_project_target,USD,200000,69530760848,395155.025779,79508.4661367,2571.92524352,5789.3986423,20795.1148902,282025.328441,837024.540854,1585295.85478,1
strong_network_repeat,probability_weighted,2,dac_required_surcharge,USD_internal_threshold_component,200000,69530760848,37973.2427171,2249.67682309,51.4385048705,115.83392219,445.869224438,14980.2214855,72275.1359343,160640.601595,1
strong_network_repeat,probability_weighted,2,dac_reserve_cash,USD_reserve_state,200000,69530760848,2182.03711105,2479.91780007,436.639178736,783.613560767,2022.82631706,2500,2505.55584524,2558.92898393,1
strong_network_repeat,probability_weighted,2,dac_returned_or_cancelled_principal,USD,200000,69530760848,5757.9311943,730.869771254,0,0,0,7406.11925553,20606.5058609,27327.9209461,0.67073
strong_network_repeat,probability_weighted,2,dac_surcharge_inflow,USD_internal_transfer,200000,69530760848,206.484961103,6.25667976027,0,0,0.31077969984,129.918797987,478.869347525,1004.47347041,0.81931
strong_network_repeat,probability_weighted,2,lapsed_dac_projects,projects,200000,69530760848,60.3101890485,26.8954007471,1.40787241894,2.96680999985,9.16103544939,68.8104656906,146.323605827,224.616230643,1
strong_network_repeat,probability_weighted,2,successful_dac_projects,projects,200000,69530760848,1.07402222841,0.0983369115078,0,0,0.00637017671124,0.426320608246,1.23145899819,2.96506313565,0.81931
strong_network_repeat,probability_weighted,3,_contributor_choice_principal,USD_pledge_principal,200000,69530760848,433982.876442,6940.46921443,22.7366766524,84.8368126231,717.525080144,50848.1184081,323476.841094,936712.824613,1
strong_network_repeat,probability_weighted,3,_gross_threshold,USD,200000,69530760848,720242.366387,138929.500408,4334.70952826,9757.80468841,35303.9528694,503497.11478,1520556.28498,2900217.08002,1
strong_network_repeat,probability_weighted,3,_mean_pledge,USD_per_contributor,200000,69530760848,121.538359796,74.8881777136,14.7218489491,21.1248172468,38.4530479442,145.496686288,263.397049279,377.948596993,1
strong_network_repeat,probability_weighted,3,_potential_contributors,contributors,200000,69530760848,9935.26043365,1112.92181092,16.5072934882,43.8152425712,214.421563573,5119.48238938,18443.511019,38583.9132811,1
strong_network_repeat,probability_weighted,3,_potential_pledge_principal,USD_pledge_principal,200000,69530760848,1577106.01712,81038.499878,783.906491886,2282.51883085,12916.4991399,460853.925126,2063717.7194,4934424.08118,1
strong_network_repeat,probability_weighted,3,_project_target,USD,200000,69530760848,652964.060861,131380.535991,4249.71522379,9566.47518471,34358.9631573,466089.968648,1383155.07524,2619742.28578,1
strong_network_repeat,probability_weighted,3,_reserve_before,USD_reserve_state,200000,69530760848,2182.03711105,2479.91780007,436.639178736,783.613560767,2022.82631706,2500,2505.55584524,2558.92898393,1
strong_network_repeat,probability_weighted,3,_reserve_capacity_probability,indicator,200000,69530760848,0.21519,0,0,0,0,0,1,1,0.21519
strong_network_repeat,probability_weighted,3,_reserve_exhaustion_probability,indicator,200000,69530760848,0,0,0,0,0,0,0,0,0
strong_network_repeat,probability_weighted,3,_stress_projected_liability,USD_internal_liability,200000,69530760848,5352.81220997,511.605193255,0,0,19.1882746973,4157.34681843,16907.9384592,30085.3842694,0.81931
strong_network_repeat,probability_weighted,3,_stress_projected_successful_target,USD,200000,69530760848,228537.421301,45983.187597,1487.40032833,3348.26631465,12025.6371051,163131.489027,484104.276333,916909.800024,1
strong_network_repeat,probability_weighted,3,_surcharge_rate,proportion,200000,69530760848,0.0587843125912,0.02,0.02,0.02,0.02,0.130558484559,0.15,0.15,1
strong_network_repeat,probability_weighted,3,_willing_pledge,USD_pledge_principal,200000,69530760848,49812.1180785,2162.00245608,0,0,47.2132620793,21447.8742739,131288.276294,299147.369693,0.81931
strong_network_repeat,probability_weighted,3,dac_bonus_liability_locked,USD_internal_liability,200000,69530760848,480.07229392,117.503951454,0,0,2.53008612169,597.321517693,1245.8833598,1740.50024643,0.81931
strong_network_repeat,probability_weighted,3,dac_bonus_liability_released,USD_internal_liability,200000,69530760848,167.876288405,26.8316794096,0,0,1.4080732465,112.249548535,358.716030998,731.050763602,0.81931
strong_network_repeat,probability_weighted,3,dac_bonus_paid,USD_internal_transfer,200000,69530760848,312.196005515,66.4446640176,0,0,0,416.997249808,949.236462913,1217.67567297,0.671125
strong_network_repeat,probability_weighted,3,dac_capacity_waiting_pledges,USD_pledge_principal,200000,69530760848,41080.2018935,0,0,0,0,0,109506.458222,273388.81108,0.21519
strong_network_repeat,probability_weighted,3,dac_free_reserve,USD_reserve_state,200000,69530760848,2195.42948269,2464.60673521,311.549447182,537.854429165,1696.74672147,2500,2518.00508906,2838.99832619,1
strong_network_repeat,probability_weighted,3,dac_funding_lost_to_surcharge,USD,200000,69530760848,10727.2192559,7.74490609691,0,0,0.205932529996,490.882791853,12787.3493174,47474.2899204,0.800435
strong_network_repeat,probability_weighted,3,dac_gross_threshold,USD,200000,69530760848,720242.366387,138929.500408,4334.70952826,9757.80468841,35303.9528694,503497.11478,1520556.28498,2900217.08002,1
strong_network_repeat,probability_weighted,3,dac_incremental_funding_caused_by_bonus,USD,200000,69530760848,6.60415047017,0,0,0,0,1.00869405516,7.44870077918,16.658975958,0.445355
strong_network_repeat,probability_weighted,3,dac_pledge_principal,USD,200000,69530760848,8731.91618495,2162.00245608,0,0,47.2132620793,10895.4116652,22616.4930951,31960.981921,0.81931
strong_network_repeat,probability_weighted,3,dac_project_funding,USD,200000,69530760848,2712.61694579,482.193180814,0,0,25.6811880134,1857.6899116,5813.3558723,11783.3303513,0.81931
strong_network_repeat,probability_weighted,3,dac_project_target,USD,200000,69530760848,652964.060861,131380.535991,4249.71522379,9566.47518471,34358.9631573,466089.968648,1383155.07524,2619742.28578,1
strong_network_repeat,probability_weighted,3,dac_required_surcharge,USD_internal_threshold_component,200000,69530760848,67278.3055263,4217.38549537,84.9943044757,191.329503694,749.604259071,30691.5496316,135063.250491,285135.365226,1
strong_network_repeat,probability_weighted,3,dac_reserve_cash,USD_reserve_state,200000,69530760848,2195.42948269,2464.60673521,311.549447182,537.854429165,1696.74672147,2500,2518.00508906,2838.99832619,1
strong_network_repeat,probability_weighted,3,dac_returned_or_cancelled_principal,USD,200000,69530760848,5693.71086201,1225.34630456,0,0,0,7610.96529034,17203.7912886,22247.9055811,0.671875
strong_network_repeat,probability_weighted,3,dac_surcharge_inflow,USD_internal_transfer,200000,69530760848,325.588377152,10.4708569731,0,0,0.513623760268,189.930845819,706.150227993,1489.2039828,0.81931
strong_network_repeat,probability_weighted,3,lapsed_dac_projects,projects,200000,69530760848,100.088584304,44.8449096949,2.35813812827,4.9363260346,15.2130503441,114.585297572,242.939075952,372.056173359,1
strong_network_repeat,probability_weighted,3,successful_dac_projects,projects,200000,69530760848,1.3442978468,0.157634154193,0,0,0.0105332073592,0.583534070751,1.47504900968,2.96834661205,0.81931
strong_network_repeat,probability_weighted,4,_contributor_choice_principal,USD_pledge_principal,200000,69530760848,604302.856313,9394.73338593,31.772682318,118.558721559,1003.05809221,70150.6740239,446697.882077,1297136.28413,1
strong_network_repeat,probability_weighted,4,_gross_threshold,USD,200000,69530760848,1009475.38525,195626.097802,6052.87934987,13629.3913433,49677.3292021,708418.747279,2132166.39157,4063332.10237,1
strong_network_repeat,probability_weighted,4,_mean_pledge,USD_per_contributor,200000,69530760848,121.538359796,74.8881777136,14.7218489491,21.1248172468,38.4530479442,145.496686288,263.397049279,377.948596993,1
strong_network_repeat,probability_weighted,4,_potential_contributors,contributors,200000,69530760848,13880.352557,1555.32577971,23.0571158548,61.2115773649,299.609403742,7154.39247265,25764.8427992,53900.3592277,1
strong_network_repeat,probability_weighted,4,_potential_pledge_principal,USD_pledge_principal,200000,69530760848,2203369.70063,113240.921892,1094.90925915,3188.73100057,18047.3182597,643998.638322,2884115.81247,6896729.4792,1
strong_network_repeat,probability_weighted,4,_project_target,USD,200000,69530760848,911944.950524,183505.595354,5934.19544105,13359.9770635,47988.6134531,651029.898409,1931597.42106,3659039.00472,1
strong_network_repeat,probability_weighted,4,_reserve_before,USD_reserve_state,200000,69530760848,2195.42948269,2464.60673521,311.549447182,537.854429165,1696.74672147,2500,2518.00508906,2838.99832619,1
strong_network_repeat,probability_weighted,4,_reserve_capacity_probability,indicator,200000,69530760848,0.255025,0,0,0,0,1,1,1,0.255025
strong_network_repeat,probability_weighted,4,_reserve_exhaustion_probability,indicator,200000,69530760848,0,0,0,0,0,0,0,0,0
strong_network_repeat,probability_weighted,4,_stress_projected_liability,USD_internal_liability,200000,69530760848,7488.09278934,714.771951684,0,0,26.8141256733,5877.89969292,23617.9305668,42022.8534169,0.81931
strong_network_repeat,probability_weighted,4,_stress_projected_successful_target,USD,200000,69530760848,319180.732683,64226.9583741,2076.96840437,4675.99197221,16796.0147086,227860.464443,676059.097369,1280663.65165,1
strong_network_repeat,probability_weighted,4,_surcharge_rate,proportion,200000,69530760848,0.0650662103729,0.02,0.02,0.02,0.02,0.15,0.15,0.15,1
strong_network_repeat,probability_weighted,4,_willing_pledge,USD_pledge_principal,200000,69530760848,69312.7967535,3004.69921913,0,0,65.9729933819,28975.3596934,182829.550061,417630.71063,0.81931
strong_network_repeat,probability_weighted,4,dac_bonus_liability_locked,USD_internal_liability,200000,69530760848,576.026921667,161.237581444,0,0,3.53612701513,593.8492364,1199.83006814,2160.33267844,0.81931
strong_network_repeat,probability_weighted,4,dac_bonus_liability_released,USD_internal_liability,200000,69530760848,227.11901779,36.1827451325,0,0,1.96726411754,135.513464195,463.569416546,966.606617775,0.81931
strong_network_repeat,probability_weighted,4,dac_bonus_paid,USD_internal_transfer,200000,69530760848,348.907903877,90.8199300798,0,0,0,413.135093194,877.015069201,1235.81967682,0.67036
strong_network_repeat,probability_weighted,4,dac_capacity_waiting_pledges,USD_pledge_principal,200000,69530760848,58847.0379335,0,0,0,0,1972.25439876,157414.862151,382278.39487,0.255025
strong_network_repeat,probability_weighted,4,dac_free_reserve,USD_reserve_state,200000,69530760848,2312.16256778,2456.42327912,252.973662138,433.976444867,1466.21230801,2500,2557.81358843,3613.04721023,1
strong_network_repeat,probability_weighted,4,dac_funding_lost_to_surcharge,USD,200000,69530760848,15086.7668497,11.8469965007,0,0,0.303774887247,1042.6042297,17907.3509231,66321.6216228,0.801855
strong_network_repeat,probability_weighted,4,dac_gross_threshold,USD,200000,69530760848,1009475.38525,195626.097802,6052.87934987,13629.3913433,49677.3292021,708418.747279,2132166.39157,4063332.10237,1
strong_network_repeat,probability_weighted,4,dac_incremental_funding_caused_by_bonus,USD,200000,69530760848,7.98488105853,0,0,0,0,0.869004740498,6.70882978672,15.2619323584,0.41345
strong_network_repeat,probability_weighted,4,dac_pledge_principal,USD,200000,69530760848,10465.75882,2925.0140297,0,0,65.9729933819,10806.3789842,22123.0363806,39221.2159096,0.81931
strong_network_repeat,probability_weighted,4,dac_project_funding,USD,200000,69530760848,3644.05346568,625.249011953,0,0,35.8920623734,2236.4897675,7489.77474053,15522.5600811,0.81931
strong_network_repeat,probability_weighted,4,dac_project_target,USD,200000,69530760848,911944.950524,183505.595354,5934.19544105,13359.9770635,47988.6134531,651029.898409,1931597.42106,3659039.00472,1
strong_network_repeat,probability_weighted,4,dac_required_surcharge,USD_internal_threshold_component,200000,69530760848,97530.4347243,6974.38382267,118.683908821,267.720506888,1099.53093674,48456.6146055,199582.093067,411252.090427,1
strong_network_repeat,probability_weighted,4,dac_reserve_cash,USD_reserve_state,200000,69530760848,2312.16256778,2456.42327912,252.973662138,433.976444867,1466.21230801,2500,2557.81358843,3613.04721023,1
strong_network_repeat,probability_weighted,4,dac_returned_or_cancelled_principal,USD,200000,69530760848,6356.06436534,1669.58677955,0,0,0,7530.87239039,15987.527406,22703.3481814,0.671415
strong_network_repeat,probability_weighted,4,dac_surcharge_inflow,USD_internal_transfer,200000,69530760848,465.640988969,15.6545329142,0,0,0.717841247467,230.893189077,959.847130647,2054.21452576,0.81931
strong_network_repeat,probability_weighted,4,lapsed_dac_projects,projects,200000,69530760848,139.930947953,62.7931349629,3.18421558278,6.77691077514,21.1630473883,160.398128346,339.628788335,519.892065728,1
strong_network_repeat,probability_weighted,4,successful_dac_projects,projects,200000,69530760848,1.73255141273,0.20949510326,0,0,0.0147115877287,0.71410601109,1.73209222412,3.22649962853,0.81931
strong_network_repeat,probability_weighted,5,_contributor_choice_principal,USD_pledge_principal,200000,69530760848,776567.589436,11475.1971114,40.8519025034,152.441783033,1289.91827396,89557.7521383,573386.09668,1665726.97572,1
strong_network_repeat,probability_weighted,5,_gross_threshold,USD,200000,69530760848,1300352.00159,252852.408089,7778.81214926,17520.6980365,64480.1369874,914711.62246,2747667.09837,5233771.5052,1
strong_network_repeat,probability_weighted,5,_mean_pledge,USD_per_contributor,200000,69530760848,121.538359796,74.8881777136,14.7218489491,21.1248172468,38.4530479442,145.496686288,263.397049279,377.948596993,1
strong_network_repeat,probability_weighted,5,_potential_contributors,contributors,200000,69530760848,17845.6320309,1999.87502784,29.6426125208,78.7029069561,385.258535226,9200.59304821,33131.7890205,69291.6729309,1
strong_network_repeat,probability_weighted,5,_potential_pledge_principal,USD_pledge_principal,200000,69530760848,2832859.9851,145615.0724,1407.46245388,4099.96145159,23209.7236771,828138.670682,3708354.60742,8866302.14608,1
strong_network_repeat,probability_weighted,5,_project_target,USD,200000,69530760848,1172091.45195,235869.956884,7626.28642084,17173.3507134,61682.1394155,836863.190292,2482769.09597,4703096.89647,1
strong_network_repeat,probability_weighted,5,_reserve_before,USD_reserve_state,200000,69530760848,2312.16256778,2456.42327912,252.973662138,433.976444867,1466.21230801,2500,2557.81358843,3613.04721023,1
strong_network_repeat,probability_weighted,5,_reserve_capacity_probability,indicator,200000,69530760848,0.28515,0,0,0,0,1,1,1,0.28515
strong_network_repeat,probability_weighted,5,_reserve_exhaustion_probability,indicator,200000,69530760848,0,0,0,0,0,0,0,0,0
strong_network_repeat,probability_weighted,5,_stress_projected_liability,USD_internal_liability,200000,69530760848,9630.31013935,919.175840629,0,0,34.4696314288,7586.28958611,30359.4122008,54015.4842041,0.81931
strong_network_repeat,probability_weighted,5,_stress_projected_successful_target,USD,200000,69530760848,410232.008182,82554.4849096,2669.2002473,6010.67274968,21588.7487954,292902.116602,868969.183588,1646083.91377,1
strong_network_repeat,probability_weighted,5,_surcharge_rate,proportion,200000,69530760848,0.070121497944,0.02,0.02,0.02,0.02,0.15,0.15,0.15,1
strong_network_repeat,probability_weighted,5,_willing_pledge,USD_pledge_principal,200000,69530760848,88951.742415,3821.51072368,0,0,84.8535810728,37111.8125538,235191.12975,536684.397696,0.81931
strong_network_repeat,probability_weighted,5,dac_bonus_liability_locked,USD_internal_liability,200000,69530760848,699.223205784,169.004388181,0,0,4.54710492386,596.221437632,1390.20330112,2790.06187059,0.81931
strong_network_repeat,probability_weighted,5,dac_bonus_liability_released,USD_internal_liability,200000,69530760848,289.026279242,40.5827524974,0,0,2.52936981272,164.546649468,582.149944402,1221.13317341,0.81931
strong_network_repeat,probability_weighted,5,dac_bonus_paid,USD_internal_transfer,200000,69530760848,410.196926542,97.5739916907,0,0,0,412.561144762,864.299905641,1573.01943216,0.669545
strong_network_repeat,probability_weighted,5,dac_capacity_waiting_pledges,USD_pledge_principal,200000,69530760848,76263.9943328,0,0,0,0,17364.8412969,202701.725318,490025.032709,0.28515
strong_network_repeat,probability_weighted,5,dac_free_reserve,USD_reserve_state,200000,69530760848,2513.55341395,2457.76131259,220.084057341,389.278712463,1331.08890222,2500.25270333,2686.91553973,4677.81716658,1
strong_network_repeat,probability_weighted,5,dac_funding_lost_to_surcharge,USD,200000,69530760848,19444.0813807,17.5841530176,0,0,0.39483750886,1616.11035381,22967.3451534,85152.3084127,0.801975
strong_network_repeat,probability_weighted,5,dac_gross_threshold,USD,200000,69530760848,1300352.00159,252852.408089,7778.81214926,17520.6980365,64480.1369874,914711.62246,2747667.09837,5233771.5052,1
strong_network_repeat,probability_weighted,5,dac_incremental_funding_caused_by_bonus,USD,200000,69530760848,9.6265715665,0,0,0,0,0.744969110571,6.22216763276,14.7071017403,0.38899
strong_network_repeat,probability_weighted,5,dac_pledge_principal,USD,200000,69530760848,12687.7480822,3089.26195613,0,0,84.8535810728,10867.1700768,25299.1149964,50438.263172,0.81931
strong_network_repeat,probability_weighted,5,dac_project_funding,USD,200000,69530760848,4617.19776038,696.400852005,0,0,46.1400610349,2703.76241455,9340.94346202,19565.4996372,0.81931
strong_network_repeat,probability_weighted,5,dac_project_target,USD,200000,69530760848,1172091.45195,235869.956884,7626.28642084,17173.3507134,61682.1394155,836863.190292,2482769.09597,4703096.89647,1
strong_network_repeat,probability_weighted,5,dac_required_surcharge,USD_internal_threshold_component,200000,69530760848,128260.549642,10430.0755036,152.525728417,347.539340367,1509.43543795,67398.9744409,264324.21179,538231.41282,1
strong_network_repeat,probability_weighted,5,dac_reserve_cash,USD_reserve_state,200000,69530760848,2513.55341395,2457.76131259,220.084057341,389.278712463,1331.08890222,2500.25270333,2686.91553973,4677.81716658,1
strong_network_repeat,probability_weighted,5,dac_returned_or_cancelled_principal,USD,200000,69530760848,7458.96254909,1767.2914158,0,0,0,7510.98140165,15920.3342556,28557.1159662,0.67094
strong_network_repeat,probability_weighted,5,dac_surcharge_inflow,USD_internal_transfer,200000,69530760848,611.587772712,22.8223297538,0,0,0.922801220697,295.713801929,1249.55421552,2680.49592785,0.81931
strong_network_repeat,probability_weighted,5,lapsed_dac_projects,projects,200000,69530760848,179.935318939,80.8406389955,4.06282870009,8.67998953149,27.2156709585,206.328437249,436.644725373,668.161232258,1
strong_network_repeat,probability_weighted,5,successful_dac_projects,projects,200000,69530760848,2.13993057227,0.255800318758,0,0,0.0189145172464,0.843120299572,2.03612282272,3.6869440552,0.81931
reserve_constrained_dacs,conditional,1,_contributor_choice_principal,USD_pledge_principal,200000,69520860832,259807.225502,5716.6407082,43.0261491213,128.537066029,791.478661695,40038.223886,220011.803159,604321.620672,1
reserve_constrained_dacs,conditional,1,_gross_threshold,USD,200000,69520860832,521438.485075,155955.839553,11314.0009328,20042.9988839,52452.2307873,431565.906258,1097607.38223,1962029.38661,1
reserve_constrained_dacs,conditional,1,_mean_pledge,USD_per_contributor,200000,69520860832,121.96013837,75.0717897728,14.9619285916,21.3076751783,38.7107838192,145.870259339,264.500463978,375.823595089,1
reserve_constrained_dacs,conditional,1,_potential_contributors,contributors,200000,69520860832,5931.26590122,1100.89366948,54.2087069326,104.748417625,318.529174466,3809.50650009,11653.4314707,22455.8364897,1
reserve_constrained_dacs,conditional,1,_potential_pledge_principal,USD_pledge_principal,200000,69520860832,938552.080261,82547.119074,2234.86710252,4944.59258568,18657.1854233,367924.310042,1404053.71151,3091958.53379,1
reserve_constrained_dacs,conditional,1,_project_target,USD,200000,69520860832,498030.986563,135613.773525,9838.26168074,17428.6946816,45610.6354672,399598.06135,1065638.23517,1923558.22217,1
reserve_constrained_dacs,conditional,1,_reserve_before,USD_reserve_state,200000,69520860832,2500,2500,2500,2500,2500,2500,2500,2500,1
reserve_constrained_dacs,conditional,1,_reserve_capacity_probability,indicator,200000,69520860832,0.2097,0,0,0,0,0,1,1,0.2097
reserve_constrained_dacs,conditional,1,_reserve_exhaustion_probability,indicator,200000,69520860832,0,0,0,0,0,0,0,0,0
reserve_constrained_dacs,conditional,1,_stress_projected_liability,USD_internal_liability,200000,69520860832,3487.83731105,1412.54193322,24.2088265361,61.6901554081,281.812222388,5060.07972497,10141.2804459,13522.7861919,1
reserve_constrained_dacs,conditional,1,_stress_projected_successful_target,USD,200000,69520860832,174310.845297,47464.8207336,3443.39158826,6100.04313858,15963.7224135,139859.321472,372973.38231,673245.37776,1
reserve_constrained_dacs,conditional,1,_surcharge_rate,proportion,200000,69520860832,0.1187825,0.15,0.02,0.03,0.08,0.15,0.15,0.15,1
reserve_constrained_dacs,conditional,1,_willing_pledge,USD_pledge_principal,200000,69520860832,25754.5167782,4214.74236915,31.0209329137,94.1749850577,581.560772326,27229.7790954,85753.5946088,130769.426395,1
reserve_constrained_dacs,conditional,1,dac_bonus_liability_locked,USD_internal_liability,200000,69520860832,848.724303709,278.975153325,1.97446023774,6.07026231757,38.1116741072,1827.23445142,2500,2500,1
reserve_constrained_dacs,conditional,1,dac_bonus_liability_released,USD_internal_liability,200000,69520860832,162.915222666,60.4359020609,1.59683269294,3.85976625299,14.6182100771,181.816671996,381.380272804,649.299691043,1
reserve_constrained_dacs,conditional,1,dac_bonus_paid,USD_internal_transfer,200000,69520860832,685.809081043,186.989597537,0,0,3.96428932716,1335.67738371,2259.42718346,2320.05916943,0.777245
reserve_constrained_dacs,conditional,1,dac_capacity_waiting_pledges,USD_pledge_principal,200000,69520860832,13168.9221522,0,0,0,0,0,48948.9836842,94127.0128513,0.2097
reserve_constrained_dacs,conditional,1,dac_free_reserve,USD_reserve_state,200000,69520860832,1973.08620695,2413.54308059,440.440329733,491.304365623,1460.29656531,2510.02869684,2558.58733809,2603.17751838,1
reserve_constrained_dacs,conditional,1,dac_funding_lost_to_surcharge,USD,200000,69520860832,3282.53774413,82.356857299,1.83378469122,4.94971836861,18.8563850266,601.786768172,5170.24134554,15064.8303827,0.984025
reserve_constrained_dacs,conditional,1,dac_gross_threshold,USD,200000,69520860832,521438.485075,155955.839553,11314.0009328,20042.9988839,52452.2307873,431565.906258,1097607.38223,1962029.38661,1
reserve_constrained_dacs,conditional,1,dac_incremental_funding_caused_by_bonus,USD,200000,69520860832,7.52420567623,0.140026673856,0,0,0,2.5276987296,12.0588277373,26.0322582932,0.585025
reserve_constrained_dacs,conditional,1,dac_pledge_principal,USD,200000,69520860832,12585.594626,4214.74236915,31.0209329137,94.1749850577,581.560772326,27229.7790954,35965.6849321,38932.7640567,1
reserve_constrained_dacs,conditional,1,dac_project_funding,USD,200000,69520860832,2251.7268876,798.720968081,21.795496217,52.287393049,195.650205573,2479.49448859,5352.04943704,9111.75174267,1
reserve_constrained_dacs,conditional,1,dac_project_target,USD,200000,69520860832,498030.986563,135613.773525,9838.26168074,17428.6946816,45610.6354672,399598.06135,1065638.23517,1923558.22217,1
reserve_constrained_dacs,conditional,1,dac_required_surcharge,USD_internal_threshold_component,200000,69520860832,23407.4985116,20342.0660287,1475.73925211,2614.30420225,6841.59532008,33257.6430284,37036.4956406,43390.9992149,1
reserve_constrained_dacs,conditional,1,dac_reserve_cash,USD_reserve_state,200000,69520860832,1973.08620695,2413.54308059,440.440329733,491.304365623,1460.29656531,2510.02869684,2558.58733809,2603.17751838,1
reserve_constrained_dacs,conditional,1,dac_returned_or_cancelled_principal,USD,200000,69520860832,10174.9724505,2821.437058,0,0,61.3957832141,19764.9446384,31718.9292579,34452.5385306,0.778375
reserve_constrained_dacs,conditional,1,dac_surcharge_inflow,USD_internal_transfer,200000,69520860832,158.895287992,104.763429396,3.12725373994,7.42276986479,27.1400478696,187.547313273,296.047868401,432.234819105,1
reserve_constrained_dacs,conditional,1,lapsed_dac_projects,projects,200000,69520860832,74.0012178563,44.1621851934,8.05118751331,11.8353927681,22.0879894505,87.34075138,163.117983557,236.659959947,1
reserve_constrained_dacs,conditional,1,successful_dac_projects,projects,200000,69520860832,0.96918805228,0.240715713042,0.00894166018665,0.0245776334853,0.083499483328,0.629225536858,1.45290014205,2.67798567809,1
reserve_constrained_dacs,conditional,2,_contributor_choice_principal,USD_pledge_principal,200000,69520860832,737519.265259,16178.4777889,122.166478519,364.819754092,2244.71933876,114512.794535,626511.601591,1710896.04009,1
reserve_constrained_dacs,conditional,2,_gross_threshold,USD,200000,69520860832,1489464.1534,443874.312575,32201.3872704,57045.4583619,149287.118395,1250846.93747,3154289.17611,5584237.48498,1
reserve_constrained_dacs,conditional,2,_mean_pledge,USD_per_contributor,200000,69520860832,121.96013837,75.0717897728,14.9619285916,21.3076751783,38.7107838192,145.870259339,264.500463978,375.823595089,1
reserve_constrained_dacs,conditional,2,_potential_contributors,contributors,200000,69520860832,16881.2952573,3133.31275158,154.286319731,298.130111703,906.583035018,10842.4415772,33167.4588012,63912.7653938,1
reserve_constrained_dacs,conditional,2,_potential_pledge_principal,USD_pledge_principal,200000,69520860832,2671263.61305,234941.800441,6360.77559949,14073.0712054,53101.2200509,1047169.19012,3996152.87121,8800189.67309,1
reserve_constrained_dacs,conditional,2,_project_target,USD,200000,69520860832,1417472.80791,385977.663108,28001.2063221,49604.7464016,129814.88556,1137317.55923,3032970.36164,5474742.63233,1
reserve_constrained_dacs,conditional,2,_reserve_before,USD_reserve_state,200000,69520860832,1973.08620695,2413.54308059,440.440329733,491.304365623,1460.29656531,2510.02869684,2558.58733809,2603.17751838,1
reserve_constrained_dacs,conditional,2,_reserve_capacity_probability,indicator,200000,69520860832,0.367975,0,0,0,0,1,1,1,0.367975
reserve_constrained_dacs,conditional,2,_reserve_exhaustion_probability,indicator,200000,69520860832,0,0,0,0,0,0,0,0,0
reserve_constrained_dacs,conditional,2,_stress_projected_liability,USD_internal_liability,200000,69520860832,10022.0525411,4076.68819354,68.935493338,175.773238614,806.629815514,14590.8866926,29132.070779,38719.3635619,1
reserve_constrained_dacs,conditional,2,_stress_projected_successful_target,USD,200000,69520860832,496115.482769,135092.182088,9800.42221274,17361.6612406,45435.2099462,398061.145729,1061539.62658,1916159.92132,1
reserve_constrained_dacs,conditional,2,_surcharge_rate,proportion,200000,69520860832,0.12264295,0.15,0.02,0.04,0.1,0.15,0.15,0.15,1
reserve_constrained_dacs,conditional,2,_willing_pledge,USD_pledge_principal,200000,69520860832,73055.3724583,11922.1464227,88.230350909,267.442782468,1648.81327251,77192.0602178,242797.75336,370844.261012,1
reserve_constrained_dacs,conditional,2,dac_bonus_liability_locked,USD_internal_liability,200000,69520860832,695.409588724,458.901224029,5.6019463607,17.2122189789,108.030785249,1073.35232009,1762.22512475,1962.04884741,1
reserve_constrained_dacs,conditional,2,dac_bonus_liability_released,USD_internal_liability,200000,69520860832,279.5126585,126.909257812,4.53272810942,10.9751642046,41.5732323938,330.187598143,652.197896293,1048.29857139,1
reserve_constrained_dacs,conditional,2,dac_bonus_paid,USD_internal_transfer,200000,69520860832,415.896930223,128.00837699,0,0,0,668.803671389,1369.24385475,1624.37562016,0.667715
reserve_constrained_dacs,conditional,2,dac_capacity_waiting_pledges,USD_pledge_principal,200000,69520860832,62630.4869564,0,0,0,0,55734.6303863,232153.965757,360658.418236,0.367975
reserve_constrained_dacs,conditional,2,dac_free_reserve,USD_reserve_state,200000,69520860832,1842.14894461,2189.6881214,357.359716838,504.51914881,870.186578988,2540.63141754,2735.39729412,2917.19586539,1
reserve_constrained_dacs,conditional,2,dac_funding_lost_to_surcharge,USD,200000,69520860832,11956.8343589,323.935332516,6.62583698525,15.9799670125,60.4853200121,5255.85142358,26705.3515807,56437.4182738,0.99232
reserve_constrained_dacs,conditional,2,dac_gross_threshold,USD,200000,69520860832,1489464.1534,443874.312575,32201.3872704,57045.4583619,149287.118395,1250846.93747,3154289.17611,5584237.48498,1
reserve_constrained_dacs,conditional,2,dac_incremental_funding_caused_by_bonus,USD,200000,69520860832,7.57698598447,0,0,0,0,2.32812981384,11.4210169893,24.547348082,0.468035
reserve_constrained_dacs,conditional,2,dac_pledge_principal,USD,200000,69520860832,10424.8855019,6802.4169498,88.230350909,267.442782468,1648.81327251,15988.5240181,26030.7576901,30414.8987344,1
reserve_constrained_dacs,conditional,2,dac_project_funding,USD,200000,69520860832,3871.29710069,1669.41238702,61.9436768418,148.576245678,555.480782443,4449.59093037,9283.28420574,14967.6236696,1
reserve_constrained_dacs,conditional,2,dac_project_target,USD,200000,69520860832,1417472.80791,385977.663108,28001.2063221,49604.7464016,129814.88556,1137317.55923,3032970.36164,5474742.63233,1
reserve_constrained_dacs,conditional,2,dac_required_surcharge,USD_internal_threshold_component,200000,69520860832,71991.3454933,57896.6494662,4200.18094832,7440.71196024,19472.2328341,110605.265259,122359.176115,138176.688786,1
reserve_constrained_dacs,conditional,2,dac_reserve_cash,USD_reserve_state,200000,69520860832,1842.14894461,2189.6881214,357.359716838,504.51914881,870.186578988,2540.63141754,2735.39729412,2917.19586539,1
reserve_constrained_dacs,conditional,2,dac_returned_or_cancelled_principal,USD,200000,69520860832,6268.62873332,1932.34740432,0,0,0,10025.3950975,20378.2556288,24198.8070009,0.68683
reserve_constrained_dacs,conditional,2,dac_surcharge_inflow,USD_internal_transfer,200000,69520860832,284.959667881,234.741310471,8.96817605154,21.3405113234,78.0638545086,417.181273725,489.864403936,523.759727542,1
reserve_constrained_dacs,conditional,2,lapsed_dac_projects,projects,200000,69520860832,211.829201508,126.828668768,23.3062757212,34.1583060235,63.5880828627,250.223752976,465.933281406,675.512907113,1
reserve_constrained_dacs,conditional,2,successful_dac_projects,projects,200000,69520860832,1.54810761607,0.577223287968,0.0252226353653,0.069567356754,0.232433147423,1.14959002962,2.07341562362,3.10027135678,1
reserve_constrained_dacs,conditional,3,_contributor_choice_principal,USD_pledge_principal,200000,69520860832,1210865.29188,26634.039659,201.270392236,601.036747775,3698.24809707,187089.271975,1023058.51544,2799964.84175,1
reserve_constrained_dacs,conditional,3,_gross_threshold,USD,200000,69520860832,2456439.30958,731792.785596,53088.773608,94047.9178398,246122.006002,2062540.76281,5200314.58764,9225135.01957,1
reserve_constrained_dacs,conditional,3,_mean_pledge,USD_per_contributor,200000,69520860832,121.96013837,75.0717897728,14.9619285916,21.3076751783,38.7107838192,145.870259339,264.500463978,375.823595089,1
reserve_constrained_dacs,conditional,3,_potential_contributors,contributors,200000,69520860832,27831.3246134,5165.73183369,254.36393253,491.51180578,1494.63689557,17875.3766543,54681.4861317,105369.694298,1
reserve_constrained_dacs,conditional,3,_potential_pledge_principal,USD_pledge_principal,200000,69520860832,4403975.14584,387336.481809,10486.6840965,23201.5498251,87545.2546785,1726414.0702,6588252.03091,14508420.8124,1
reserve_constrained_dacs,conditional,3,_project_target,USD,200000,69520860832,2336914.62926,636341.552692,46164.1509635,81780.7981216,214019.135654,1875037.0571,5000302.48812,9025927.04249,1
reserve_constrained_dacs,conditional,3,_reserve_before,USD_reserve_state,200000,69520860832,1842.14894461,2189.6881214,357.359716838,504.51914881,870.186578988,2540.63141754,2735.39729412,2917.19586539,1
reserve_constrained_dacs,conditional,3,_reserve_capacity_probability,indicator,200000,69520860832,0.450115,0,0,0,0,1,1,1,0.450115
reserve_constrained_dacs,conditional,3,_reserve_exhaustion_probability,indicator,200000,69520860832,0,0,0,0,0,0,0,0,0
reserve_constrained_dacs,conditional,3,_stress_projected_liability,USD_internal_liability,200000,69520860832,16524.195684,6721.02648123,113.650407936,289.78831231,1329.84915531,24055.2456283,48031.2316671,63849.4493904,1
reserve_constrained_dacs,conditional,3,_stress_projected_successful_target,USD,200000,69520860832,817920.12024,222719.543442,16157.4528372,28623.2793426,74906.6974788,656262.969986,1750105.87084,3159074.46487,1
reserve_constrained_dacs,conditional,3,_surcharge_rate,proportion,200000,69520860832,0.1230143,0.15,0.02,0.04,0.1,0.15,0.15,0.15,1
reserve_constrained_dacs,conditional,3,_willing_pledge,USD_pledge_principal,200000,69520860832,120225.185433,19626.6122457,145.388062382,440.584170248,2715.51888034,126612.227,399832.934709,610921.251541,1
reserve_constrained_dacs,conditional,3,dac_bonus_liability_locked,USD_internal_liability,200000,69520860832,714.47887024,556.930697244,9.23463084692,28.3627885194,177.927439141,947.712204885,1481.82625694,1847.76941003,1
reserve_constrained_dacs,conditional,3,dac_bonus_liability_released,USD_internal_liability,200000,69520860832,410.909136224,173.628990629,7.47063824641,18.0937486542,63.8603076313,516.816042517,965.643089632,1476.32176587,1
reserve_constrained_dacs,conditional,3,dac_bonus_paid,USD_internal_transfer,200000,69520860832,303.569734016,165.669274152,0,0,0,365.346072159,943.132674761,1210.57891305,0.669135
reserve_constrained_dacs,conditional,3,dac_capacity_waiting_pledges,USD_pledge_principal,200000,69520860832,109501.362514,0,0,0,0,111375.632001,386669.128513,596786.590918,0.450115
reserve_constrained_dacs,conditional,3,dac_free_reserve,USD_reserve_state,200000,69520860832,1963.25967246,2017.22233297,293.660052739,459.345217799,1200.70737683,2600.70168404,3044.40870475,3445.43133151,1
reserve_constrained_dacs,conditional,3,dac_funding_lost_to_surcharge,USD,200000,69520860832,20312.606129,700.150458939,11.2916132525,26.7839962719,103.136667902,9321.95490137,46755.7732172,97724.8906483,0.99337
reserve_constrained_dacs,conditional,3,dac_gross_threshold,USD,200000,69520860832,2456439.30958,731792.785596,53088.773608,94047.9178398,246122.006002,2062540.76281,5200314.58764,9225135.01957,1
reserve_constrained_dacs,conditional,3,dac_incremental_funding_caused_by_bonus,USD,200000,69520860832,9.41576295242,0,0,0,0,1.83759756873,11.0117792357,27.457417027,0.40179
reserve_constrained_dacs,conditional,3,dac_pledge_principal,USD,200000,69520860832,10723.8229194,8357.3667667,145.388062382,440.584170248,2715.51888034,14428.5474332,22309.64747,28235.8388219,1
reserve_constrained_dacs,conditional,3,dac_project_funding,USD,200000,69520860832,5695.0456714,2282.9659485,102.082079385,244.811300021,845.618719723,6924.58320331,13926.6800879,21170.0444513,1
reserve_constrained_dacs,conditional,3,dac_project_target,USD,200000,69520860832,2336914.62926,636341.552692,46164.1509635,81780.7981216,214019.135654,1875037.0571,5000302.48812,9025927.04249,1
reserve_constrained_dacs,conditional,3,dac_required_surcharge,USD_internal_threshold_component,200000,69520860832,119524.680323,95451.2329038,6924.62264452,12267.1197182,32102.8703481,185208.768703,203550.951638,229914.265945,1
reserve_constrained_dacs,conditional,3,dac_reserve_cash,USD_reserve_state,200000,69520860832,1963.25967246,2017.22233297,293.660052739,459.345217799,1200.70737683,2600.70168404,3044.40870475,3445.43133151,1
reserve_constrained_dacs,conditional,3,dac_returned_or_cancelled_principal,USD,200000,69520860832,4604.09678617,2429.85216207,0,0,0,5712.80206201,14147.6997094,18199.8680775,0.709375
reserve_constrained_dacs,conditional,3,dac_surcharge_inflow,USD_internal_transfer,200000,69520860832,424.68046187,315.125405221,14.7939086388,35.2483149856,121.282877029,651.529566522,792.107033873,823.817269042,1
reserve_constrained_dacs,conditional,3,lapsed_dac_projects,projects,200000,69520860832,349.593078886,209.562526063,38.2961440437,56.3817649376,105.148861647,413.16513525,768.604151256,1113.97849636,1
reserve_constrained_dacs,conditional,3,successful_dac_projects,projects,200000,69520860832,2.19113345433,0.855552429659,0.0415285841302,0.11451351329,0.369795623174,1.6448621692,2.86650001995,4.08799435566,1
reserve_constrained_dacs,conditional,4,_contributor_choice_principal,USD_pledge_principal,200000,69520860832,1686702.9517,37089.5521741,280.401685904,837.36320047,5150.75020899,260357.208911,1425331.45401,3900803.24337,1
reserve_constrained_dacs,conditional,4,_gross_threshold,USD,200000,69520860832,3423055.2212,1019711.25862,73976.1599456,131050.377318,342956.893609,2874032.21048,7246339.99917,12854696.3387,1
reserve_constrained_dacs,conditional,4,_mean_pledge,USD_per_contributor,200000,69520860832,121.96013837,75.0717897728,14.9619285916,21.3076751783,38.7107838192,145.870259339,264.500463978,375.823595089,1
reserve_constrained_dacs,conditional,4,_potential_contributors,contributors,200000,69520860832,38781.3539695,7198.1509158,354.441545329,684.893499857,2082.69075612,24908.3117313,76195.5134622,146826.623202,1
reserve_constrained_dacs,conditional,4,_potential_pledge_principal,USD_pledge_principal,200000,69520860832,6136686.67863,539731.163176,14612.5925934,32330.0284448,121989.289306,2405658.95027,9180351.19062,20216651.9517,1
reserve_constrained_dacs,conditional,4,_project_target,USD,200000,69520860832,3256356.45061,886705.442276,64327.0956048,113956.849842,298223.385747,2612756.55498,6967634.61459,12577111.4527,1
reserve_constrained_dacs,conditional,4,_reserve_before,USD_reserve_state,200000,69520860832,1963.25967246,2017.22233297,293.660052739,459.345217799,1200.70737683,2600.70168404,3044.40870475,3445.43133151,1
reserve_constrained_dacs,conditional,4,_reserve_capacity_probability,indicator,200000,69520860832,0.501505,1,0,0,0,1,1,1,0.501505
reserve_constrained_dacs,conditional,4,_reserve_exhaustion_probability,indicator,200000,69520860832,0,0,0,0,0,0,0,0,0
reserve_constrained_dacs,conditional,4,_stress_projected_liability,USD_internal_liability,200000,69520860832,23025.5187607,9365.36476893,158.365322533,403.803386006,1853.0684951,33519.6045641,66928.7654378,88972.3042735,1
reserve_constrained_dacs,conditional,4,_stress_projected_successful_target,USD,200000,69520860832,1139724.75771,310346.904797,22514.4834617,39884.8974445,104378.185011,914464.794242,2438672.11511,4401989.00843,1
reserve_constrained_dacs,conditional,4,_surcharge_rate,proportion,200000,69520860832,0.1230734,0.15,0.02,0.04,0.1,0.15,0.15,0.15,1
reserve_constrained_dacs,conditional,4,_willing_pledge,USD_pledge_principal,200000,69520860832,167491.605629,27327.8921692,202.541719537,613.876296418,3782.61049044,176245.821688,557187.87701,851245.96546,1
reserve_constrained_dacs,conditional,4,dac_bonus_liability_locked,USD_internal_liability,200000,69520860832,878.099369852,630.664955326,12.8631173841,39.4920654327,210.12510417,1311.32251071,1684.19473487,2235.93414183,1
reserve_constrained_dacs,conditional,4,dac_bonus_liability_released,USD_internal_liability,200000,69520860832,566.330186188,232.065744465,10.4081742423,25.2119998,76.8205291691,713.980645583,1419.35965642,2011.82462163,1
reserve_constrained_dacs,conditional,4,dac_bonus_paid,USD_internal_transfer,200000,69520860832,311.769183664,199.325093955,0,0,0,506.188789694,724.15936999,993.224588598,0.689065
reserve_constrained_dacs,conditional,4,dac_capacity_waiting_pledges,USD_pledge_principal,200000,69520860832,154324.484603,524.099483679,0,0,0,155900.931643,537540.876572,830238.303328,0.501505
reserve_constrained_dacs,conditional,4,dac_free_reserve,USD_reserve_state,200000,69520860832,2235.95467575,2238.10741906,281.912084302,463.470173818,1260.13786912,2737.11612516,3547.76505969,4213.20941637,1
reserve_constrained_dacs,conditional,4,dac_funding_lost_to_surcharge,USD,200000,69520860832,28366.9167982,1158.76756554,15.75657347,37.3534348137,146.712820896,12517.2190391,65747.7037939,137789.164629,0.99342
reserve_constrained_dacs,conditional,4,dac_gross_threshold,USD,200000,69520860832,3423055.2212,1019711.25862,73976.1599456,131050.377318,342956.893609,2874032.21048,7246339.99917,12854696.3387,1
reserve_constrained_dacs,conditional,4,dac_incremental_funding_caused_by_bonus,USD,200000,69520860832,11.9725234102,0,0,0,0,1.46819211222,11.1780451705,34.5244454971,0.360425
reserve_constrained_dacs,conditional,4,dac_pledge_principal,USD,200000,69520860832,13167.1210259,9443.44787846,202.541719537,613.876296418,3144.25416285,19220.9008326,25870.4799335,33650.6217965,1
reserve_constrained_dacs,conditional,4,dac_project_funding,USD,200000,69520860832,7853.71136393,3048.70235852,142.235194406,341.080134387,1016.02786059,9553.80301881,20038.5717873,28833.3048512,1
reserve_constrained_dacs,conditional,4,dac_project_target,USD,200000,69520860832,3256356.45061,886705.442276,64327.0956048,113956.849842,298223.385747,2612756.55498,6967634.61459,12577111.4527,1
reserve_constrained_dacs,conditional,4,dac_required_surcharge,USD_internal_threshold_component,200000,69520860832,166698.770594,133005.816341,9649.06434072,17093.5274762,44733.5078621,258737.718167,283605.771355,320595.769479,1
reserve_constrained_dacs,conditional,4,dac_reserve_cash,USD_reserve_state,200000,69520860832,2235.95467575,2238.10741906,281.912084302,463.470173818,1260.13786912,2737.11612516,3547.76505969,4213.20941637,1
reserve_constrained_dacs,conditional,4,dac_returned_or_cancelled_principal,USD,200000,69520860832,4728.94547503,2976.66778175,0,0,0,7439.9208743,11323.239031,14974.4712322,0.71917
reserve_constrained_dacs,conditional,4,dac_surcharge_inflow,USD_internal_transfer,200000,69520860832,584.464186953,417.980699866,20.6308656639,49.1412719392,147.010829338,926.264110372,1108.86230015,1150.54513932,1
reserve_constrained_dacs,conditional,4,lapsed_dac_projects,projects,200000,69520860832,487.230216579,292.212448569,53.1821138663,78.4979885734,146.582207589,575.857310824,1070.98798672,1551.97268597,1
reserve_constrained_dacs,conditional,4,successful_dac_projects,projects,200000,69520860832,2.96089897719,1.13521847307,0.0578183964995,0.159153344473,0.498386643875,2.19953295944,3.84184825906,5.43162809557,1
reserve_constrained_dacs,conditional,5,_contributor_choice_principal,USD_pledge_principal,200000,69520860832,2163160.57528,47535.8955172,359.57392663,1073.71114354,6604.11299331,333866.173278,1827849.40352,5005605.09313,1
reserve_constrained_dacs,conditional,5,_gross_threshold,USD,200000,69520860832,4389503.52208,1307629.73164,94863.5462831,168052.836796,439791.781216,3685523.65814,9292365.4107,16467450.9409,1
reserve_constrained_dacs,conditional,5,_mean_pledge,USD_per_contributor,200000,69520860832,121.96013837,75.0717897728,14.9619285916,21.3076751783,38.7107838192,145.870259339,264.500463978,375.823595089,1
reserve_constrained_dacs,conditional,5,_potential_contributors,contributors,200000,69520860832,49731.3833256,9230.56999791,454.519158127,878.275193935,2670.74461667,31941.2468084,97709.5407927,188283.552106,1
reserve_constrained_dacs,conditional,5,_potential_pledge_principal,USD_pledge_principal,200000,69520860832,7869398.21142,692125.844544,18738.5010904,41458.5070645,156433.323934,3084903.83035,11772450.3503,25924883.091,1
reserve_constrained_dacs,conditional,5,_project_target,USD,200000,69520860832,4175798.27195,1137069.33186,82490.0402462,146132.901562,382427.63584,3350476.05285,8934966.74106,16128295.8628,1
reserve_constrained_dacs,conditional,5,_reserve_before,USD_reserve_state,200000,69520860832,2235.95467575,2238.10741906,281.912084302,463.470173818,1260.13786912,2737.11612516,3547.76505969,4213.20941637,1
reserve_constrained_dacs,conditional,5,_reserve_capacity_probability,indicator,200000,69520860832,0.53446,1,0,0,0,1,1,1,0.53446
reserve_constrained_dacs,conditional,5,_reserve_exhaustion_probability,indicator,200000,69520860832,0,0,0,0,0,0,0,0,0
reserve_constrained_dacs,conditional,5,_stress_projected_liability,USD_internal_liability,200000,69520860832,29526.8226618,12009.7030566,203.080237131,517.818459702,2376.28783489,42983.9634998,85826.2992084,114093.896068,1
reserve_constrained_dacs,conditional,5,_stress_projected_successful_target,USD,200000,69520860832,1461529.39518,397974.266151,28871.5140862,51146.5155465,133849.672544,1172666.6185,3127238.35937,5644903.55199,1
reserve_constrained_dacs,conditional,5,_surcharge_rate,proportion,200000,69520860832,0.12307545,0.15,0.02,0.04,0.1,0.15,0.15,0.15,1
reserve_constrained_dacs,conditional,5,_willing_pledge,USD_pledge_principal,200000,69520860832,214788.337824,35010.7360647,259.642975682,787.123983489,4850.44681262,226100.607085,714578.946889,1091606.912,1
reserve_constrained_dacs,conditional,5,dac_bonus_liability_locked,USD_internal_liability,200000,69520860832,1118.57719699,714.221048408,16.4940055462,50.6427662607,230.057612563,1751.83152287,2354.84733402,2978.69551203,1
reserve_constrained_dacs,conditional,5,dac_bonus_liability_released,USD_internal_liability,200000,69520860832,740.507494241,293.818450641,13.3393915685,31.2788505804,91.758385559,914.645555373,2011.83029437,2602.41189374,1
reserve_constrained_dacs,conditional,5,dac_bonus_paid,USD_internal_transfer,200000,69520860832,378.069702746,242.406015905,0,0,0,686.665297625,880.632459447,937.99118738,0.70294
reserve_constrained_dacs,conditional,5,dac_capacity_waiting_pledges,USD_pledge_principal,200000,69520860832,198033.599082,15271.7372232,0,0,0,198803.707039,687160.281869,1062095.40874,0.53446
reserve_constrained_dacs,conditional,5,dac_free_reserve,USD_reserve_state,200000,69520860832,2612.34870142,2526.10435755,290.385938863,488.777632762,1331.43140634,3130.96993321,4263.76333977,5252.16338618,1
reserve_constrained_dacs,conditional,5,dac_funding_lost_to_surcharge,USD,200000,69520860832,36163.9953985,1542.31701251,20.2556766968,48.0072452318,197.872296081,15332.5729738,83742.0525022,176735.599104,0.993555
reserve_constrained_dacs,conditional,5,dac_gross_threshold,USD,200000,69520860832,4389503.52208,1307629.73164,94863.5462831,168052.836796,439791.781216,3685523.65814,9292365.4107,16467450.9409,1
reserve_constrained_dacs,conditional,5,dac_incremental_funding_caused_by_bonus,USD,200000,69520860832,15.0168024638,0,0,0,0,1.23650242787,11.9977296039,43.241497976,0.33437
reserve_constrained_dacs,conditional,5,dac_pledge_principal,USD,200000,69520860832,16754.7387421,10746.3702575,259.642975682,787.123983489,3471.51192272,25769.9908746,35331.1223715,44766.4368105,1
reserve_constrained_dacs,conditional,5,dac_project_funding,USD,200000,69520860832,10278.5100251,3860.81924749,182.395719885,421.839791424,1221.76669466,12242.4412917,27894.4563361,38038.463652,1
reserve_constrained_dacs,conditional,5,dac_project_target,USD,200000,69520860832,4175798.27195,1137069.33186,82490.0402462,146132.901562,382427.63584,3350476.05285,8934966.74106,16128295.8628,1
reserve_constrained_dacs,conditional,5,dac_required_surcharge,USD_internal_threshold_component,200000,69520860832,213705.250125,170560.399779,12373.5060369,21919.9352342,57364.145376,331815.724064,363165.428662,410287.996214,1
reserve_constrained_dacs,conditional,5,dac_reserve_cash,USD_reserve_state,200000,69520860832,2612.34870142,2526.10435755,290.385938863,488.777632762,1331.43140634,3130.96993321,4263.76333977,5252.16338618,1
reserve_constrained_dacs,conditional,5,dac_returned_or_cancelled_principal,USD,200000,69520860832,5721.76498852,3648.84499605,0,0,0,10136.4385005,13229.972032,15267.5773737,0.73379
reserve_constrained_dacs,conditional,5,dac_surcharge_inflow,USD_internal_transfer,200000,69520860832,754.463728421,529.986002278,26.473827467,61.0587049603,176.602126871,1229.86760383,1430.98290091,1486.99492298,1
reserve_constrained_dacs,conditional,5,lapsed_dac_projects,projects,200000,69520860832,624.807784027,374.832449017,68.09518062,100.653894435,188.037371212,738.485375197,1373.36863453,1990.25118251,1
reserve_constrained_dacs,conditional,5,successful_dac_projects,projects,200000,69520860832,3.79023474462,1.4216652105,0.0741085598345,0.20323345713,0.62383641166,2.80007774508,4.94334419037,7.01205107473,1
reserve_constrained_dacs,probability_weighted,1,_contributor_choice_principal,USD_pledge_principal,200000,69530860851,152028.404202,1723.36434587,5.5581101695,20.3156772192,173.033475325,15443.2732099,102213.625878,310615.155918,1
reserve_constrained_dacs,probability_weighted,1,_gross_threshold,USD,200000,69530860851,306728.382602,66626.4261475,2215.5462515,4979.15889692,17612.6486778,223007.35576,634716.923048,1197795.42556,1
reserve_constrained_dacs,probability_weighted,1,_mean_pledge,USD_per_contributor,200000,69530860851,121.342553784,74.9333325053,14.8834503764,21.2688114622,38.703080548,145.614395481,263.811834172,375.379705467,1
reserve_constrained_dacs,probability_weighted,1,_potential_contributors,contributors,200000,69530860851,3671.58356971,416.361977921,6.80084419938,17.6674473516,82.6721564937,1871.97050164,6719.38369497,14199.38378,1
reserve_constrained_dacs,probability_weighted,1,_potential_pledge_principal,USD_pledge_principal,200000,69530860851,564497.140717,30546.8940846,321.846524064,913.252242169,5024.77589653,170111.230259,756591.451106,1801882.73188,1
reserve_constrained_dacs,probability_weighted,1,_project_target,USD,200000,69530860851,294082.681726,57936.0227369,1926.56195782,4329.70338863,15315.3466764,203344.995428,614846.111475,1174309.24075,1
reserve_constrained_dacs,probability_weighted,1,_reserve_before,USD_reserve_state,200000,69530860851,2500,2500,2500,2500,2500,2500,2500,2500,1
reserve_constrained_dacs,probability_weighted,1,_reserve_capacity_probability,indicator,200000,69530860851,0.10707,0,0,0,0,0,1,1,0.10707
reserve_constrained_dacs,probability_weighted,1,_reserve_exhaustion_probability,indicator,200000,69530860851,0,0,0,0,0,0,0,0,0
reserve_constrained_dacs,probability_weighted,1,_stress_projected_liability,USD_internal_liability,200000,69530860851,1739.04902176,243.284646792,0,0,9.3696992208,1787.96576316,5713.59696503,8923.34805224,0.81981
reserve_constrained_dacs,probability_weighted,1,_stress_projected_successful_target,USD,200000,69530860851,102928.938604,20277.6079579,674.296685238,1515.39618602,5360.37133673,71170.7483997,215196.139016,411008.234262,1
reserve_constrained_dacs,probability_weighted,1,_surcharge_rate,proportion,200000,69530860851,0.121651,0.15,0.02,0.03,0.1,0.15,0.15,0.15,1
reserve_constrained_dacs,probability_weighted,1,_willing_pledge,USD_pledge_principal,200000,69530860851,13048.4439917,527.152790959,0,0,11.5415399834,6866.01685724,40279.310129,79319.1276451,0.81981
reserve_constrained_dacs,probability_weighted,1,dac_bonus_liability_locked,USD_internal_liability,200000,69530860851,479.630763752,34.8644300667,0,0,0.747419616632,461.455331373,2500,2500,0.81981
reserve_constrained_dacs,probability_weighted,1,dac_bonus_liability_released,USD_internal_liability,200000,69530860851,88.4029111041,11.1714443718,0,0,0.530697723728,76.8465251372,221.968106585,391.044127011,0.81981
reserve_constrained_dacs,probability_weighted,1,dac_bonus_paid,USD_internal_transfer,200000,69530860851,391.227852648,12.63057686,0,0,0,354.036255941,1885.00006056,2272.91040414,0.60832
reserve_constrained_dacs,probability_weighted,1,dac_capacity_waiting_pledges,USD_pledge_principal,200000,69530860851,5947.13879432,0,0,0,0,0,3518.53204447,42360.599544,0.10707
reserve_constrained_dacs,probability_weighted,1,dac_free_reserve,USD_reserve_state,200000,69530860851,2195.69179814,2500,422.003094504,899.13828804,2267.64560075,2501.88353317,2522.88090143,2549.83971347,1
reserve_constrained_dacs,probability_weighted,1,dac_funding_lost_to_surcharge,USD,200000,69530860851,1517.07646812,15.3225960372,0,0,0.753680673498,109.39039728,1430.40575935,5143.53181102,0.806455
reserve_constrained_dacs,probability_weighted,1,dac_gross_threshold,USD,200000,69530860851,306728.382602,66626.4261475,2215.5462515,4979.15889692,17612.6486778,223007.35576,634716.923048,1197795.42556,1
reserve_constrained_dacs,probability_weighted,1,dac_incremental_funding_caused_by_bonus,USD,200000,69530860851,4.97887519071,0.00710534172008,0,0,0,0.829983416444,6.17151288275,16.3531350063,0.52779
reserve_constrained_dacs,probability_weighted,1,dac_pledge_principal,USD,200000,69530860851,7101.30519739,527.152790959,0,0,11.5415399834,6866.01685724,33756.4137186,35992.5363764,0.81981
reserve_constrained_dacs,probability_weighted,1,dac_project_funding,USD,200000,69530860851,1220.63677422,147.856468116,0,0,7.13731351821,1044.60806849,3099.54191179,5494.96298945,0.81981
reserve_constrained_dacs,probability_weighted,1,dac_project_target,USD,200000,69530860851,294082.681726,57936.0227369,1926.56195782,4329.70338863,15315.3466764,203344.995428,614846.111475,1174309.24075,1
reserve_constrained_dacs,probability_weighted,1,dac_required_surcharge,USD_internal_threshold_component,200000,69530860851,12645.700876,8690.40341054,288.984293674,649.455508294,2297.30200145,19173.1992006,21468.4265982,25693.5555112,1
reserve_constrained_dacs,probability_weighted,1,dac_reserve_cash,USD_reserve_state,200000,69530860851,2195.69179814,2500,422.003094504,899.13828804,2267.64560075,2501.88353317,2522.88090143,2549.83971347,1
reserve_constrained_dacs,probability_weighted,1,dac_returned_or_cancelled_principal,USD,200000,69530860851,5793.74877238,191.806290432,0,0,0,5294.39098702,27343.4882081,31832.9591093,0.608785
reserve_constrained_dacs,probability_weighted,1,dac_surcharge_inflow,USD_internal_transfer,200000,69530860851,86.9196507861,20.4948471179,0,0,1.05158639957,90.4857810068,167.073706394,304.825923705,0.81981
reserve_constrained_dacs,probability_weighted,1,lapsed_dac_projects,projects,200000,69530860851,44.1250065711,20.041626778,1.16060607918,2.36642112793,7.05292109272,50.0351924742,105.919827375,162.909956178,1
reserve_constrained_dacs,probability_weighted,1,successful_dac_projects,projects,200000,69530860851,0.57403949294,0.0553125792178,0,0,0.00289067349928,0.269436815384,0.849913797594,1.6714491901,0.81981
reserve_constrained_dacs,probability_weighted,2,_contributor_choice_principal,USD_pledge_principal,200000,69530860851,430447.689971,4861.48799723,15.8009232249,57.7921975527,490.866994666,43576.5435687,290300.743406,876640.696467,1
reserve_constrained_dacs,probability_weighted,2,_gross_threshold,USD,200000,69530860851,877311.366465,189629.059035,6305.78548503,14171.4522451,50128.3077753,649744.293796,1826416.16897,3428116.14613,1
reserve_constrained_dacs,probability_weighted,2,_mean_pledge,USD_per_contributor,200000,69530860851,121.342553784,74.9333325053,14.8834503764,21.2688114622,38.703080548,145.614395481,263.811834172,375.379705467,1
reserve_constrained_dacs,probability_weighted,2,_potential_contributors,contributors,200000,69530860851,10449.8916984,1185.03024485,19.3562488752,50.2842732315,235.297676174,5327.91604312,19124.3997472,40413.6307585,1
reserve_constrained_dacs,probability_weighted,2,_potential_pledge_principal,USD_pledge_principal,200000,69530860851,1606645.70819,86941.160087,916.024722336,2599.25638156,14301.285244,484162.732275,2153375.66853,5128435.46766,1
reserve_constrained_dacs,probability_weighted,2,_project_target,USD,200000,69530860851,837004.555682,164894.833944,5483.29172611,12323.0019522,43589.8328481,578751.140833,1749946.62497,3342264.76213,1
reserve_constrained_dacs,probability_weighted,2,_reserve_before,USD_reserve_state,200000,69530860851,2195.69179814,2500,422.003094504,899.13828804,2267.64560075,2501.88353317,2522.88090143,2549.83971347,1
reserve_constrained_dacs,probability_weighted,2,_reserve_capacity_probability,indicator,200000,69530860851,0.207795,0,0,0,0,0,1,1,0.207795
reserve_constrained_dacs,probability_weighted,2,_reserve_exhaustion_probability,indicator,200000,69530860851,0,0,0,0,0,0,0,0,0
reserve_constrained_dacs,probability_weighted,2,_stress_projected_liability,USD_internal_liability,200000,69530860851,4996.39938172,697.391834704,0,0,26.7114685941,5167.0517386,16460.8837366,25596.0489264,0.81981
reserve_constrained_dacs,probability_weighted,2,_stress_projected_successful_target,USD,200000,69530860851,292951.594489,57713.1918802,1919.15210414,4313.05068329,15256.4414968,202562.899292,612481.318738,1169792.66675,1
reserve_constrained_dacs,probability_weighted,2,_surcharge_rate,proportion,200000,69530860851,0.12663495,0.15,0.03,0.04,0.12,0.15,0.15,0.15,1
reserve_constrained_dacs,probability_weighted,2,_willing_pledge,USD_pledge_principal,200000,69530860851,36910.1255533,1489.39915793,0,0,32.7921751542,19354.4658062,113835.49476,224071.831557,0.81981
reserve_constrained_dacs,probability_weighted,2,dac_bonus_liability_locked,USD_internal_liability,200000,69530860851,436.778470188,98.4703738818,0,0,2.12597067538,589.978577006,1478.85041408,1824.46204488,0.81981
reserve_constrained_dacs,probability_weighted,2,dac_bonus_liability_released,USD_internal_liability,200000,69530860851,151.978178732,31.694058042,0,0,1.50886128902,148.013929819,376.980342892,642.567762482,0.81981
reserve_constrained_dacs,probability_weighted,2,dac_bonus_paid,USD_internal_transfer,200000,69530860851,284.800291457,7.67451654985,0,0,0,333.425501417,1126.28424322,1494.25675494,0.547835
reserve_constrained_dacs,probability_weighted,2,dac_capacity_waiting_pledges,USD_pledge_principal,200000,69530860851,30377.4738981,0,0,0,0,0,101262.467444,214230.644789,0.207795
reserve_constrained_dacs,probability_weighted,2,dac_free_reserve,USD_reserve_state,200000,69530860851,2068.59392297,2500,425.306438647,583.91751525,1673.20350343,2507.74750169,2594.08588385,2708.00313685,1
reserve_constrained_dacs,probability_weighted,2,dac_funding_lost_to_surcharge,USD,200000,69530860851,5738.74723419,49.008266272,0,0,2.4434532243,516.657777316,10535.7951795,26226.2460414,0.81098
reserve_constrained_dacs,probability_weighted,2,dac_gross_threshold,USD,200000,69530860851,877311.366465,189629.059035,6305.78548503,14171.4522451,50128.3077753,649744.293796,1826416.16897,3428116.14613,1
reserve_constrained_dacs,probability_weighted,2,dac_incremental_funding_caused_by_bonus,USD,200000,69530860851,4.92516729429,0,0,0,0,0.990087756209,7.09674781528,15.9629243508,0.45949
reserve_constrained_dacs,probability_weighted,2,dac_pledge_principal,USD,200000,69530860851,6532.65165514,1489.39915793,0,0,32.7921751542,8770.66561795,21906.5292811,26984.5085727,0.81981
reserve_constrained_dacs,probability_weighted,2,dac_project_funding,USD,200000,69530860851,2102.20066784,419.598087023,0,0,20.3197635257,1943.91689508,5316.10148022,9151.84872396,0.81981
reserve_constrained_dacs,probability_weighted,2,dac_project_target,USD,200000,69530860851,837004.555682,164894.833944,5483.29172611,12323.0019522,43589.8328481,578751.140833,1749946.62497,3342264.76213,1
reserve_constrained_dacs,probability_weighted,2,dac_required_surcharge,USD_internal_threshold_component,200000,69530860851,40306.8107826,24734.2250915,822.493758917,1848.45029284,6538.47492722,68645.7741406,77651.686945,87721.8195177,1
reserve_constrained_dacs,probability_weighted,2,dac_reserve_cash,USD_reserve_state,200000,69530860851,2068.59392297,2500,425.306438647,583.91751525,1673.20350343,2507.74750169,2594.08588385,2708.00313685,1
reserve_constrained_dacs,probability_weighted,2,dac_returned_or_cancelled_principal,USD,200000,69530860851,4272.74857101,116.954880278,0,0,0,4982.36667874,16683.104062,22201.8620117,0.554905
reserve_constrained_dacs,probability_weighted,2,dac_surcharge_inflow,USD_internal_transfer,200000,69530860851,157.702416293,59.4736537206,0,0,3.00343796473,236.276831436,323.457481072,355.857721048,0.81981
reserve_constrained_dacs,probability_weighted,2,lapsed_dac_projects,projects,200000,69530860851,126.252819764,57.5618005954,3.32173635952,6.77748302723,20.2066919984,143.417462866,302.938141083,465.166771663,1
reserve_constrained_dacs,probability_weighted,2,successful_dac_projects,projects,200000,69530860851,0.967542111043,0.15527909474,0,0,0.00817801082645,0.59929556432,1.34689807358,2.17954007931,0.81981
reserve_constrained_dacs,probability_weighted,3,_contributor_choice_principal,USD_pledge_principal,200000,69530860851,706848.566419,8003.41424165,26.050170755,95.2680099555,808.948419376,71608.4420422,472739.482134,1429299.59075,1
reserve_constrained_dacs,probability_weighted,3,_gross_threshold,USD,200000,69530860851,1447285.98071,312631.691923,10396.0247186,23363.7455932,82643.9668728,1073847.72075,3015910.94138,5675526.89202,1
reserve_constrained_dacs,probability_weighted,3,_mean_pledge,USD_per_contributor,200000,69530860851,121.342553784,74.9333325053,14.8834503764,21.2688114622,38.703080548,145.614395481,263.811834172,375.379705467,1
reserve_constrained_dacs,probability_weighted,3,_potential_contributors,contributors,200000,69530860851,17228.1998271,1953.69851178,31.9116535509,82.9010991115,387.923195855,8783.8615846,31529.4157995,66627.8777369,1
reserve_constrained_dacs,probability_weighted,3,_potential_pledge_principal,USD_pledge_principal,200000,69530860851,2648794.27567,143335.426089,1510.20292061,4285.26052095,23577.7945914,798214.234291,3550159.88596,8454988.20344,1
reserve_constrained_dacs,probability_weighted,3,_project_target,USD,200000,69530860851,1379926.42964,271853.64515,9040.0214944,20316.3005159,71864.3190198,954157.286238,2885047.13846,5510220.28351,1
reserve_constrained_dacs,probability_weighted,3,_reserve_before,USD_reserve_state,200000,69530860851,2068.59392297,2500,425.306438647,583.91751525,1673.20350343,2507.74750169,2594.08588385,2708.00313685,1
reserve_constrained_dacs,probability_weighted,3,_reserve_capacity_probability,indicator,200000,69530860851,0.26609,0,0,0,0,1,1,1,0.26609
reserve_constrained_dacs,probability_weighted,3,_reserve_exhaustion_probability,indicator,200000,69530860851,0,0,0,0,0,0,0,0,0
reserve_constrained_dacs,probability_weighted,3,_stress_projected_liability,USD_internal_liability,200000,69530860851,8240.51533065,1149.75410586,0,0,44.037826601,8518.65286634,27141.7130019,42226.102073,0.81981
reserve_constrained_dacs,probability_weighted,3,_stress_projected_successful_target,USD,200000,69530860851,482974.250373,95148.7758026,3164.00752304,7110.70518055,25152.5116569,333955.050183,1009766.49846,1928577.09923,1
reserve_constrained_dacs,probability_weighted,3,_surcharge_rate,proportion,200000,69530860851,0.12724335,0.15,0.03,0.05,0.13,0.15,0.15,0.15,1
reserve_constrained_dacs,probability_weighted,3,_willing_pledge,USD_pledge_principal,200000,69530860851,60703.8951279,2452.04167905,0,0,54.0503148116,31827.5212307,186457.787849,368848.014994,0.81981
reserve_constrained_dacs,probability_weighted,3,dac_bonus_liability_locked,USD_internal_liability,200000,69530860851,433.346437866,162.130736474,0,0,3.502995102,615.010883347,1182.14778469,1498.35080604,0.81981
reserve_constrained_dacs,probability_weighted,3,dac_bonus_liability_released,USD_internal_liability,200000,69530860851,219.31543651,51.8672182879,0,0,2.48734428863,207.59364021,604.533534335,912.999892538,0.81981
reserve_constrained_dacs,probability_weighted,3,dac_bonus_paid,USD_internal_transfer,200000,69530860851,214.031001356,9.5878794595,0,0,0,233.69390077,765.052809643,1105.25586019,0.54063
reserve_constrained_dacs,probability_weighted,3,dac_capacity_waiting_pledges,USD_pledge_principal,200000,69530860851,54205.9848746,0,0,0,0,7590.85691613,174577.724177,357368.673076,0.26609
reserve_constrained_dacs,probability_weighted,3,dac_free_reserve,USD_reserve_state,200000,69530860851,2084.94896677,2500,336.995008223,616.93323869,1248.83147359,2518.34509669,2718.46759931,2982.96072347,1
reserve_constrained_dacs,probability_weighted,3,dac_funding_lost_to_surcharge,USD,200000,69530860851,9838.96176457,83.4829397345,0,0,4.10297148209,1272.71014876,18311.3224014,46070.8196752,0.811615
reserve_constrained_dacs,probability_weighted,3,dac_gross_threshold,USD,200000,69530860851,1447285.98071,312631.691923,10396.0247186,23363.7455932,82643.9668728,1073847.72075,3015910.94138,5675526.89202,1
reserve_constrained_dacs,probability_weighted,3,dac_incremental_funding_caused_by_bonus,USD,200000,69530860851,5.90025637629,0,0,0,0,0.856651355751,6.70079378511,15.7022998416,0.412685
reserve_constrained_dacs,probability_weighted,3,dac_pledge_principal,USD,200000,69530860851,6497.9102533,2452.04167905,0,0,54.0503148116,9081.9458151,17597.8429018,22655.0418191,0.81981
reserve_constrained_dacs,probability_weighted,3,dac_project_funding,USD,200000,69530860851,3037.77151858,677.192927939,0,0,33.4968024729,2718.85848496,8316.76061605,13032.4111963,0.81981
reserve_constrained_dacs,probability_weighted,3,dac_project_target,USD,200000,69530860851,1379926.42964,271853.64515,9040.0214944,20316.3005159,71864.3190198,954157.286238,2885047.13846,5510220.28351,1
reserve_constrained_dacs,probability_weighted,3,dac_required_surcharge,USD_internal_threshold_component,200000,69530860851,67359.5510709,40778.0467725,1356.00322416,3047.44507738,10779.647853,117644.37284,130694.058959,146974.723842,1
reserve_constrained_dacs,probability_weighted,3,dac_reserve_cash,USD_reserve_state,200000,69530860851,2084.94896677,2500,336.995008223,616.93323869,1248.83147359,2518.34509669,2718.46759931,2982.96072347,1
reserve_constrained_dacs,probability_weighted,3,dac_returned_or_cancelled_principal,USD,200000,69530860851,3229.75268957,145.60238536,0,0,0,3502.99808411,11418.7994832,16456.8127704,0.559185
reserve_constrained_dacs,probability_weighted,3,dac_surcharge_inflow,USD_internal_transfer,200000,69530860851,230.386045153,97.0739145086,0,0,4.96335488186,325.001924099,516.112106857,545.315447351,0.81981
reserve_constrained_dacs,probability_weighted,3,lapsed_dac_projects,projects,200000,69530860851,208.352207542,95.106453258,5.42575544218,11.1128903802,33.2827543656,236.892083071,499.858140842,767.295032979,1
reserve_constrained_dacs,probability_weighted,3,successful_dac_projects,projects,200000,69530860851,1.38947014325,0.247607300651,0,0,0.0134649685948,0.853605831662,1.82538517828,2.81962370351,0.81981
reserve_constrained_dacs,probability_weighted,4,_contributor_choice_principal,USD_pledge_principal,200000,69530860851,984468.404553,11144.7022705,36.2994182652,132.750505676,1126.69150551,99513.3099639,657611.197749,1989781.4717,1
reserve_constrained_dacs,probability_weighted,4,_gross_threshold,USD,200000,69530860851,2017028.61726,435634.32481,14486.2639521,32556.0389414,115159.62597,1500280.16682,4207405.35194,7908521.07904,1
reserve_constrained_dacs,probability_weighted,4,_mean_pledge,USD_per_contributor,200000,69530860851,121.342553784,74.9333325053,14.8834503764,21.2688114622,38.703080548,145.614395481,263.811834172,375.379705467,1
reserve_constrained_dacs,probability_weighted,4,_potential_contributors,contributors,200000,69530860851,24006.5079558,2722.36677871,44.4670582267,115.517924991,540.548715535,12239.8071261,43934.4318517,92842.1247154,1
reserve_constrained_dacs,probability_weighted,4,_potential_pledge_principal,USD_pledge_principal,200000,69530860851,3690942.84315,199729.692092,2104.38111888,5971.26466034,32854.3039389,1112265.73631,4946944.10338,11781540.9392,1
reserve_constrained_dacs,probability_weighted,4,_project_target,USD,200000,69530860851,1922848.30359,378812.456357,12596.7512627,28309.5990795,100138.805192,1329563.43164,4020147.65195,7678175.8049,1
reserve_constrained_dacs,probability_weighted,4,_reserve_before,USD_reserve_state,200000,69530860851,2084.94896677,2500,336.995008223,616.93323869,1248.83147359,2518.34509669,2718.46759931,2982.96072347,1
reserve_constrained_dacs,probability_weighted,4,_reserve_capacity_probability,indicator,200000,69530860851,0.305055,0,0,0,0,1,1,1,0.305055
reserve_constrained_dacs,probability_weighted,4,_reserve_exhaustion_probability,indicator,200000,69530860851,0,0,0,0,0,0,0,0,0
reserve_constrained_dacs,probability_weighted,4,_stress_projected_liability,USD_internal_liability,200000,69530860851,11482.732739,1602.11637702,0,0,61.364184608,11870.2539941,37820.4197568,58839.6504296,0.81981
reserve_constrained_dacs,probability_weighted,4,_stress_projected_successful_target,USD,200000,69530860851,672996.906258,132584.359725,4408.86294194,9908.35967782,35048.5818171,465347.201075,1407051.67818,2687361.53171,1
reserve_constrained_dacs,probability_weighted,4,_surcharge_rate,proportion,200000,69530860851,0.1273995,0.15,0.03,0.05,0.13,0.15,0.15,0.15,1
reserve_constrained_dacs,probability_weighted,4,_willing_pledge,USD_pledge_principal,200000,69530860851,84555.4996543,3416.42123725,0,0,75.2906960204,44288.6187307,259654.033734,513965.595682,0.81981
reserve_constrained_dacs,probability_weighted,4,dac_bonus_liability_locked,USD_internal_liability,200000,69530860851,499.905915967,200.271405259,0,0,4.88092032041,799.361992467,1170.20767308,1547.52295504,0.81981
reserve_constrained_dacs,probability_weighted,4,dac_bonus_liability_released,USD_internal_liability,200000,69530860851,298.278248486,62.9718719344,0,0,3.46597155011,277.970867612,887.339610554,1234.65017496,0.81981
reserve_constrained_dacs,probability_weighted,4,dac_bonus_paid,USD_internal_transfer,200000,69530860851,201.62766748,19.186183313,0,0,0,295.354739521,569.73306551,888.667123397,0.55031
reserve_constrained_dacs,probability_weighted,4,dac_capacity_waiting_pledges,USD_pledge_principal,200000,69530860851,77058.1141328,0,0,0,0,30220.6307723,244234.36928,497652.160174,0.305055
reserve_constrained_dacs,probability_weighted,4,dac_free_reserve,USD_reserve_state,200000,69530860851,2196.45355034,2500,309.421538989,573.643929307,1414.71943113,2537.32436713,2909.64589016,3391.00001067,1
reserve_constrained_dacs,probability_weighted,4,dac_funding_lost_to_surcharge,USD,200000,69530860851,13791.3561008,118.918225253,0,0,5.71970768069,1980.40672737,25255.6762792,64780.7201476,0.81174
reserve_constrained_dacs,probability_weighted,4,dac_gross_threshold,USD,200000,69530860851,2017028.61726,435634.32481,14486.2639521,32556.0389414,115159.62597,1500280.16682,4207405.35194,7908521.07904,1
reserve_constrained_dacs,probability_weighted,4,dac_incremental_funding_caused_by_bonus,USD,200000,69530860851,7.33833720448,0,0,0,0,0.735160183412,6.5339724223,16.3207184857,0.380885
reserve_constrained_dacs,probability_weighted,4,dac_pledge_principal,USD,200000,69530860851,7497.38552146,2989.24521509,0,0,75.2906960204,11786.7889246,17757.2183439,23334.1341378,0.81981
reserve_constrained_dacs,probability_weighted,4,dac_project_funding,USD,200000,69530860851,4135.01007177,828.241523431,0,0,46.6742925746,3640.35322268,12166.9181899,17817.5627362,0.81981
reserve_constrained_dacs,probability_weighted,4,dac_project_target,USD,200000,69530860851,1922848.30359,378812.456357,12596.7512627,28309.5990795,100138.805192,1329563.43164,4020147.65195,7678175.8049,1
reserve_constrained_dacs,probability_weighted,4,dac_required_surcharge,USD_internal_threshold_component,200000,69530860851,94180.3136609,56821.8684535,1889.5126894,4246.43986192,15020.8207787,165873.217548,182933.524017,205352.484505,1
reserve_constrained_dacs,probability_weighted,4,dac_reserve_cash,USD_reserve_state,200000,69530860851,2196.45355034,2500,309.421538989,573.643929307,1414.71943113,2537.32436713,2909.64589016,3391.00001067,1
reserve_constrained_dacs,probability_weighted,4,dac_returned_or_cancelled_principal,USD,200000,69530860851,3049.24319865,291.466336429,0,0,0,4358.81734325,8607.95613391,13287.9755471,0.569775
reserve_constrained_dacs,probability_weighted,4,dac_surcharge_inflow,USD_internal_transfer,200000,69530860851,313.132251047,119.915042919,0,0,6.91626480087,438.563621789,719.711836373,756.58149104,0.81981
reserve_constrained_dacs,probability_weighted,4,lapsed_dac_projects,projects,200000,69530860851,290.389507314,132.676677681,7.48459658112,15.3995507287,46.3428205359,330.284576691,696.591355105,1069.16428285,1
reserve_constrained_dacs,probability_weighted,4,successful_dac_projects,projects,200000,69530860851,1.87348618163,0.331764338801,0,0,0.018758865593,1.11354432303,2.39077514429,3.67550270635,0.81981
reserve_constrained_dacs,probability_weighted,5,_contributor_choice_principal,USD_pledge_principal,200000,69530860851,1262379.83589,14287.8861702,46.5440559839,170.233001396,1444.22820124,127522.671573,842966.540624,2551343.62785,1
reserve_constrained_dacs,probability_weighted,5,_gross_threshold,USD,200000,69530860851,2586672.81099,558636.957698,18576.5031856,41748.3322896,147675.285068,1925693.93873,5405244.88957,10141515.2661,1
reserve_constrained_dacs,probability_weighted,5,_mean_pledge,USD_per_contributor,200000,69530860851,121.342553784,74.9333325053,14.8834503764,21.2688114622,38.703080548,145.614395481,263.811834172,375.379705467,1
reserve_constrained_dacs,probability_weighted,5,_potential_contributors,contributors,200000,69530860851,30784.8160845,3491.03504564,57.0224629025,148.134750871,693.174235216,15695.7526676,56339.447904,119056.371694,1
reserve_constrained_dacs,probability_weighted,5,_potential_pledge_principal,USD_pledge_principal,200000,69530860851,4733091.41062,256123.958094,2698.55931715,7657.26879973,42130.8132863,1426317.23832,6343728.32081,15108093.675,1
reserve_constrained_dacs,probability_weighted,5,_project_target,USD,200000,69530860851,2465770.17755,485771.267563,16153.481031,36302.8976431,128413.291363,1704969.57705,5155248.16544,9846131.32628,1
reserve_constrained_dacs,probability_weighted,5,_reserve_before,USD_reserve_state,200000,69530860851,2196.45355034,2500,309.421538989,573.643929307,1414.71943113,2537.32436713,2909.64589016,3391.00001067,1
reserve_constrained_dacs,probability_weighted,5,_reserve_capacity_probability,indicator,200000,69530860851,0.33374,0,0,0,0,1,1,1,0.33374
reserve_constrained_dacs,probability_weighted,5,_reserve_exhaustion_probability,indicator,200000,69530860851,0,0,0,0,0,0,0,0,0
reserve_constrained_dacs,probability_weighted,5,_stress_projected_liability,USD_internal_liability,200000,69530860851,14724.891017,2054.47864818,0,0,78.6905426149,15221.8551218,48499.1265116,75453.1987862,0.81981
reserve_constrained_dacs,probability_weighted,5,_stress_projected_successful_target,USD,200000,69530860851,863019.562143,170019.943647,5653.71836084,12706.0141751,44944.6519772,596739.351967,1804336.8579,3446145.9642,1
reserve_constrained_dacs,probability_weighted,5,_surcharge_rate,proportion,200000,69530860851,0.12745885,0.15,0.03,0.05,0.13,0.15,0.15,0.15,1
reserve_constrained_dacs,probability_weighted,5,_willing_pledge,USD_pledge_principal,200000,69530860851,108427.342296,4379.67066545,0,0,96.5492454849,56736.3984122,332971.611775,659139.060746,0.81981
reserve_constrained_dacs,probability_weighted,5,dac_bonus_liability_locked,USD_internal_liability,200000,69530860851,608.014471879,217.477746741,0,0,6.25906252852,883.985884553,1506.55531227,1925.38847247,0.81981
reserve_constrained_dacs,probability_weighted,5,dac_bonus_liability_released,USD_internal_liability,200000,69530860851,386.404526103,73.0627392232,0,0,4.4432098521,352.327076734,1165.44931393,1617.16003536,0.81981
reserve_constrained_dacs,probability_weighted,5,dac_bonus_paid,USD_internal_transfer,200000,69530860851,221.609945776,31.5611914715,0,0,0,374.089438723,592.465783648,759.987859102,0.55819
reserve_constrained_dacs,probability_weighted,5,dac_capacity_waiting_pledges,USD_pledge_principal,200000,69530860851,99314.4844471,0,0,0,0,40165.2711359,312773.756131,636689.559645,0.33374
reserve_constrained_dacs,probability_weighted,5,dac_free_reserve,USD_reserve_state,200000,69530860851,2375.77850503,2500,301.352422798,564.568362641,1619.41220759,2580.17357882,3213.09564723,3951.26754536,1
reserve_constrained_dacs,probability_weighted,5,dac_funding_lost_to_surcharge,USD,200000,69530860851,17620.2651045,158.033742179,0,0,7.34987315316,2567.58672674,31550.6192493,82689.0983738,0.81188
reserve_constrained_dacs,probability_weighted,5,dac_gross_threshold,USD,200000,69530860851,2586672.81099,558636.957698,18576.5031856,41748.3322896,147675.285068,1925693.93873,5405244.88957,10141515.2661,1
reserve_constrained_dacs,probability_weighted,5,dac_incremental_funding_caused_by_bonus,USD,200000,69530860851,9.05833995182,0,0,0,0,0.623865877492,6.46726641818,17.7732808179,0.357735
reserve_constrained_dacs,probability_weighted,5,dac_pledge_principal,USD,200000,69530860851,9112.85784864,3264.39683657,0,0,96.5492454849,13192.1809317,22336.8240962,29192.0049583,0.81981
reserve_constrained_dacs,probability_weighted,5,dac_project_funding,USD,200000,69530860851,5362.03453264,966.234061364,0,0,59.8529163611,4618.50098715,16151.1084633,23630.2411901,0.81981
reserve_constrained_dacs,probability_weighted,5,dac_project_target,USD,200000,69530860851,2465770.17755,485771.267563,16153.481031,36302.8976431,128413.291363,1704969.57705,5155248.16544,9846131.32628,1
reserve_constrained_dacs,probability_weighted,5,dac_required_surcharge,USD_internal_threshold_component,200000,69530860851,120902.633437,72865.6901345,2423.02215465,5445.43464647,19261.9937045,213376.600701,234842.095854,263138.964056,1
reserve_constrained_dacs,probability_weighted,5,dac_reserve_cash,USD_reserve_state,200000,69530860851,2375.77850503,2500,301.352422798,564.568362641,1619.41220759,2580.17357882,3213.09564723,3951.26754536,1
reserve_constrained_dacs,probability_weighted,5,dac_returned_or_cancelled_principal,USD,200000,69530860851,3349.88841554,484.03522581,0,0,0,5564.76523199,9044.87840499,11600.2875238,0.574905
reserve_constrained_dacs,probability_weighted,5,dac_surcharge_inflow,USD_internal_transfer,200000,69530860851,400.934900464,139.911292623,0,0,8.86909250935,565.17665472,926.95873641,974.931891775,0.81981
reserve_constrained_dacs,probability_weighted,5,lapsed_dac_projects,projects,200000,69530860851,372.39733137,170.195998269,9.5674306003,19.7091736503,59.412792965,423.669022835,893.329078197,1371.02297342,1
reserve_constrained_dacs,probability_weighted,5,successful_dac_projects,projects,200000,69530860851,2.38697793654,0.410775417226,0,0,0.0240454713716,1.38596624155,3.02574767781,4.67528585703,0.81981
high_bonus_surcharge_sensitive,conditional,1,_contributor_choice_principal,USD_pledge_principal,200000,69520960835,96659.372294,3349.9255479,30.7587847783,91.2516586628,523.561290205,17256.1971192,86385.9469447,226980.330977,1
high_bonus_surcharge_sensitive,conditional,1,_gross_threshold,USD,200000,69520960835,284745.544266,75407.2762554,5191.47253172,9304.75068847,25021.3662447,226773.092679,608205.944569,1104124.26857,1
high_bonus_surcharge_sensitive,conditional,1,_mean_pledge,USD_per_contributor,200000,69520960835,122.174307203,75.28997722,14.8377410405,21.1861790512,38.6847484711,145.923468298,266.526949854,380.434035079,1
high_bonus_surcharge_sensitive,conditional,1,_potential_contributors,contributors,200000,69520960835,3081.46593216,581.580896706,28.3036525712,55.0301549182,167.977758515,1993.86983213,6022.1357259,11656.606596,1
high_bonus_surcharge_sensitive,conditional,1,_potential_pledge_principal,USD_pledge_principal,200000,69520960835,493953.079905,43509.3123803,1170.20779662,2591.61225043,9799.62326224,192516.080265,729896.029972,1611040.13679,1
high_bonus_surcharge_sensitive,conditional,1,_project_target,USD,200000,69520960835,256599.769711,70621.3711601,5026.12767967,8997.29077913,23919.9202679,208380.81468,550679.435835,990802.374673,1
high_bonus_surcharge_sensitive,conditional,1,_reserve_before,USD_reserve_state,200000,69520960835,2500,2500,2500,2500,2500,2500,2500,2500,1
high_bonus_surcharge_sensitive,conditional,1,_reserve_capacity_probability,indicator,200000,69520960835,0.16705,0,0,0,0,0,1,1,0.16705
high_bonus_surcharge_sensitive,conditional,1,_reserve_exhaustion_probability,indicator,200000,69520960835,0,0,0,0,0,0,0,0,0
high_bonus_surcharge_sensitive,conditional,1,_stress_projected_liability,USD_internal_liability,200000,69520960835,3932.00993819,1151.75753601,19.808877544,50.7737168539,230.919345374,4917.77470755,12089.270069,17481.3759452,1
high_bonus_surcharge_sensitive,conditional,1,_stress_projected_successful_target,USD,200000,69520960835,89809.919399,24717.479906,1759.14468788,3149.0517727,8371.97209375,72933.2851381,192737.802542,346780.831136,1
high_bonus_surcharge_sensitive,conditional,1,_surcharge_rate,proportion,200000,69520960835,0.0698295165889,0.0464281205762,0.0283169420407,0.0288123794697,0.031694709526,0.106684395321,0.15,0.15,1
high_bonus_surcharge_sensitive,conditional,1,_willing_pledge,USD_pledge_principal,200000,69520960835,16123.3781064,2450.08762057,22.2971805497,66.543722361,386.394483584,12111.8677291,48194.3962218,89077.9058452,1
high_bonus_surcharge_sensitive,conditional,1,dac_bonus_liability_locked,USD_internal_liability,200000,69520960835,752.360960393,251.640007116,2.22708432862,6.68278228947,39.0995106705,1261.6969557,2500,2500,1
high_bonus_surcharge_sensitive,conditional,1,dac_bonus_liability_released,USD_internal_liability,200000,69520960835,147.505349984,49.4336668329,1.56249925334,3.57516352706,12.8112563089,167.278188432,349.763531839,600.299025766,1
high_bonus_surcharge_sensitive,conditional,1,dac_bonus_paid,USD_internal_transfer,200000,69520960835,604.855610409,170.89526613,0,0,8.53234062027,954.883834689,2201.19633208,2310.32263468,0.806595
high_bonus_surcharge_sensitive,conditional,1,dac_capacity_waiting_pledges,USD_pledge_principal,200000,69520960835,8913.17942665,0,0,0,0,0,24255.208289,65241.0773486,0.16705
high_bonus_surcharge_sensitive,conditional,1,dac_free_reserve,USD_reserve_state,200000,69520960835,2035.53469059,2382.92695392,418.613505488,625.665030648,1769.0168534,2500.00563463,2507.64285262,2539.45434114,1
high_bonus_surcharge_sensitive,conditional,1,dac_funding_lost_to_surcharge,USD,200000,69520960835,3199.52515701,31.9227562247,0.196143461238,0.678371441031,3.88665977682,464.360578073,4924.69159088,16131.7642343,0.975355
high_bonus_surcharge_sensitive,conditional,1,dac_gross_threshold,USD,200000,69520960835,284745.544266,75407.2762554,5191.47253172,9304.75068847,25021.3662447,226773.092679,608205.944569,1104124.26857,1
high_bonus_surcharge_sensitive,conditional,1,dac_incremental_funding_caused_by_bonus,USD,200000,69520960835,14.1513128627,0.404870464273,0,0,0,5.13204484283,22.2256118587,48.78387507,0.624655
high_bonus_surcharge_sensitive,conditional,1,dac_pledge_principal,USD,200000,69520960835,7210.19867978,2450.08762057,22.2971805497,66.543722361,386.394483584,12111.8677291,22665.8248545,24456.0261371,1
high_bonus_surcharge_sensitive,conditional,1,dac_project_funding,USD,200000,69520960835,1272.08152768,454.438814787,15.3014062036,34.7115649038,121.979793097,1420.95628119,2988.87758505,5101.8619097,1
high_bonus_surcharge_sensitive,conditional,1,dac_project_target,USD,200000,69520960835,256599.769711,70621.3711601,5026.12767967,8997.29077913,23919.9202679,208380.81468,550679.435835,990802.374673,1
high_bonus_surcharge_sensitive,conditional,1,dac_required_surcharge,USD_internal_threshold_component,200000,69520960835,28145.7745544,3804.80087962,157.217640107,300.207936464,932.269765633,17000.7315508,58651.3280183,117135.28277,1
high_bonus_surcharge_sensitive,conditional,1,dac_reserve_cash,USD_reserve_state,200000,69520960835,2035.53469059,2382.92695392,418.613505488,625.665030648,1769.0168534,2500.00563463,2507.64285262,2539.45434114,1
high_bonus_surcharge_sensitive,conditional,1,dac_returned_or_cancelled_principal,USD,200000,69520960835,5797.7268511,1669.37087282,0,0,84.5576167742,9167.2027623,20223.9881361,21610.4868039,0.806945
high_bonus_surcharge_sensitive,conditional,1,dac_surcharge_inflow,USD_internal_transfer,200000,69520960835,140.390300994,22.7671505467,0.439311380948,1.02881394044,4.10359611038,165.044556466,356.517995499,613.577998485,1
high_bonus_surcharge_sensitive,conditional,1,lapsed_dac_projects,projects,200000,69520960835,38.4348269551,23.1033032914,4.08451267602,6.02596795635,11.4630041979,45.6909960651,84.3153711585,121.827539165,1
high_bonus_surcharge_sensitive,conditional,1,successful_dac_projects,projects,200000,69520960835,0.647764420916,0.13407698441,0.00673828808205,0.0164757065054,0.0494129142708,0.348941488194,0.862349304352,1.83177479086,1
high_bonus_surcharge_sensitive,conditional,2,_contributor_choice_principal,USD_pledge_principal,200000,69520960835,272949.400728,7835.02089682,91.1704092057,271.004978908,1526.93124341,44890.4514337,242768.82412,641864.250602,1
high_bonus_surcharge_sensitive,conditional,2,_gross_threshold,USD,200000,69520960835,821984.761809,218811.338247,14706.4433591,26549.7734792,72626.7887362,659069.103725,1762044.32532,3192900.78434,1
high_bonus_surcharge_sensitive,conditional,2,_mean_pledge,USD_per_contributor,200000,69520960835,122.174307203,75.28997722,14.8377410405,21.1861790512,38.6847484711,145.923468298,266.526949854,380.434035079,1
high_bonus_surcharge_sensitive,conditional,2,_potential_contributors,contributors,200000,69520960835,8770.32611462,1655.26870601,80.5565496258,156.624287075,478.090543467,5674.86029144,17139.9247583,33176.4956964,1
high_bonus_surcharge_sensitive,conditional,2,_potential_pledge_principal,USD_pledge_principal,200000,69520960835,1405866.45819,123834.196775,3330.59142114,7376.12717431,27891.2354387,547930.382292,2077396.393,4585268.08163,1
high_bonus_surcharge_sensitive,conditional,2,_project_target,USD,200000,69520960835,730322.421487,200999.287148,14305.1326268,25607.673756,68079.7730701,593083.857167,1567318.3943,2819975.98946,1
high_bonus_surcharge_sensitive,conditional,2,_reserve_before,USD_reserve_state,200000,69520960835,2035.53469059,2382.92695392,418.613505488,625.665030648,1769.0168534,2500.00563463,2507.64285262,2539.45434114,1
high_bonus_surcharge_sensitive,conditional,2,_reserve_capacity_probability,indicator,200000,69520960835,0.31233,0,0,0,0,1,1,1,0.31233
high_bonus_surcharge_sensitive,conditional,2,_reserve_exhaustion_probability,indicator,200000,69520960835,0,0,0,0,0,0,0,0,0
high_bonus_surcharge_sensitive,conditional,2,_stress_projected_liability,USD_internal_liability,200000,69520960835,11307.6563207,3276.20344388,56.3696333916,144.504389128,656.648889067,14137.5316588,34952.1918661,50383.7050713,1
high_bonus_surcharge_sensitive,conditional,2,_stress_projected_successful_target,USD,200000,69520960835,255612.84752,70349.7505018,5006.79641936,8962.6858146,23827.9205745,207579.350008,548561.438005,986991.596309,1
high_bonus_surcharge_sensitive,conditional,2,_surcharge_rate,proportion,200000,69520960835,0.0870353892097,0.0813876824908,0.02,0.02,0.0203020601116,0.15,0.15,0.15,1
high_bonus_surcharge_sensitive,conditional,2,_willing_pledge,USD_pledge_principal,200000,69520960835,44997.0600981,5797.34528735,66.1463875643,197.344650261,1123.40669084,31380.3364136,137752.828551,253961.049611,1
high_bonus_surcharge_sensitive,conditional,2,dac_bonus_liability_locked,USD_internal_liability,200000,69520960835,682.43456929,432.522779873,6.58406311553,19.8439611341,113.626082643,1050.2867436,1679.89293308,1929.20975501,1
high_bonus_surcharge_sensitive,conditional,2,dac_bonus_liability_released,USD_internal_liability,200000,69520960835,283.656378426,108.015041087,4.54664345645,10.3747233909,36.2869879222,272.399608078,676.607754755,1132.47013942,1
high_bonus_surcharge_sensitive,conditional,2,dac_bonus_paid,USD_internal_transfer,200000,69520960835,398.778190865,155.733356801,0,0,4.46546169218e-14,643.198535591,1263.19622121,1500.23176213,0.74304
high_bonus_surcharge_sensitive,conditional,2,dac_capacity_waiting_pledges,USD_pledge_principal,200000,69520960835,38398.0373314,0,0,0,0,14996.7172538,129372.057953,244645.923872,0.31233
high_bonus_surcharge_sensitive,conditional,2,dac_free_reserve,USD_reserve_state,200000,69520960835,1948.12047956,2214.30682913,255.70306615,373.714172097,1105.74038816,2501.01184311,2578.75644939,3058.79426734,1
high_bonus_surcharge_sensitive,conditional,2,dac_funding_lost_to_surcharge,USD,200000,69520960835,10386.5701725,142.460094851,0.633151444747,1.70436656439,10.9770170953,2913.33931361,19988.9448047,54390.5994555,0.98885
high_bonus_surcharge_sensitive,conditional,2,dac_gross_threshold,USD,200000,69520960835,821984.761809,218811.338247,14706.4433591,26549.7734792,72626.7887362,659069.103725,1762044.32532,3192900.78434,1
high_bonus_surcharge_sensitive,conditional,2,dac_incremental_funding_caused_by_bonus,USD,200000,69520960835,14.4234311909,0.0613870570835,0,0,0,4.88491510252,20.2184641398,45.848894593,0.514835
high_bonus_surcharge_sensitive,conditional,2,dac_pledge_principal,USD,200000,69520960835,6599.02276666,4201.87217951,66.1463875643,197.344650261,1123.40669084,10115.2581125,16084.1056586,19268.6315318,1
high_bonus_surcharge_sensitive,conditional,2,dac_project_funding,USD,200000,69520960835,2407.94033179,945.190762014,45.0267455749,101.586299564,343.726194654,2348.4757449,5708.51037617,9507.22094915,1
high_bonus_surcharge_sensitive,conditional,2,dac_project_target,USD,200000,69520960835,730322.421487,200999.287148,14305.1326268,25607.673756,68079.7730701,593083.857167,1567318.3943,2819975.98946,1
high_bonus_surcharge_sensitive,conditional,2,dac_required_surcharge,USD_internal_threshold_component,200000,69520960835,91662.3403224,14466.9950757,327.711294141,667.800666218,2532.43693019,63628.38268,200558.624362,380483.308464,1
high_bonus_surcharge_sensitive,conditional,2,dac_reserve_cash,USD_reserve_state,200000,69520960835,1948.12047956,2214.30682913,255.70306615,373.714172097,1105.74038816,2501.01184311,2578.75644939,3058.79426734,1
high_bonus_surcharge_sensitive,conditional,2,dac_returned_or_cancelled_principal,USD,200000,69520960835,3879.71845504,1519.58930627,0,0,4.54747350886e-13,6222.72350057,12131.5664745,14474.8117416,0.74511
high_bonus_surcharge_sensitive,conditional,2,dac_surcharge_inflow,USD_internal_transfer,200000,69520960835,311.363979842,92.5459931545,0.901131115652,2.07577285703,9.42756253809,286.006976379,787.311955565,1331.22998655,1
high_bonus_surcharge_sensitive,conditional,2,lapsed_dac_projects,projects,200000,69520960835,110.417768335,66.8436894117,12.1837039875,17.7684493032,33.4243825396,131.401065913,241.256690555,348.043458945,1
high_bonus_surcharge_sensitive,conditional,2,successful_dac_projects,projects,200000,69520960835,0.817299428046,0.324573004584,0.0200433384298,0.0481335362592,0.137373244361,0.669516488374,1.27375234655,1.99936808273,1
high_bonus_surcharge_sensitive,conditional,3,_contributor_choice_principal,USD_pledge_principal,200000,69520960835,446082.449348,11148.2541783,150.312432867,445.991614719,2421.63415111,72569.0404349,391016.902894,1038116.72059,1
high_bonus_surcharge_sensitive,conditional,3,_gross_threshold,USD,200000,69520960835,1362671.66042,364966.844794,24450.0628255,44654.4588814,121076.96757,1095025.39782,2921779.39233,5282382.14534,1
high_bonus_surcharge_sensitive,conditional,3,_mean_pledge,USD_per_contributor,200000,69520960835,122.174307203,75.28997722,14.8377410405,21.1861790512,38.6847484711,145.923468298,266.526949854,380.434035079,1
high_bonus_surcharge_sensitive,conditional,3,_potential_contributors,contributors,200000,69520960835,14459.1862971,2728.95651531,132.80944668,258.218419231,788.203328418,9355.85075075,28257.7137908,54696.3847968,1
high_bonus_surcharge_sensitive,conditional,3,_potential_pledge_principal,USD_pledge_principal,200000,69520960835,2317779.83648,204159.081169,5490.97504566,12160.6420982,45982.8476151,903344.68432,3424896.75602,7559496.02647,1
high_bonus_surcharge_sensitive,conditional,3,_project_target,USD,200000,69520960835,1204045.07326,331377.203136,23584.1375738,42218.0567329,112239.625872,977786.899653,2583957.35276,4649149.60424,1
high_bonus_surcharge_sensitive,conditional,3,_reserve_before,USD_reserve_state,200000,69520960835,1948.12047956,2214.30682913,255.70306615,373.714172097,1105.74038816,2501.01184311,2578.75644939,3058.79426734,1
high_bonus_surcharge_sensitive,conditional,3,_reserve_capacity_probability,indicator,200000,69520960835,0.39664,0,0,0,0,1,1,1,0.39664
high_bonus_surcharge_sensitive,conditional,3,_reserve_exhaustion_probability,indicator,200000,69520960835,0,0,0,0,0,0,0,0,0
high_bonus_surcharge_sensitive,conditional,3,_stress_projected_liability,USD_internal_liability,200000,69520960835,18691.4889383,5431.55016401,92.9100226525,238.230097736,1081.61453894,23532.8539234,57623.8838873,83065.0272798,1
high_bonus_surcharge_sensitive,conditional,3,_stress_projected_successful_target,USD,200000,69520960835,421415.775642,115982.021098,8254.44815084,14776.3198565,39283.8690553,342225.414879,904385.073467,1627202.36148,1
high_bonus_surcharge_sensitive,conditional,3,_surcharge_rate,proportion,200000,69520960835,0.0983653333305,0.15,0.02,0.02,0.02,0.15,0.15,0.15,1
high_bonus_surcharge_sensitive,conditional,3,_willing_pledge,USD_pledge_principal,200000,69520960835,73644.2997081,8278.23831866,109.054121568,324.660175514,1769.47230348,51377.8287127,226306.300539,418353.844046,1
high_bonus_surcharge_sensitive,conditional,3,dac_bonus_liability_locked,USD_internal_liability,200000,69520960835,780.72857645,431.705356433,10.854806758,32.6667707913,174.567246424,974.075419811,1609.05767197,2457.44536293,1
high_bonus_surcharge_sensitive,conditional,3,dac_bonus_liability_released,USD_internal_liability,200000,69520960835,476.754953621,140.223759351,7.49598631004,17.0751331805,54.3448991165,405.432293259,1080.89539252,1919.37559444,1
high_bonus_surcharge_sensitive,conditional,3,dac_bonus_paid,USD_internal_transfer,200000,69520960835,303.973622828,172.331534894,0,0,23.9365864985,444.026444611,872.142505639,1078.3075996,0.79012
high_bonus_surcharge_sensitive,conditional,3,dac_capacity_waiting_pledges,USD_pledge_principal,200000,69520960835,66105.4163242,0,0,0,0,42206.9219449,212816.950643,400067.790315,0.39664
high_bonus_surcharge_sensitive,conditional,3,dac_free_reserve,USD_reserve_state,200000,69520960835,2197.35936521,2148.9722411,194.255193498,313.35497129,920.699758798,2510.17286063,3155.14902263,4806.85959226,1
high_bonus_surcharge_sensitive,conditional,3,dac_funding_lost_to_surcharge,USD,200000,69520960835,17012.9065917,360.793236525,1.20841468767,3.07626753848,22.9993621804,5047.0559605,31673.1003083,88630.5074264,0.99389
high_bonus_surcharge_sensitive,conditional,3,dac_gross_threshold,USD,200000,69520960835,1362671.66042,364966.844794,24450.0628255,44654.4588814,121076.96757,1095025.39782,2921779.39233,5282382.14534,1
high_bonus_surcharge_sensitive,conditional,3,dac_incremental_funding_caused_by_bonus,USD,200000,69520960835,20.7443082381,0,0,0,0,4.12998084249,19.7096298979,61.2808996764,0.44953
high_bonus_surcharge_sensitive,conditional,3,dac_pledge_principal,USD,200000,69520960835,7538.88338386,4192.85372173,109.054121568,324.660175514,1661.69209619,9374.08062867,15739.0863413,23576.4668382,1
high_bonus_surcharge_sensitive,conditional,3,dac_project_funding,USD,200000,69520960835,4002.75360234,1237.03672092,74.2319950701,166.943142621,492.298525107,3462.43017369,9038.59011809,15953.2453134,1
high_bonus_surcharge_sensitive,conditional,3,dac_project_target,USD,200000,69520960835,1204045.07326,331377.203136,23584.1375738,42218.0567329,112239.625872,977786.899653,2583957.35276,4649149.60424,1
high_bonus_surcharge_sensitive,conditional,3,dac_required_surcharge,USD_internal_threshold_component,200000,69520960835,158626.587162,28995.6142552,559.345769957,1191.13588884,5165.47942605,116706.881262,348112.867812,650794.687613,1
high_bonus_surcharge_sensitive,conditional,3,dac_reserve_cash,USD_reserve_state,200000,69520960835,2197.35936521,2148.9722411,194.255193498,313.35497129,920.699758798,2510.17286063,3155.14902263,4806.85959226,1
high_bonus_surcharge_sensitive,conditional,3,dac_returned_or_cancelled_principal,USD,200000,69520960835,2982.91727305,1659.42483236,0,0,237.116733996,4345.95632507,8467.97415631,10519.8291596,0.79121
high_bonus_surcharge_sensitive,conditional,3,dac_surcharge_inflow,USD_internal_transfer,200000,69520960835,553.212508474,125.613255105,1.48557687256,3.42528969856,17.1122160807,459.482040948,1310.16841331,2367.67826295,1
high_bonus_surcharge_sensitive,conditional,3,lapsed_dac_projects,projects,200000,69520960835,182.406488706,110.662044498,20.4008161359,29.6318535866,55.5268328196,217.083231286,397.991758071,573.88621502,1
high_bonus_surcharge_sensitive,conditional,3,successful_dac_projects,projects,200000,69520960835,0.981055442747,0.473807075531,0.0328501887747,0.0782244195086,0.213323869086,0.950246999282,1.77920219571,2.67573283099,1
high_bonus_surcharge_sensitive,conditional,4,_contributor_choice_principal,USD_pledge_principal,200000,69520960835,620759.899065,14820.9499627,209.431772059,619.614849117,3151.30017205,100386.42897,542726.896811,1443637.62377,1
high_bonus_surcharge_sensitive,conditional,4,_gross_threshold,USD,200000,69520960835,1904813.89903,512295.50403,34609.3723232,62906.8143278,170196.521823,1533161.55757,4086214.55521,7379853.12938,1
high_bonus_surcharge_sensitive,conditional,4,_mean_pledge,USD_per_contributor,200000,69520960835,122.174307203,75.28997722,14.8377410405,21.1861790512,38.6847484711,145.923468298,266.526949854,380.434035079,1
high_bonus_surcharge_sensitive,conditional,4,_potential_contributors,contributors,200000,69520960835,20148.0464795,3802.64432461,185.062343735,359.812551388,1098.31611337,13036.8412101,39375.5028232,76216.2738972,1
high_bonus_surcharge_sensitive,conditional,4,_potential_pledge_principal,USD_pledge_principal,200000,69520960835,3229693.21476,284483.965563,7651.35867018,16945.1570221,64074.4597916,1258758.98635,4772397.11905,10533723.9713,1
high_bonus_surcharge_sensitive,conditional,4,_project_target,USD,200000,69520960835,1677767.72504,461755.119124,32863.1425209,58828.4397097,156399.478674,1362489.94214,3600596.31123,6478323.21902,1
high_bonus_surcharge_sensitive,conditional,4,_reserve_before,USD_reserve_state,200000,69520960835,2197.35936521,2148.9722411,194.255193498,313.35497129,920.699758798,2510.17286063,3155.14902263,4806.85959226,1
high_bonus_surcharge_sensitive,conditional,4,_reserve_capacity_probability,indicator,200000,69520960835,0.451695,0,0,0,0,1,1,1,0.451695
high_bonus_surcharge_sensitive,conditional,4,_reserve_exhaustion_probability,indicator,200000,69520960835,0,0,0,0,0,0,0,0,0
high_bonus_surcharge_sensitive,conditional,4,_stress_projected_liability,USD_internal_liability,200000,69520960835,26056.3462108,7627.76230492,129.464785663,331.959972255,1507.16780016,32791.6816966,80295.5759086,115746.349488,1
high_bonus_surcharge_sensitive,conditional,4,_stress_projected_successful_target,USD,200000,69520960835,587218.703763,161614.291693,11502.0998823,20589.9538984,54739.8175361,476871.479749,1260208.70893,2267413.12666,1
high_bonus_surcharge_sensitive,conditional,4,_surcharge_rate,proportion,200000,69520960835,0.105932619079,0.15,0.02,0.02,0.0242537854336,0.15,0.15,0.15,1
high_bonus_surcharge_sensitive,conditional,4,_willing_pledge,USD_pledge_principal,200000,69520960835,102408.199298,10930.6617247,151.960661789,450.993877539,2303.70535984,71349.603123,315268.017066,582952.07777,1
high_bonus_surcharge_sensitive,conditional,4,dac_bonus_liability_locked,USD_internal_liability,200000,69520960835,1099.42715976,456.682187864,15.114427552,45.357607751,172.388619352,1012.7647723,2274.47772726,4055.50055868,1
high_bonus_surcharge_sensitive,conditional,4,dac_bonus_liability_released,USD_internal_liability,200000,69520960835,674.707080628,184.986435287,10.442985561,23.603476803,63.4478670655,548.659634167,1484.19302803,2699.06912186,1
high_bonus_surcharge_sensitive,conditional,4,dac_bonus_paid,USD_internal_transfer,200000,69520960835,424.720079132,192.053269372,0,0,31.3356398175,528.245026087,949.918112915,1428.89642036,0.788885
high_bonus_surcharge_sensitive,conditional,4,dac_capacity_waiting_pledges,USD_pledge_principal,200000,69520960835,91848.569838,0,0,0,0,58559.1892159,290979.233285,549729.092179,0.451695
high_bonus_surcharge_sensitive,conditional,4,dac_free_reserve,USD_reserve_state,200000,69520960835,2573.90868147,2148.96907083,178.906409065,306.364169226,878.745965935,2546.80671357,4102.76976132,6800.45271851,1
high_bonus_surcharge_sensitive,conditional,4,dac_funding_lost_to_surcharge,USD,200000,69520960835,23630.8468801,667.000515629,1.82645272464,4.7518673871,43.0720757291,7029.59799488,43414.1481055,122139.276157,0.996435
high_bonus_surcharge_sensitive,conditional,4,dac_gross_threshold,USD,200000,69520960835,1904813.89903,512295.50403,34609.3723232,62906.8143278,170196.521823,1533161.55757,4086214.55521,7379853.12938,1
high_bonus_surcharge_sensitive,conditional,4,dac_incremental_funding_caused_by_bonus,USD,200000,69520960835,28.4666621691,0,0,0,0,3.52616771504,21.5226044124,87.7360960751,0.406735
high_bonus_surcharge_sensitive,conditional,4,dac_pledge_principal,USD,200000,69520960835,10559.6294603,4431.78330043,151.960661789,450.993877539,1685.25676047,9817.32703477,21931.5587354,38778.2767917,1
high_bonus_surcharge_sensitive,conditional,4,dac_project_funding,USD,200000,69520960835,5638.45691853,1619.83691661,103.395640295,228.416488545,573.770644416,4656.29656023,12374.3345468,22281.3993178,1
high_bonus_surcharge_sensitive,conditional,4,dac_project_target,USD,200000,69520960835,1677767.72504,461755.119124,32863.1425209,58828.4397097,156399.478674,1362489.94214,3600596.31123,6478323.21902,1
high_bonus_surcharge_sensitive,conditional,4,dac_required_surcharge,USD_internal_threshold_component,200000,69520960835,227046.173989,45519.4705538,840.478412446,1866.38552712,8671.29078598,170900.997324,498373.393569,923667.400208,1
high_bonus_surcharge_sensitive,conditional,4,dac_reserve_cash,USD_reserve_state,200000,69520960835,2573.90868147,2148.96907083,178.906409065,306.364169226,878.745965935,2546.80671357,4102.76976132,6800.45271851,1
high_bonus_surcharge_sensitive,conditional,4,dac_returned_or_cancelled_principal,USD,200000,69520960835,4119.90314632,1865.67388195,0,0,311.401397408,5116.24297857,9296.18282427,13816.4601727,0.790305
high_bonus_surcharge_sensitive,conditional,4,dac_surcharge_inflow,USD_internal_transfer,200000,69520960835,801.269395394,178.903792154,2.07293620924,4.87206449058,29.0314248293,651.1692197,1833.93519102,3333.86015222,1
high_bonus_surcharge_sensitive,conditional,4,lapsed_dac_projects,projects,200000,69520960835,254.347734876,154.380460872,28.6559302729,41.5290376079,77.6514955453,302.555768565,554.606319374,799.807900927,1
high_bonus_surcharge_sensitive,conditional,4,successful_dac_projects,projects,200000,69520960835,1.19228565961,0.612225039418,0.0453800236727,0.106664563892,0.280118591131,1.23740428587,2.33553176047,3.4790687119,1
high_bonus_surcharge_sensitive,conditional,5,_contributor_choice_principal,USD_pledge_principal,200000,69520960835,795670.357949,18812.1723579,268.422475836,788.008173634,3715.56322573,128321.693379,695480.309087,1850497.28141,1
high_bonus_surcharge_sensitive,conditional,5,_gross_threshold,USD,200000,69520960835,2447785.39586,660143.260211,44859.1298744,81341.0112856,219901.105213,1972370.9371,5251281.83749,9478480.90727,1
high_bonus_surcharge_sensitive,conditional,5,_mean_pledge,USD_per_contributor,200000,69520960835,122.174307203,75.28997722,14.8377410405,21.1861790512,38.6847484711,145.923468298,266.526949854,380.434035079,1
high_bonus_surcharge_sensitive,conditional,5,_potential_contributors,contributors,200000,69520960835,25836.906662,4876.33213392,237.31524079,461.406683545,1408.42889832,16717.8316694,50493.2918556,97736.1629976,1
high_bonus_surcharge_sensitive,conditional,5,_potential_pledge_principal,USD_pledge_principal,200000,69520960835,4141606.59305,364808.849958,9811.7422947,21729.6719459,82166.071968,1614173.28837,6119897.48208,13507951.9161,1
high_bonus_surcharge_sensitive,conditional,5,_project_target,USD,200000,69520960835,2151490.37681,592133.035112,42142.147468,75438.8226866,200559.331477,1747192.98463,4617235.26969,8307496.8338,1
high_bonus_surcharge_sensitive,conditional,5,_reserve_before,USD_reserve_state,200000,69520960835,2573.90868147,2148.96907083,178.906409065,306.364169226,878.745965935,2546.80671357,4102.76976132,6800.45271851,1
high_bonus_surcharge_sensitive,conditional,5,_reserve_capacity_probability,indicator,200000,69520960835,0.48867,0,0,0,0,1,1,1,0.48867
high_bonus_surcharge_sensitive,conditional,5,_reserve_exhaustion_probability,indicator,200000,69520960835,0,0,0,0,0,0,0,0,0
high_bonus_surcharge_sensitive,conditional,5,_stress_projected_liability,USD_internal_liability,200000,69520960835,33417.1328605,9787.32834597,166.019548674,425.689846774,1934.11480225,42050.5094698,102967.26793,148427.671697,1
high_bonus_surcharge_sensitive,conditional,5,_stress_projected_successful_target,USD,200000,69520960835,753021.631884,207246.562289,14749.7516138,26403.5879403,70195.7660168,611517.544619,1616032.34439,2907623.89183,1
high_bonus_surcharge_sensitive,conditional,5,_surcharge_rate,proportion,200000,69520960835,0.111537441288,0.15,0.02,0.02,0.0383412008682,0.15,0.15,0.15,1
high_bonus_surcharge_sensitive,conditional,5,_willing_pledge,USD_pledge_principal,200000,69520960835,131202.672074,13878.04797,194.653246803,574.715931504,2732.34917548,91440.0864372,404287.267403,747550.311493,1
high_bonus_surcharge_sensitive,conditional,5,dac_bonus_liability_locked,USD_internal_liability,200000,69520960835,1453.70052582,492.588277915,19.3712869425,57.6874241287,184.546324856,1161.82055355,3074.54497657,5642.99676697,1
high_bonus_surcharge_sensitive,conditional,5,dac_bonus_liability_released,USD_internal_liability,200000,69520960835,874.767340357,231.142111618,13.3838376687,28.2852635564,75.722120937,693.455815938,1900.71001317,3474.17620432,1
high_bonus_surcharge_sensitive,conditional,5,dac_bonus_paid,USD_internal_transfer,200000,69520960835,578.933185461,208.011966341,0,0,31.4066208664,567.206303804,1209.48888718,2228.6735509,0.783555
high_bonus_surcharge_sensitive,conditional,5,dac_capacity_waiting_pledges,USD_pledge_principal,200000,69520960835,117275.379634,0,0,0,0,73946.8498351,368943.387609,698447.957799,0.48867
high_bonus_surcharge_sensitive,conditional,5,dac_free_reserve,USD_reserve_state,200000,69520960835,3046.64235868,2195.83725865,179.056363958,313.504687069,887.952720975,2669.70856466,5256.63161172,9003.64448879,1
high_bonus_surcharge_sensitive,conditional,5,dac_funding_lost_to_surcharge,USD,200000,69520960835,30238.8792454,973.69050105,2.48155450739,6.94362614511,70.1525827339,9050.17934955,55295.1026794,155812.647044,0.997865
high_bonus_surcharge_sensitive,conditional,5,dac_gross_threshold,USD,200000,69520960835,2447785.39586,660143.260211,44859.1298744,81341.0112856,219901.105213,1972370.9371,5251281.83749,9478480.90727,1
high_bonus_surcharge_sensitive,conditional,5,dac_incremental_funding_caused_by_bonus,USD,200000,69520960835,36.6666060257,0,0,0,0,3.11539043021,26.7619582308,114.046107789,0.37739
high_bonus_surcharge_sensitive,conditional,5,dac_pledge_principal,USD,200000,69520960835,13927.2924397,4794.93945205,194.653246803,570.282358401,1808.07005392,11271.4786645,29520.5027395,53945.7360128,1
high_bonus_surcharge_sensitive,conditional,5,dac_project_funding,USD,200000,69520960835,7291.01810374,2013.56141878,132.209095311,265.922379595,683.461168411,5867.07504313,15820.2439411,28682.966555,1
high_bonus_surcharge_sensitive,conditional,5,dac_project_target,USD,200000,69520960835,2151490.37681,592133.035112,42142.147468,75438.8226866,200559.331477,1747192.98463,4617235.26969,8307496.8338,1
high_bonus_surcharge_sensitive,conditional,5,dac_required_surcharge,USD_internal_threshold_component,200000,69520960835,296295.019045,62927.1583734,1186.18126873,2742.7532295,12970.6017198,226465.322379,649486.162093,1197541.92273,1
high_bonus_surcharge_sensitive,conditional,5,dac_reserve_cash,USD_reserve_state,200000,69520960835,3046.64235868,2195.83725865,179.056363958,313.504687069,887.952720975,2669.70856466,5256.63161172,9003.64448879,1
high_bonus_surcharge_sensitive,conditional,5,dac_returned_or_cancelled_principal,USD,200000,69520960835,5584.60747325,2018.62129944,0,0,300.996291119,5495.65264546,11731.7570355,21386.0874031,0.78524
high_bonus_surcharge_sensitive,conditional,5,dac_surcharge_inflow,USD_internal_transfer,200000,69520960835,1051.66686268,240.066850892,2.66507867987,6.49618594832,42.8432291529,842.828172638,2361.14863657,4297.84476129,1
high_bonus_surcharge_sensitive,conditional,5,lapsed_dac_projects,projects,200000,69520960835,326.253730527,198.078814053,36.9060227908,53.4193325987,99.7395938678,388.040916489,711.262827367,1025.62871886,1
high_bonus_surcharge_sensitive,conditional,5,successful_dac_projects,projects,200000,69520960835,1.4387663952,0.750399672854,0.0575454361208,0.133707535024,0.343156676887,1.54111071738,2.92317141054,4.32157103646,1
high_bonus_surcharge_sensitive,probability_weighted,1,_contributor_choice_principal,USD_pledge_principal,200000,69530960854,58657.831621,1072.80340647,3.97925179197,14.4914196564,116.988126605,7891.91308473,44350.2933393,127904.76577,1
high_bonus_surcharge_sensitive,probability_weighted,1,_gross_threshold,USD,200000,69530960854,164999.909202,31390.4225429,1050.97546734,2312.07331001,8282.16673835,112254.671463,342565.088146,654511.952593,1
high_bonus_surcharge_sensitive,probability_weighted,1,_mean_pledge,USD_per_contributor,200000,69530960854,121.956557979,74.9741143552,14.8215110367,21.2408089847,38.5752087826,145.655257401,265.625582595,381.39022159,1
high_bonus_surcharge_sensitive,probability_weighted,1,_potential_contributors,contributors,200000,69530960854,1926.63246959,214.898794902,3.55575317519,9.34962560523,43.0336056042,965.146173553,3479.32627958,7226.56769977,1
high_bonus_surcharge_sensitive,probability_weighted,1,_potential_pledge_principal,USD_pledge_principal,200000,69530960854,298733.720352,15754.7827432,169.65676253,483.498450853,2613.00258304,87683.3837365,391723.980564,925190.228678,1
high_bonus_surcharge_sensitive,probability_weighted,1,_project_target,USD,200000,69530960854,151323.264983,30076.2236836,1021.98078329,2245.78734216,8023.6475488,105522.447126,317229.107609,602646.276369,1
high_bonus_surcharge_sensitive,probability_weighted,1,_reserve_before,USD_reserve_state,200000,69530960854,2500,2500,2500,2500,2500,2500,2500,2500,1
high_bonus_surcharge_sensitive,probability_weighted,1,_reserve_capacity_probability,indicator,200000,69530960854,0.0876,0,0,0,0,0,0,1,0.0876
high_bonus_surcharge_sensitive,probability_weighted,1,_reserve_exhaustion_probability,indicator,200000,69530960854,0,0,0,0,0,0,0,0,0
high_bonus_surcharge_sensitive,probability_weighted,1,_stress_projected_liability,USD_internal_liability,200000,69530960854,1958.44488252,196.409610837,0,0,7.86482405603,1556.15812579,6160.39120893,10913.9971712,0.82097
high_bonus_surcharge_sensitive,probability_weighted,1,_stress_projected_successful_target,USD,200000,69530960854,52963.142744,10526.6782893,357.69327415,786.025569756,2808.27664208,36932.856494,111030.187663,210926.196729,1
high_bonus_surcharge_sensitive,probability_weighted,1,_surcharge_rate,proportion,200000,69530960854,0.0507221015951,0.0311425537734,0.028,0.028,0.0281258371849,0.0528985300126,0.126566259343,0.15,1
high_bonus_surcharge_sensitive,probability_weighted,1,_willing_pledge,USD_pledge_principal,200000,69530960854,8249.26148837,338.877916102,0,0,8.39214312115,3690.05219368,19816.3212294,46775.4573392,0.82097
high_bonus_surcharge_sensitive,probability_weighted,1,dac_bonus_liability_locked,USD_internal_liability,200000,69530960854,427.527458189,34.6904332095,0,0,0.840899362611,381.183080028,2072.72228293,2500,0.82097
high_bonus_surcharge_sensitive,probability_weighted,1,dac_bonus_liability_released,USD_internal_liability,200000,69530960854,82.3288880942,9.55492428417,0,0,0.523895737825,63.7174086812,207.906561748,375.246900929,0.82097
high_bonus_surcharge_sensitive,probability_weighted,1,dac_bonus_paid,USD_internal_transfer,200000,69530960854,345.198570095,15.2794423152,0,0,0,289.258172497,1518.13500829,2225.78049458,0.63691
high_bonus_surcharge_sensitive,probability_weighted,1,dac_capacity_waiting_pledges,USD_pledge_principal,200000,69530960854,4156.62611711,0,0,0,0,0,0,22801.7928557,0.0876
high_bonus_surcharge_sensitive,probability_weighted,1,dac_free_reserve,USD_reserve_state,200000,69530960854,2227.49872155,2491.29861058,569.232467427,1306.95148515,2281.68776585,2500,2501.39564227,2507.56937361,1
high_bonus_surcharge_sensitive,probability_weighted,1,dac_funding_lost_to_surcharge,USD,200000,69530960854,1578.92070365,3.18101472282,0,0,0.0922776094247,54.8738935961,1180.91149716,5398.08525068,0.799535
high_bonus_surcharge_sensitive,probability_weighted,1,dac_gross_threshold,USD,200000,69530960854,164999.909202,31390.4225429,1050.97546734,2312.07331001,8282.16673835,112254.671463,342565.088146,654511.952593,1
high_bonus_surcharge_sensitive,probability_weighted,1,dac_incremental_funding_caused_by_bonus,USD,200000,69530960854,10.0696443985,0.0299288288812,0,0,0,1.69080568065,12.1250887377,30.9741388622,0.55243
high_bonus_surcharge_sensitive,probability_weighted,1,dac_pledge_principal,USD,200000,69530960854,4092.63537126,338.877916102,0,0,8.39214312115,3690.05219368,19816.3212294,22780.4757131,0.82097
high_bonus_surcharge_sensitive,probability_weighted,1,dac_project_funding,USD,200000,69530960854,715.750247908,90.8126563689,0,0,5.09197485308,582.045263528,1791.9710311,3224.3498903,0.82097
high_bonus_surcharge_sensitive,probability_weighted,1,dac_project_target,USD,200000,69530960854,151323.264983,30076.2236836,1021.98078329,2245.78734216,8023.6475488,105522.447126,317229.107609,602646.276369,1
high_bonus_surcharge_sensitive,probability_weighted,1,dac_required_surcharge,USD_internal_threshold_component,200000,69530960854,13676.6442191,1112.82285735,29.1218750482,65.2115176253,250.47000108,5541.24210271,23963.3398782,54347.7985183,1
high_bonus_surcharge_sensitive,probability_weighted,1,dac_reserve_cash,USD_reserve_state,200000,69530960854,2227.49872155,2491.29861058,569.232467427,1306.95148515,2281.68776585,2500,2501.39564227,2507.56937361,1
high_bonus_surcharge_sensitive,probability_weighted,1,dac_returned_or_cancelled_principal,USD,200000,69530960854,3304.18783171,150.247343838,0,0,0,2802.56025601,14464.6240793,20361.0942218,0.637085
high_bonus_surcharge_sensitive,probability_weighted,1,dac_surcharge_inflow,USD_internal_transfer,200000,69530960854,72.6972916456,2.96384912674,0,0,0.143753317364,32.3240680502,211.706120911,361.723648404,0.82097
high_bonus_surcharge_sensitive,probability_weighted,1,lapsed_dac_projects,projects,200000,69530960854,22.7276050011,10.2657346679,0.591196212681,1.20713094921,3.58499305922,25.6384326313,54.7460196949,84.2001499488,1
high_bonus_surcharge_sensitive,probability_weighted,1,successful_dac_projects,projects,200000,69530960854,0.388250742132,0.0321455059234,0,0,0.00206555897016,0.149039966668,0.500508076762,1.10199197465,0.82097
high_bonus_surcharge_sensitive,probability_weighted,2,_contributor_choice_principal,USD_pledge_principal,200000,69530960854,166585.52834,3011.48433582,11.7474190637,42.8659965622,347.712391952,19167.5683289,123640.05486,359854.864076,1
high_bonus_surcharge_sensitive,probability_weighted,2,_gross_threshold,USD,200000,69530960854,475162.505487,90578.1226851,2966.88882779,6525.36335488,23527.7871735,324112.212753,990709.203354,1893770.40141,1
high_bonus_surcharge_sensitive,probability_weighted,2,_mean_pledge,USD_per_contributor,200000,69530960854,121.956557979,74.9741143552,14.8215110367,21.2408089847,38.5752087826,145.655257401,265.625582595,381.39022159,1
high_bonus_surcharge_sensitive,probability_weighted,2,_potential_contributors,contributors,200000,69530960854,5483.49241344,611.635031646,10.1202205755,26.6104728764,122.480262104,2746.95449396,9902.69787266,20567.9234532,1
high_bonus_surcharge_sensitive,probability_weighted,2,_potential_pledge_principal,USD_pledge_principal,200000,69530960854,850242.127154,44840.5354998,482.8692472,1376.1109755,7437.00735173,249560.399865,1114906.71391,2633233.72778,1
high_bonus_surcharge_sensitive,probability_weighted,2,_project_target,USD,200000,69530960854,430689.292644,85601.559715,2908.71453705,6391.85628153,22836.5353312,300333.118742,902882.844734,1715224.01736,1
high_bonus_surcharge_sensitive,probability_weighted,2,_reserve_before,USD_reserve_state,200000,69530960854,2227.49872155,2491.29861058,569.232467427,1306.95148515,2281.68776585,2500,2501.39564227,2507.56937361,1
high_bonus_surcharge_sensitive,probability_weighted,2,_reserve_capacity_probability,indicator,200000,69530960854,0.174335,0,0,0,0,0,1,1,0.174335
high_bonus_surcharge_sensitive,probability_weighted,2,_reserve_exhaustion_probability,indicator,200000,69530960854,0,0,0,0,0,0,0,0,0
high_bonus_surcharge_sensitive,probability_weighted,2,_stress_projected_liability,USD_internal_liability,200000,69530960854,5626.66227469,558.119402447,0,0,22.3704711673,4431.69596945,17793.7563009,31515.7254308,0.82097
high_bonus_surcharge_sensitive,probability_weighted,2,_stress_projected_successful_target,USD,200000,69530960854,150741.252425,29960.5459002,1018.05008797,2237.14969854,7992.78736592,105116.59156,316008.995657,600328.406075,1
high_bonus_surcharge_sensitive,probability_weighted,2,_surcharge_rate,proportion,200000,69530960854,0.0589935035069,0.02,0.02,0.02,0.02,0.111512240894,0.15,0.15,1
high_bonus_surcharge_sensitive,probability_weighted,2,_willing_pledge,USD_pledge_principal,200000,69530960854,22901.8521913,996.20572175,0,0,24.875624999,8555.53360963,54234.005186,133362.662589,0.82097
high_bonus_surcharge_sensitive,probability_weighted,2,dac_bonus_liability_locked,USD_internal_liability,200000,69530960854,416.51558828,101.903358985,0,0,2.48783233913,574.345276536,1375.75492579,1737.07426299,0.82097
high_bonus_surcharge_sensitive,probability_weighted,2,dac_bonus_liability_released,USD_internal_liability,200000,69530960854,149.695868062,27.2884258154,0,0,1.52868937035,124.068494647,362.996031601,673.291897138,0.82097
high_bonus_surcharge_sensitive,probability_weighted,2,dac_bonus_paid,USD_internal_transfer,200000,69530960854,266.819720218,24.8921349887,0,0,0,326.217776807,997.474879209,1371.55729303,0.60905
high_bonus_surcharge_sensitive,probability_weighted,2,dac_capacity_waiting_pledges,USD_pledge_principal,200000,69530960854,18881.5383039,0,0,0,0,0,42626.8411874,125570.881789,0.174335
high_bonus_surcharge_sensitive,probability_weighted,2,dac_free_reserve,USD_reserve_state,200000,69530960854,2116.89164926,2474.2596196,312.03061394,620.583341807,1900.57575772,2500,2506.64194818,2561.80744275,1
high_bonus_surcharge_sensitive,probability_weighted,2,dac_funding_lost_to_surcharge,USD,200000,69530960854,5298.14381937,7.99146298432,0,0,0.236979835263,284.080649157,6861.05954284,22801.8910039,0.808165
high_bonus_surcharge_sensitive,probability_weighted,2,dac_gross_threshold,USD,200000,69530960854,475162.505487,90578.1226851,2966.88882779,6525.36335488,23527.7871735,324112.212753,990709.203354,1893770.40141,1
high_bonus_surcharge_sensitive,probability_weighted,2,dac_incremental_funding_caused_by_bonus,USD,200000,69530960854,9.32040588694,0,0,0,0,2.12932033102,12.4129015774,27.9314193405,0.489525
high_bonus_surcharge_sensitive,probability_weighted,2,dac_pledge_principal,USD,200000,69530960854,4020.31388739,996.20572175,0,0,24.875624999,5546.6329596,13163.9790231,16708.7121971,0.82097
high_bonus_surcharge_sensitive,probability_weighted,2,dac_project_funding,USD,200000,69530960854,1279.88813874,259.024648929,0,0,14.9586019884,1087.6452629,3100.02840335,5692.66400323,0.82097
high_bonus_surcharge_sensitive,probability_weighted,2,dac_project_target,USD,200000,69530960854,430689.292644,85601.559715,2908.71453705,6391.85628153,22836.5353312,300333.118742,902882.844734,1715224.01736,1
high_bonus_surcharge_sensitive,probability_weighted,2,dac_required_surcharge,USD_internal_threshold_component,200000,69530960854,44473.2128431,2930.40545644,58.1859000663,130.273794915,533.671479609,19926.0505702,86011.2607428,185763.318969,1
high_bonus_surcharge_sensitive,probability_weighted,2,dac_reserve_cash,USD_reserve_state,200000,69530960854,2116.89164926,2474.2596196,312.03061394,620.583341807,1900.57575772,2500,2506.64194818,2561.80744275,1
high_bonus_surcharge_sensitive,probability_weighted,2,dac_returned_or_cancelled_principal,USD,200000,69530960854,2584.21310072,243.400649617,0,0,0,3147.5195906,9564.62661883,13156.5597328,0.610175
high_bonus_surcharge_sensitive,probability_weighted,2,dac_surcharge_inflow,USD_internal_transfer,200000,69530960854,156.212647928,6.54165419331,0,0,0.299172039768,115.410502694,386.044518889,755.271339767,0.82097
high_bonus_surcharge_sensitive,probability_weighted,2,lapsed_dac_projects,projects,200000,69530960854,65.2936025152,29.8451472205,1.73088168693,3.51843569661,10.4399740227,73.915523023,156.909413,240.71805452,1
high_bonus_surcharge_sensitive,probability_weighted,2,successful_dac_projects,projects,200000,69530960854,0.497679215591,0.0906544523934,0,0,0.00608145535298,0.337432801802,0.816515547439,1.40535759421,0.82097
high_bonus_surcharge_sensitive,probability_weighted,3,_contributor_choice_principal,USD_pledge_principal,200000,69530960854,271913.738891,4546.54115,19.3674408188,70.6715739404,572.848407042,30667.1158293,198476.833497,580943.676156,1
high_bonus_surcharge_sensitive,probability_weighted,3,_gross_threshold,USD,200000,69530960854,787315.209117,150839.425875,4891.35725662,10767.1895523,39143.2075981,539765.592826,1643418.71937,3140301.68051,1
high_bonus_surcharge_sensitive,probability_weighted,3,_mean_pledge,USD_per_contributor,200000,69530960854,121.956557979,74.9741143552,14.8215110367,21.2408089847,38.5752087826,145.655257401,265.625582595,381.39022159,1
high_bonus_surcharge_sensitive,probability_weighted,3,_potential_contributors,contributors,200000,69530960854,9040.3523573,1008.37126839,16.6846879759,43.8713201476,201.926918604,4528.76281436,16326.0694657,33909.2792066,1
high_bonus_surcharge_sensitive,probability_weighted,3,_potential_pledge_principal,USD_pledge_principal,200000,69530960854,1401750.53396,73926.2882564,796.08173187,2268.72350015,12261.0121204,411437.415994,1838089.44726,4341277.22688,1
high_bonus_surcharge_sensitive,probability_weighted,3,_project_target,USD,200000,69530960854,710055.320305,141126.895746,4795.44829081,10537.9252209,37649.4231136,495143.790359,1488536.58186,2827801.75835,1
high_bonus_surcharge_sensitive,probability_weighted,3,_reserve_before,USD_reserve_state,200000,69530960854,2116.89164926,2474.2596196,312.03061394,620.583341807,1900.57575772,2500,2506.64194818,2561.80744275,1
high_bonus_surcharge_sensitive,probability_weighted,3,_reserve_capacity_probability,indicator,200000,69530960854,0.23068,0,0,0,0,0,1,1,0.23068
high_bonus_surcharge_sensitive,probability_weighted,3,_reserve_exhaustion_probability,indicator,200000,69530960854,0,0,0,0,0,0,0,0,0
high_bonus_surcharge_sensitive,probability_weighted,3,_stress_projected_liability,USD_internal_liability,200000,69530960854,9307.60884622,918.894574104,0,0,36.8664494331,7369.91721386,29501.7647299,51958.3581427,0.82097
high_bonus_surcharge_sensitive,probability_weighted,3,_stress_projected_successful_target,USD,200000,69530960854,248519.362107,49394.4135112,1678.40690178,3688.27382732,13177.2980898,173300.326626,520987.803651,989730.615422,1
high_bonus_surcharge_sensitive,probability_weighted,3,_surcharge_rate,proportion,200000,69530960854,0.0672706612916,0.02,0.02,0.02,0.02,0.15,0.15,0.15,1
high_bonus_surcharge_sensitive,probability_weighted,3,_willing_pledge,USD_pledge_principal,200000,69530960854,37376.2292067,1597.45319284,0,0,41.0112312886,12827.9060934,88211.9226867,219111.042292,0.82097
high_bonus_surcharge_sensitive,probability_weighted,3,dac_bonus_liability_locked,USD_internal_liability,200000,69530960854,452.782624933,163.56100223,0,0,4.10156819321,575.999073252,1194.91378135,1614.39035508,0.82097
high_bonus_surcharge_sensitive,probability_weighted,3,dac_bonus_liability_released,USD_internal_liability,200000,69530960854,241.493225265,43.4773517648,0,0,2.52027891851,164.55465537,531.180447067,1039.44024208,0.82097
high_bonus_surcharge_sensitive,probability_weighted,3,dac_bonus_paid,USD_internal_transfer,200000,69530960854,211.289399668,60.4946290717,0,0,0,278.727906785,709.801275907,974.842109907,0.630475
high_bonus_surcharge_sensitive,probability_weighted,3,dac_capacity_waiting_pledges,USD_pledge_principal,200000,69530960854,33004.2780593,0,0,0,0,0,79351.1174992,207505.986866,0.23068
high_bonus_surcharge_sensitive,probability_weighted,3,dac_free_reserve,USD_reserve_state,200000,69530960854,2176.68384788,2468.22156519,230.324249722,450.753188647,1626.94273554,2500.04119187,2532.93853621,3021.41324382,1
high_bonus_surcharge_sensitive,probability_weighted,3,dac_funding_lost_to_surcharge,USD,200000,69530960854,8753.56731192,15.5663986362,0,0,0.436203655639,744.666193381,10903.8110108,37446.2548415,0.812405
high_bonus_surcharge_sensitive,probability_weighted,3,dac_gross_threshold,USD,200000,69530960854,787315.209117,150839.425875,4891.35725662,10767.1895523,39143.2075981,539765.592826,1643418.71937,3140301.68051,1
high_bonus_surcharge_sensitive,probability_weighted,3,dac_incremental_funding_caused_by_bonus,USD,200000,69530960854,11.891918021,0,0,0,0,1.97928673563,11.6168509194,27.5189328728,0.446275
high_bonus_surcharge_sensitive,probability_weighted,3,dac_pledge_principal,USD,200000,69530960854,4371.95114731,1558.54270296,0,0,41.0112312886,5560.1510738,11491.3256535,15757.0834277,0.82097
high_bonus_surcharge_sensitive,probability_weighted,3,dac_project_funding,USD,200000,69530960854,2039.61532724,398.373911412,0,0,24.6614983738,1437.60018588,4499.05738076,8692.34586859,0.82097
high_bonus_surcharge_sensitive,probability_weighted,3,dac_project_target,USD,200000,69530960854,710055.320305,141126.895746,4795.44829081,10537.9252209,37649.4231136,495143.790359,1488536.58186,2827801.75835,1
high_bonus_surcharge_sensitive,probability_weighted,3,dac_required_surcharge,USD_internal_threshold_component,200000,69530960854,77259.888812,5817.20801593,95.9089658161,215.386929048,923.485512355,38615.85532,153621.06361,321126.019825,1
high_bonus_surcharge_sensitive,probability_weighted,3,dac_reserve_cash,USD_reserve_state,200000,69530960854,2176.68384788,2468.22156519,230.324249722,450.753188647,1626.94273554,2500.04119187,2532.93853621,3021.41324382,1
high_bonus_surcharge_sensitive,probability_weighted,3,dac_returned_or_cancelled_principal,USD,200000,69530960854,2061.25422178,570.449406355,0,0,0,2706.52115398,6874.89891108,9428.63456951,0.63113
high_bonus_surcharge_sensitive,probability_weighted,3,dac_surcharge_inflow,USD_internal_transfer,200000,69530960854,271.081598284,11.5106269223,0,0,0.493229967476,154.580831889,607.051956284,1232.09817816,0.82097
high_bonus_surcharge_sensitive,probability_weighted,3,lapsed_dac_projects,projects,200000,69530960854,107.886710167,49.4998031153,2.90299436665,5.86986584461,17.3866831629,122.288723197,259.011511969,396.958672843,1
high_bonus_surcharge_sensitive,probability_weighted,3,successful_dac_projects,projects,200000,69530960854,0.579997551742,0.141864429657,0,0,0.0100262739244,0.473164694812,1.09497321807,1.80759287352,0.82097
high_bonus_surcharge_sensitive,probability_weighted,4,_contributor_choice_principal,USD_pledge_principal,200000,69530960854,378205.24708,5692.59405377,26.9874175393,98.4767834484,795.805749441,42194.1894168,274305.801469,807353.887745,1
high_bonus_surcharge_sensitive,probability_weighted,4,_gross_threshold,USD,200000,69530960854,1100270.38893,211630.867408,6815.82568546,15031.5754716,54972.139996,756378.201642,2298292.75988,4386816.45812,1
high_bonus_surcharge_sensitive,probability_weighted,4,_mean_pledge,USD_per_contributor,200000,69530960854,121.956557979,74.9741143552,14.8215110367,21.2408089847,38.5752087826,145.655257401,265.625582595,381.39022159,1
high_bonus_surcharge_sensitive,probability_weighted,4,_potential_contributors,contributors,200000,69530960854,12597.2123012,1405.10750513,23.2491553762,61.1321674188,281.373575105,6310.57113477,22749.4410588,47250.63496,1
high_bonus_surcharge_sensitive,probability_weighted,4,_potential_pledge_principal,USD_pledge_principal,200000,69530960854,1953258.94076,103012.041013,1109.29421654,3161.33602481,17085.0168891,573314.432123,2561272.18061,6049320.72597,1
high_bonus_surcharge_sensitive,probability_weighted,4,_project_target,USD,200000,69530960854,989421.347966,196652.231778,6682.18204457,14683.9941603,52462.310896,689954.461976,2074190.31898,3940379.49934,1
high_bonus_surcharge_sensitive,probability_weighted,4,_reserve_before,USD_reserve_state,200000,69530960854,2176.68384788,2468.22156519,230.324249722,450.753188647,1626.94273554,2500.04119187,2532.93853621,3021.41324382,1
high_bonus_surcharge_sensitive,probability_weighted,4,_reserve_capacity_probability,indicator,200000,69530960854,0.27064,0,0,0,0,1,1,1,0.27064
high_bonus_surcharge_sensitive,probability_weighted,4,_reserve_exhaustion_probability,indicator,200000,69530960854,0,0,0,0,0,0,0,0,0
high_bonus_surcharge_sensitive,probability_weighted,4,_stress_projected_liability,USD_internal_liability,200000,69530960854,12978.6214754,1280.42686555,0,0,51.3712819969,10332.3470949,41109.0164269,72400.9908546,0.82097
high_bonus_surcharge_sensitive,probability_weighted,4,_stress_projected_successful_target,USD,200000,69530960854,346297.471788,68828.2811222,2338.7637156,5139.3979561,18361.8088136,241484.061692,725966.611644,1379132.82477,1
high_bonus_surcharge_sensitive,probability_weighted,4,_surcharge_rate,proportion,200000,69530960854,0.0733140917321,0.0204103933912,0.02,0.02,0.02,0.15,0.15,0.15,1
high_bonus_surcharge_sensitive,probability_weighted,4,_willing_pledge,USD_pledge_principal,200000,69530960854,51909.7882486,2107.95608541,0,0,57.1467977089,17628.4391556,122638.810264,305318.487404,0.82097
high_bonus_surcharge_sensitive,probability_weighted,4,dac_bonus_liability_locked,USD_internal_liability,200000,69530960854,593.042322135,168.074818223,0,0,5.71529994167,583.107384498,1223.83428913,2190.54711138,0.82097
high_bonus_surcharge_sensitive,probability_weighted,4,dac_bonus_liability_released,USD_internal_liability,200000,69530960854,336.72852182,51.526804259,0,0,3.51186406957,215.426115273,711.688145411,1396.03182374,0.82097
high_bonus_surcharge_sensitive,probability_weighted,4,dac_bonus_paid,USD_internal_transfer,200000,69530960854,256.313800316,64.6450445513,0,0,0,312.915413579,719.597254583,962.238825252,0.62961
high_bonus_surcharge_sensitive,probability_weighted,4,dac_capacity_waiting_pledges,USD_pledge_principal,200000,69530960854,46204.9564876,0,0,0,0,5715.8038092,109312.637604,284561.094914,0.27064
high_bonus_surcharge_sensitive,probability_weighted,4,dac_free_reserve,USD_reserve_state,200000,69530960854,2311.0045086,2471.89752856,201.984083549,401.99725044,1453.46252279,2500.56774805,2644.23826089,3887.94223894,1
high_bonus_surcharge_sensitive,probability_weighted,4,dac_funding_lost_to_surcharge,USD,200000,69530960854,12198.3533214,27.9958142672,0,0,0.650261104663,1291.83043722,15285.5929157,51689.9545062,0.815165
high_bonus_surcharge_sensitive,probability_weighted,4,dac_gross_threshold,USD,200000,69530960854,1100270.38893,211630.867408,6815.82568546,15031.5754716,54972.139996,756378.201642,2298292.75988,4386816.45812,1
high_bonus_surcharge_sensitive,probability_weighted,4,dac_incremental_funding_caused_by_bonus,USD,200000,69530960854,15.2126162812,0,0,0,0,1.77856781901,11.3370810078,31.2048191334,0.415275
high_bonus_surcharge_sensitive,probability_weighted,4,dac_pledge_principal,USD,200000,69530960854,5704.831761,1630.06676536,0,0,57.1467977089,5636.12672204,11947.8973656,20974.1017031,0.82097
high_bonus_surcharge_sensitive,probability_weighted,4,dac_project_funding,USD,200000,69530960854,2827.35268093,465.598995137,0,0,34.3643959272,1868.28617878,5998.11028668,11672.9286449,0.82097
high_bonus_surcharge_sensitive,probability_weighted,4,dac_project_target,USD,200000,69530960854,989421.347966,196652.231778,6682.18204457,14683.9941603,52462.310896,689954.461976,2074190.31898,3940379.49934,1
high_bonus_surcharge_sensitive,probability_weighted,4,dac_required_surcharge,USD_internal_threshold_component,200000,69530960854,110849.040961,9373.51679376,133.885053398,305.665680417,1382.38732525,58755.6989959,222767.780809,461863.906043,1
high_bonus_surcharge_sensitive,probability_weighted,4,dac_reserve_cash,USD_reserve_state,200000,69530960854,2311.0045086,2471.89752856,201.984083549,401.99725044,1453.46252279,2500.56774805,2644.23826089,3887.94223894,1
high_bonus_surcharge_sensitive,probability_weighted,4,dac_returned_or_cancelled_principal,USD,200000,69530960854,2486.84461903,619.288839927,0,0,0,3023.60192373,6927.09572566,9408.15569226,0.63025
high_bonus_surcharge_sensitive,probability_weighted,4,dac_surcharge_inflow,USD_internal_transfer,200000,69530960854,390.634461043,18.6894344716,0,0,0.687287918543,218.668925505,848.134758469,1710.739387,0.82097
high_bonus_surcharge_sensitive,probability_weighted,4,lapsed_dac_projects,projects,200000,69530960854,150.464519816,69.2025814348,4.09556339711,8.25437934874,24.3431251779,170.594806068,360.991693323,553.122034565,1
high_bonus_surcharge_sensitive,probability_weighted,4,successful_dac_projects,projects,200000,69530960854,0.67761388944,0.18596041277,0,0,0.0139664641362,0.599102936105,1.39132645671,2.2818788599,0.82097
high_bonus_surcharge_sensitive,probability_weighted,5,_contributor_choice_principal,USD_pledge_principal,200000,69530960854,484685.16895,6688.10162757,34.6073942563,126.281992893,1013.97191122,53755.6752367,350529.684354,1035275.97224,1
high_bonus_surcharge_sensitive,probability_weighted,5,_gross_threshold,USD,200000,69530960854,1413742.85364,272742.674096,8743.2821728,19382.2869407,71005.361612,973785.243861,2955803.58248,5639114.90214,1
high_bonus_surcharge_sensitive,probability_weighted,5,_mean_pledge,USD_per_contributor,200000,69530960854,121.956557979,74.9741143552,14.8215110367,21.2408089847,38.5752087826,145.655257401,265.625582595,381.39022159,1
high_bonus_surcharge_sensitive,probability_weighted,5,_potential_contributors,contributors,200000,69530960854,16154.072245,1801.84374187,29.8136227766,78.39301469,360.820231605,8092.37945518,29172.8126519,60591.9907134,1
high_bonus_surcharge_sensitive,probability_weighted,5,_potential_pledge_principal,USD_pledge_principal,200000,69530960854,2504767.34756,132097.79377,1422.50670121,4053.94854946,21909.0216578,735191.448252,3284454.91396,7757364.22507,1
high_bonus_surcharge_sensitive,probability_weighted,5,_project_target,USD,200000,69530960854,1268787.37563,252177.567809,8568.91579833,18830.0630997,67275.1986784,884765.133592,2659844.05611,5052957.24033,1
high_bonus_surcharge_sensitive,probability_weighted,5,_reserve_before,USD_reserve_state,200000,69530960854,2311.0045086,2471.89752856,201.984083549,401.99725044,1453.46252279,2500.56774805,2644.23826089,3887.94223894,1
high_bonus_surcharge_sensitive,probability_weighted,5,_reserve_capacity_probability,indicator,200000,69530960854,0.30124,0,0,0,0,1,1,1,0.30124
high_bonus_surcharge_sensitive,probability_weighted,5,_reserve_exhaustion_probability,indicator,200000,69530960854,0,0,0,0,0,0,0,0,0
high_bonus_surcharge_sensitive,probability_weighted,5,_stress_projected_liability,USD_internal_liability,200000,69530960854,16647.0300491,1642.96086669,0,0,65.8761145607,13249.7156865,52716.2681239,92843.6235665,0.82097
high_bonus_surcharge_sensitive,probability_weighted,5,_stress_projected_successful_target,USD,200000,69530960854,444075.581469,88262.1487331,2999.12052941,6590.52208488,23546.3195374,309667.796757,930945.419638,1768535.03411,1
high_bonus_surcharge_sensitive,probability_weighted,5,_surcharge_rate,proportion,200000,69530960854,0.0780738130323,0.0294499719627,0.02,0.02,0.02,0.15,0.15,0.15,1
high_bonus_surcharge_sensitive,probability_weighted,5,_willing_pledge,USD_pledge_principal,200000,69530960854,66461.7186721,2524.15629121,0,0,73.2823641209,22488.0757069,157266.875332,391526.411677,0.82097
high_bonus_surcharge_sensitive,probability_weighted,5,dac_bonus_liability_locked,USD_internal_liability,200000,69530960854,756.520305969,178.595097904,0,0,7.32903168991,605.912170408,1490.38784492,2894.27725731,0.82097
high_bonus_surcharge_sensitive,probability_weighted,5,dac_bonus_liability_released,USD_internal_liability,200000,69530960854,434.061593973,59.5458078259,0,0,4.50344921863,268.111653582,892.899849594,1769.99675013,0.82097
high_bonus_surcharge_sensitive,probability_weighted,5,dac_bonus_paid,USD_internal_transfer,200000,69530960854,322.458711996,63.3695006964,0,0,0,322.14454021,725.626260166,1166.80100086,0.62632
high_bonus_surcharge_sensitive,probability_weighted,5,dac_capacity_waiting_pledges,USD_pledge_principal,200000,69530960854,59200.4671628,0,0,0,0,13619.793931,138209.108607,361489.208202,0.30124
high_bonus_surcharge_sensitive,probability_weighted,5,dac_free_reserve,USD_reserve_state,200000,69530960854,2501.40140834,2482.51411501,189.664589265,376.700383668,1351.73040867,2502.2557873,2978.81948747,4958.26650422,1
high_bonus_surcharge_sensitive,probability_weighted,5,dac_funding_lost_to_surcharge,USD,200000,69530960854,15631.6541136,46.8562797635,0,0,0.87206643152,1788.95208314,19622.964059,65892.0002428,0.816845
high_bonus_surcharge_sensitive,probability_weighted,5,dac_gross_threshold,USD,200000,69530960854,1413742.85364,272742.674096,8743.2821728,19382.2869407,71005.361612,973785.243861,2955803.58248,5639114.90214,1
high_bonus_surcharge_sensitive,probability_weighted,5,dac_incremental_funding_caused_by_bonus,USD,200000,69530960854,18.8088056297,0,0,0,0,1.56520253509,11.2582026655,39.4439398074,0.39113
high_bonus_surcharge_sensitive,probability_weighted,5,dac_pledge_principal,USD,200000,69530960854,7261.25150933,1741.26111973,0,0,73.2823641209,5863.87643688,14379.5491852,27793.3563017,0.82097
high_bonus_surcharge_sensitive,probability_weighted,5,dac_project_funding,USD,200000,69530960854,3631.5824793,537.292681921,0,0,44.0672850894,2315.34761219,7521.71538132,14826.781307,0.82097
high_bonus_surcharge_sensitive,probability_weighted,5,dac_project_target,USD,200000,69530960854,1268787.37563,252177.567809,8568.91579833,18830.0630997,67275.1986784,884765.133592,2659844.05611,5052957.24033,1
high_bonus_surcharge_sensitive,probability_weighted,5,dac_required_surcharge,USD_internal_threshold_component,200000,69530960854,144955.47801,13502.7113699,173.093512286,405.378675528,1930.56676928,79647.5067417,293201.684019,602154.535889,1
high_bonus_surcharge_sensitive,probability_weighted,5,dac_reserve_cash,USD_reserve_state,200000,69530960854,2501.40140834,2482.51411501,189.664589265,376.700383668,1351.73040867,2502.2557873,2978.81948747,4958.26650422,1
high_bonus_surcharge_sensitive,probability_weighted,5,dac_returned_or_cancelled_principal,USD,200000,69530960854,3116.8134183,615.410898271,0,0,0,3113.50116604,7024.28774242,11265.3953086,0.62712
high_bonus_surcharge_sensitive,probability_weighted,5,dac_surcharge_inflow,USD_internal_transfer,200000,69530960854,512.855611736,29.2788562736,0,0,0.881345701788,289.53600484,1090.31945989,2203.84062831,0.82097
high_bonus_surcharge_sensitive,probability_weighted,5,lapsed_dac_projects,projects,200000,69530960854,193.024897659,88.8768242604,5.27983996314,10.6208518231,31.3005735949,218.870241657,462.951042892,709.286020898,1
high_bonus_surcharge_sensitive,probability_weighted,5,successful_dac_projects,projects,200000,69530960854,0.792662033987,0.226235391799,0,0,0.0178978073694,0.726829494648,1.70754880699,2.78689748814,0.82097
near_zero_additionality,conditional,1,_contributor_choice_principal,USD_pledge_principal,200000,69521060838,107013.246822,3134.73089836,26.3722723218,76.7927472873,453.056499891,18734.7572649,90567.0045631,237821.829147,1
near_zero_additionality,conditional,1,_gross_threshold,USD,200000,69521060838,228904.668417,61512.4203777,4294.41074155,7772.03147713,20573.118587,184150.463768,492977.530351,892363.086796,1
near_zero_additionality,conditional,1,_mean_pledge,USD_per_contributor,200000,69521060838,122.164837278,75.2484153811,15.0468374797,21.5156244637,38.8507006063,145.820470958,264.108096942,379.62177295,1
near_zero_additionality,conditional,1,_potential_contributors,contributors,200000,69521060838,2596.36653749,477.836802152,23.2645550959,45.6773090009,138.199521713,1642.82900981,4999.95699124,9650.76653932,1
near_zero_additionality,conditional,1,_potential_pledge_principal,USD_pledge_principal,200000,69521060838,420354.784353,36046.8977187,966.758593761,2147.21039996,8174.92630885,158574.011437,603052.083423,1335262.60263,1
near_zero_additionality,conditional,1,_project_target,USD,200000,69521060838,210096.030721,58647.6464595,4166.79861264,7542.66409772,19853.405711,172398.334152,454882.947325,817387.005832,1
near_zero_additionality,conditional,1,_reserve_before,USD_reserve_state,200000,69521060838,2500,2500,2500,2500,2500,2500,2500,2500,1
near_zero_additionality,conditional,1,_reserve_capacity_probability,indicator,200000,69521060838,0.107395,0,0,0,0,0,1,1,0.107395
near_zero_additionality,conditional,1,_reserve_exhaustion_probability,indicator,200000,69521060838,0,0,0,0,0,0,0,0,0
near_zero_additionality,conditional,1,_stress_projected_liability,USD_internal_liability,200000,69521060838,1877.08622542,507.769677539,8.7683307206,21.8949007517,100.731235645,2198.09962644,5828.55136567,8686.08320387,1
near_zero_additionality,conditional,1,_stress_projected_successful_target,USD,200000,69521060838,73533.6107524,20526.6762608,1458.37951442,2639.9324342,6948.69199886,60339.4169531,159209.031564,286085.452041,1
near_zero_additionality,conditional,1,_surcharge_rate,proportion,200000,69521060838,0.0542560573629,0.0361243148406,0.0281402932915,0.028350318412,0.0296116997703,0.063169594023,0.121256821851,0.15,1
near_zero_additionality,conditional,1,_willing_pledge,USD_pledge_principal,200000,69521060838,16262.8716505,2279.92304416,19.2144293701,55.9986017661,335.211876154,12929.5142069,48646.6905178,88408.1384871,1
near_zero_additionality,conditional,1,dac_bonus_liability_locked,USD_internal_liability,200000,69521060838,563.792546426,124.333487558,1.02142397209,2.99460716638,18.0367925647,714.500413453,2500,2500,1
near_zero_additionality,conditional,1,dac_bonus_liability_released,USD_internal_liability,200000,69521060838,102.424614548,23.2146294795,0.701000803402,1.60858336154,5.75576594373,100.993266593,244.218176182,444.802900791,1
near_zero_additionality,conditional,1,dac_bonus_paid,USD_internal_transfer,200000,69521060838,461.367931879,90.4327116744,0,0,4.9089613728,561.906860974,1935.68082107,2286.45780364,0.81687
near_zero_additionality,conditional,1,dac_capacity_waiting_pledges,USD_pledge_principal,200000,69521060838,6092.58670536,0,0,0,0,0,3789.51707999,43393.5228333,0.107395
near_zero_additionality,conditional,1,dac_free_reserve,USD_reserve_state,200000,69521060838,2191.10843849,2448.42759037,656.34110359,1142.30134512,2117.6081343,2500.15496893,2507.85499834,2542.6095925,1
near_zero_additionality,conditional,1,dac_funding_lost_to_surcharge,USD,200000,69521060838,2423.68603788,12.3989781699,0.0420897927268,0.276879056686,1.7036598708,145.89866115,2441.31097432,9415.5480638,0.96199
near_zero_additionality,conditional,1,dac_gross_threshold,USD,200000,69521060838,228904.668417,61512.4203777,4294.41074155,7772.03147713,20573.118587,184150.463768,492977.530351,892363.086796,1
near_zero_additionality,conditional,1,dac_incremental_funding_caused_by_bonus,USD,200000,69521060838,11.499997183,0.213295132085,0,0,0,2.69434485155,14.9134041372,37.2955480431,0.654575
near_zero_additionality,conditional,1,dac_pledge_principal,USD,200000,69521060838,10170.2849451,2279.92304416,19.2144293701,55.9986017661,335.211876154,12929.5142069,41918.175721,44054.2634968,1
near_zero_additionality,conditional,1,dac_project_funding,USD,200000,69521060838,1696.63466048,409.147650983,12.9198945423,29.2168121498,103.306578278,1710.7890907,3982.44326906,7287.53588753,1
near_zero_additionality,conditional,1,dac_project_target,USD,200000,69521060838,210096.030721,58647.6464595,4166.79861264,7542.66409772,19853.405711,172398.334152,454882.947325,817387.005832,1
near_zero_additionality,conditional,1,dac_required_surcharge,USD_internal_threshold_component,200000,69521060838,18808.6376954,2433.37313785,123.713449929,230.422089966,670.402281226,10157.694105,37239.1164754,77080.1399858,1
near_zero_additionality,conditional,1,dac_reserve_cash,USD_reserve_state,200000,69521060838,2191.10843849,2448.42759037,656.34110359,1142.30134512,2117.6081343,2500.15496893,2507.85499834,2542.6095925,1
near_zero_additionality,conditional,1,dac_returned_or_cancelled_principal,USD,200000,69521060838,8321.17391427,1661.58592507,0,0,91.3722652593,10194.6942035,34436.0308183,39349.7925992,0.817095
near_zero_additionality,conditional,1,dac_surcharge_inflow,USD_internal_transfer,200000,69521060838,152.476370373,15.5932095231,0.365813898793,0.837968923017,3.17410104929,111.158903589,433.290289931,724.06541031,1
near_zero_additionality,conditional,1,lapsed_dac_projects,projects,200000,69521060838,31.3995599689,18.5944958541,3.17958169813,4.82409259195,9.2204117673,37.2517689009,69.5190815945,100.532093187,1
near_zero_additionality,conditional,1,successful_dac_projects,projects,200000,69521060838,1.00707601155,0.118051825095,0.00572323761993,0.0139119794167,0.0420991407805,0.364454283301,1.26550743588,3.8892602368,1
near_zero_additionality,conditional,2,_contributor_choice_principal,USD_pledge_principal,200000,69521060838,301715.331473,8766.07490627,76.7245537327,223.41749962,1320.36131843,47568.708413,256721.583248,680611.498875,1
near_zero_additionality,conditional,2,_gross_threshold,USD,200000,69521060838,665112.066181,178452.088294,12126.103262,21991.7307938,58838.6393932,534616.287959,1437420.34705,2595924.74388,1
near_zero_additionality,conditional,2,_mean_pledge,USD_per_contributor,200000,69521060838,122.164837278,75.2484153811,15.0468374797,21.5156244637,38.8507006063,145.820470958,264.108096942,379.62177295,1
near_zero_additionality,conditional,2,_potential_contributors,contributors,200000,69521060838,7389.6586067,1359.99705228,66.2145029652,130.004648695,393.337100259,4675.74410486,14230.6468212,27467.5663042,1
near_zero_additionality,conditional,2,_potential_pledge_principal,USD_pledge_principal,200000,69521060838,1196394.38624,102595.016584,2751.54368994,6111.29113835,23267.0979559,451326.03255,1716379.00667,3800362.79209,1
near_zero_additionality,conditional,2,_project_target,USD,200000,69521060838,597965.625899,166920.224539,11859.3498975,21467.582432,56505.8470237,490672.181817,1294666.85008,2326409.17044,1
near_zero_additionality,conditional,2,_reserve_before,USD_reserve_state,200000,69521060838,2191.10843849,2448.42759037,656.34110359,1142.30134512,2117.6081343,2500.15496893,2507.85499834,2542.6095925,1
near_zero_additionality,conditional,2,_reserve_capacity_probability,indicator,200000,69521060838,0.236775,0,0,0,0,0,1,1,0.236775
near_zero_additionality,conditional,2,_reserve_exhaustion_probability,indicator,200000,69521060838,0,0,0,0,0,0,0,0,0
near_zero_additionality,conditional,2,_stress_projected_liability,USD_internal_liability,200000,69521060838,5382.897227,1442.35808023,24.9534960143,62.3050281463,286.390793518,6277.45193301,16755.5819165,25019.2251818,1
near_zero_additionality,conditional,2,_stress_projected_successful_target,USD,200000,69521060838,209287.969064,58422.0785885,4150.77246413,7513.65385119,19777.0464583,171735.263636,453133.397527,814243.209656,1
near_zero_additionality,conditional,2,_surcharge_rate,proportion,200000,69521060838,0.0691363181944,0.0380499773268,0.02,0.02,0.02,0.15,0.15,0.15,1
near_zero_additionality,conditional,2,_willing_pledge,USD_pledge_principal,200000,69521060838,45440.3226309,6366.36720869,55.909376904,162.995071959,976.873964366,32756.6176701,138445.345812,252759.800166,1
near_zero_additionality,conditional,2,dac_bonus_liability_locked,USD_internal_liability,200000,69521060838,633.511271724,347.223426645,2.96999453518,8.72559663708,52.5423520284,981.492328878,1691.38161628,1953.36326547,1
near_zero_additionality,conditional,2,dac_bonus_liability_released,USD_internal_liability,200000,69521060838,180.402794323,64.7571621325,2.02068832455,4.62129488715,16.5007881026,159.167761455,410.700617511,777.206589429,1
near_zero_additionality,conditional,2,dac_bonus_paid,USD_internal_transfer,200000,69521060838,453.108477401,224.453902227,0,0,13.7656228947,702.459131241,1365.84436923,1613.21646256,0.8166
near_zero_additionality,conditional,2,dac_capacity_waiting_pledges,USD_pledge_principal,200000,69521060838,33927.9227925,0,0,0,0,0,114778.845065,233168.578414,0.236775
near_zero_additionality,conditional,2,dac_free_reserve,USD_reserve_state,200000,69521060838,2072.34396229,2340.67371697,389.097099036,552.868962274,1504.88069942,2500.8361867,2541.44740663,2933.3984871,1
near_zero_additionality,conditional,2,dac_funding_lost_to_surcharge,USD,200000,69521060838,8956.50269797,42.0440803069,0.240397854635,0.744589092318,4.01890610083,1123.29793792,14622.1099898,45801.0316365,0.977745
near_zero_additionality,conditional,2,dac_gross_threshold,USD,200000,69521060838,665112.066181,178452.088294,12126.103262,21991.7307938,58838.6393932,534616.287959,1437420.34705,2595924.74388,1
near_zero_additionality,conditional,2,dac_incremental_funding_caused_by_bonus,USD,200000,69521060838,8.88439097258,0.149188614716,0,0,0,3.18945110333,13.5704623383,28.010618277,0.566285
near_zero_additionality,conditional,2,dac_pledge_principal,USD,200000,69521060838,11512.3998385,6358.47540165,55.909376904,162.995071959,976.873964366,17780.3537841,30466.3067994,36486.0925151,1
near_zero_additionality,conditional,2,dac_project_funding,USD,200000,69521060838,2927.44785391,1123.97071991,37.5065360413,84.6584674348,298.153913978,2609.67732073,6629.91940952,12415.0281963,1
near_zero_additionality,conditional,2,dac_project_target,USD,200000,69521060838,597965.625899,166920.224539,11859.3498975,21467.582432,56505.8470237,490672.181817,1294666.85008,2326409.17044,1
near_zero_additionality,conditional,2,dac_required_surcharge,USD_internal_threshold_component,200000,69521060838,67146.4402821,7604.8536132,244.852203525,470.242661636,1549.41220138,41190.567962,145224.750689,286271.742582,1
near_zero_additionality,conditional,2,dac_reserve_cash,USD_reserve_state,200000,69521060838,2072.34396229,2340.67371697,389.097099036,552.868962274,1504.88069942,2500.8361867,2541.44740663,2933.3984871,1
near_zero_additionality,conditional,2,dac_returned_or_cancelled_principal,USD,200000,69521060838,8250.60798338,4094.62944256,0,0,257.089206672,12757.6929807,24661.3374605,29181.7598943,0.817665
near_zero_additionality,conditional,2,dac_surcharge_inflow,USD_internal_transfer,200000,69521060838,334.344001192,46.3054054121,0.750130720826,1.69393358033,6.42858444143,292.891314802,803.358774735,1544.98512423,1
near_zero_additionality,conditional,2,lapsed_dac_projects,projects,200000,69521060838,90.7461940097,54.1940662309,9.58106452977,14.2494635107,27.0074860823,108.087573084,200.342542913,288.474104349,1
near_zero_additionality,conditional,2,successful_dac_projects,projects,200000,69521060838,1.4880776269,0.311266459407,0.016712257579,0.0403835829342,0.120241160694,0.727126642403,1.65866667929,3.69717651872,1
near_zero_additionality,conditional,3,_contributor_choice_principal,USD_pledge_principal,200000,69521060838,488185.083568,13472.7975742,126.496997031,368.369826712,2172.9093681,76713.0172221,406408.017135,1083417.56014,1
near_zero_additionality,conditional,3,_gross_threshold,USD,200000,69521060838,1104927.51573,297843.102348,20009.8625779,36423.9029873,98513.2893202,891955.893295,2388531.62737,4318962.3925,1
near_zero_additionality,conditional,3,_mean_pledge,USD_per_contributor,200000,69521060838,122.164837278,75.2484153811,15.0468374797,21.5156244637,38.8507006063,145.820470958,264.108096942,379.62177295,1
near_zero_additionality,conditional,3,_potential_contributors,contributors,200000,69521060838,12182.9506759,2242.15730241,109.164450835,214.331988389,648.474678805,7708.6591999,23461.3366512,45284.3660691,1
near_zero_additionality,conditional,3,_potential_pledge_principal,USD_pledge_principal,200000,69521060838,1972433.98812,169143.135449,4536.32878611,10075.3718767,38359.269603,744078.053664,2829705.92991,6265462.98155,1
near_zero_additionality,conditional,3,_project_target,USD,200000,69521060838,985835.221076,275192.802618,19551.9011824,35392.5007662,93158.2883363,808946.029481,2134450.75283,3835431.33506,1
near_zero_additionality,conditional,3,_reserve_before,USD_reserve_state,200000,69521060838,2072.34396229,2340.67371697,389.097099036,552.868962274,1504.88069942,2500.8361867,2541.44740663,2933.3984871,1
near_zero_additionality,conditional,3,_reserve_capacity_probability,indicator,200000,69521060838,0.318185,0,0,0,0,1,1,1,0.318185
near_zero_additionality,conditional,3,_reserve_exhaustion_probability,indicator,200000,69521060838,0,0,0,0,0,0,0,0,0
near_zero_additionality,conditional,3,_stress_projected_liability,USD_internal_liability,200000,69521060838,8920.48774946,2378.43637235,41.139547483,102.695016984,471.880920959,10510.0785381,27764.6632097,41247.9117862,1
near_zero_additionality,conditional,3,_stress_projected_successful_target,USD,200000,69521060838,345042.327377,96317.4809162,6843.16541383,12387.3752682,32605.4009177,283131.110318,747057.763491,1342400.96727,1
near_zero_additionality,conditional,3,_surcharge_rate,proportion,200000,69521060838,0.0809217364805,0.0598426171059,0.02,0.02,0.02,0.15,0.15,0.15,1
near_zero_additionality,conditional,3,_willing_pledge,USD_pledge_principal,200000,69521060838,74123.2808635,9828.72913006,92.1791185587,268.721657597,1607.02551494,53231.5772403,224587.82173,414891.228405,1
near_zero_additionality,conditional,3,dac_bonus_liability_locked,USD_internal_liability,200000,69521060838,715.557556518,390.999426884,4.89647798083,14.3854634833,86.4913394956,913.200235184,1483.84929113,2350.16131544,1
near_zero_additionality,conditional,3,dac_bonus_liability_released,USD_internal_liability,200000,69521060838,265.77619841,82.5866170585,3.33140512716,7.61911776027,27.0985081152,215.011848843,586.653749599,1094.75333561,1
near_zero_additionality,conditional,3,dac_bonus_paid,USD_internal_transfer,200000,69521060838,449.781358108,258.303431345,0,0,22.8590666995,646.003245006,1121.81274248,1346.55300057,0.81682
near_zero_additionality,conditional,3,dac_capacity_waiting_pledges,USD_pledge_principal,200000,69521060838,61116.9554314,0,0,0,0,29126.2632674,197897.807498,385561.101785,0.318185
near_zero_additionality,conditional,3,dac_free_reserve,USD_reserve_state,200000,69521060838,2159.18057265,2239.06742145,283.073834527,408.59349021,1142.78797918,2503.99695548,2711.19928315,4020.92614524,1
near_zero_additionality,conditional,3,dac_funding_lost_to_surcharge,USD,200000,69521060838,15150.8351237,103.413795616,0.517612978259,1.39825955227,7.32012622387,2987.13405053,25114.9659369,77894.5053029,0.985255
near_zero_additionality,conditional,3,dac_gross_threshold,USD,200000,69521060838,1104927.51573,297843.102348,20009.8625779,36423.9029873,98513.2893202,891955.893295,2388531.62737,4318962.3925,1
near_zero_additionality,conditional,3,dac_incremental_funding_caused_by_bonus,USD,200000,69521060838,9.77383320123,0.0100186849859,0,0,0,2.8648039002,12.0467413037,25.2523699752,0.5046
near_zero_additionality,conditional,3,dac_pledge_principal,USD,200000,69521060838,13006.3254321,7129.37357929,92.1791185587,268.721657597,1607.02551494,16575.9247414,27474.9531033,42583.398598,1
near_zero_additionality,conditional,3,dac_project_funding,USD,200000,69521060838,4266.61422026,1367.10416384,61.8351192943,139.572161831,487.586417782,3516.58652972,9373.26235319,17355.4719175,1
near_zero_additionality,conditional,3,dac_project_target,USD,200000,69521060838,985835.221076,275192.802618,19551.9011824,35392.5007662,93158.2883363,808946.029481,2134450.75283,3835431.33506,1
near_zero_additionality,conditional,3,dac_required_surcharge,USD_internal_threshold_component,200000,69521060838,119092.294658,16635.1099049,404.005158287,791.186000003,2834.00533524,80689.1872649,262967.921724,501504.625868,1
near_zero_additionality,conditional,3,dac_reserve_cash,USD_reserve_state,200000,69521060838,2159.18057265,2239.06742145,283.073834527,408.59349021,1142.78797918,2503.99695548,2711.19928315,4020.92614524,1
near_zero_additionality,conditional,3,dac_returned_or_cancelled_principal,USD,200000,69521060838,8203.09324341,4669.85656004,0,0,427.428556364,11747.2647228,20368.2754034,25367.0613166,0.81842
near_zero_additionality,conditional,3,dac_surcharge_inflow,USD_internal_transfer,200000,69521060838,536.617968472,108.258327935,1.23670238589,2.79304034643,10.7038207853,406.911774437,1238.50572632,2361.94880583,1
near_zero_additionality,conditional,3,lapsed_dac_projects,projects,200000,69521060838,150.21583585,90.0377138146,15.9203468228,23.6241727294,44.8882123301,179.203641515,331.163948871,476.401254805,1
near_zero_additionality,conditional,3,successful_dac_projects,projects,200000,69521060838,1.84607144269,0.46003282021,0.0275435007887,0.0664596955977,0.193174122757,0.976474724533,1.98847426689,3.56064307399,1
near_zero_additionality,conditional,4,_contributor_choice_principal,USD_pledge_principal,200000,69521060838,677950.92036,17279.0318891,176.266313546,513.249522911,3017.24010874,105691.915526,561099.169415,1496676.80899,1
near_zero_additionality,conditional,4,_gross_threshold,USD,200000,69521060838,1546280.51828,419094.161716,27966.0340313,51277.1331124,138672.254241,1251252.56511,3341513.01424,6042110.7787,1
near_zero_additionality,conditional,4,_mean_pledge,USD_per_contributor,200000,69521060838,122.164837278,75.2484153811,15.0468374797,21.5156244637,38.8507006063,145.820470958,264.108096942,379.62177295,1
near_zero_additionality,conditional,4,_potential_contributors,contributors,200000,69521060838,16976.2427451,3124.31755253,152.114398704,298.659328083,903.612257351,10741.5742949,32692.0264812,63101.165834,1
near_zero_additionality,conditional,4,_potential_pledge_principal,USD_pledge_principal,200000,69521060838,2748473.59,235691.254314,6321.11388229,14039.4526151,53451.4412501,1036830.07478,3943032.85315,8730563.17102,1
near_zero_additionality,conditional,4,_project_target,USD,200000,69521060838,1373704.81625,383465.380697,27244.4524672,49317.4191005,129810.729649,1127219.87715,2974234.65558,5344453.49967,1
near_zero_additionality,conditional,4,_reserve_before,USD_reserve_state,200000,69521060838,2159.18057265,2239.06742145,283.073834527,408.59349021,1142.78797918,2503.99695548,2711.19928315,4020.92614524,1
near_zero_additionality,conditional,4,_reserve_capacity_probability,indicator,200000,69521060838,0.37299,0,0,0,0,1,1,1,0.37299
near_zero_additionality,conditional,4,_reserve_exhaustion_probability,indicator,200000,69521060838,0,0,0,0,0,0,0,0,0
near_zero_additionality,conditional,4,_stress_projected_liability,USD_internal_liability,200000,69521060838,12445.6472705,3327.45021663,57.3255989517,143.09961383,657.538988222,14678.9335373,38688.4651282,57476.5983906,1
near_zero_additionality,conditional,4,_stress_projected_successful_target,USD,200000,69521060838,480796.685689,134212.883244,9535.55836354,17261.0966852,45433.7553771,394526.957001,1040982.12945,1870558.72488,1
near_zero_additionality,conditional,4,_surcharge_rate,proportion,200000,69521060838,0.0893946938142,0.107973200454,0.02,0.02,0.02,0.15,0.15,0.15,1
near_zero_additionality,conditional,4,_willing_pledge,USD_pledge_principal,200000,69521060838,102936.889444,12674.8878802,128.446318332,374.421526299,2230.23787841,73880.4486967,312429.348215,577986.35503,1
near_zero_additionality,conditional,4,dac_bonus_liability_locked,USD_internal_liability,200000,69521060838,879.672890193,391.210559492,6.82296112157,20.0447196009,119.966832495,896.241974087,1764.33638553,3182.385371,1
near_zero_additionality,conditional,4,dac_bonus_liability_released,USD_internal_liability,200000,69521060838,362.598646934,95.5800674125,4.64212189851,10.6149604265,36.4663789873,280.801102439,783.332522797,1483.05987832,1
near_zero_additionality,conditional,4,dac_bonus_paid,USD_internal_transfer,200000,69521060838,517.074243259,245.854954132,0,0,30.2600275229,626.405881859,1072.54923131,1742.42613928,0.81478
near_zero_additionality,conditional,4,dac_capacity_waiting_pledges,USD_pledge_principal,200000,69521060838,86973.0748431,0,0,0,0,51382.0372971,279140.167533,533244.010189,0.37299
near_zero_additionality,conditional,4,dac_free_reserve,USD_reserve_state,200000,69521060838,2407.70297804,2184.33571847,234.110423709,353.486870161,976.556088147,2514.1357394,3271.04550455,5618.55365338,1
near_zero_additionality,conditional,4,dac_funding_lost_to_surcharge,USD,200000,69521060838,21217.794747,195.067671488,0.750065900787,1.99891379791,11.2847272734,4400.0540291,34834.6524516,109855.569852,0.986615
near_zero_additionality,conditional,4,dac_gross_threshold,USD,200000,69521060838,1546280.51828,419094.161716,27966.0340313,51277.1331124,138672.254241,1251252.56511,3341513.01424,6042110.7787,1
near_zero_additionality,conditional,4,dac_incremental_funding_caused_by_bonus,USD,200000,69521060838,12.5410932077,0,0,0,0,2.51419862269,11.45326385,27.1809026829,0.459975
near_zero_additionality,conditional,4,dac_pledge_principal,USD,200000,69521060838,15963.8146004,7163.29724901,128.446318332,374.421526299,2230.23787841,16265.5832976,32010.3957088,57367.9974419,1
near_zero_additionality,conditional,4,dac_project_funding,USD,200000,69521060838,5786.85506474,1596.8838671,86.1636908314,194.4351644,632.425651084,4555.05617974,12426.0294286,23497.5866949,1
near_zero_additionality,conditional,4,dac_project_target,USD,200000,69521060838,1373704.81625,383465.380697,27244.4524672,49317.4191005,129810.729649,1127219.87715,2974234.65558,5344453.49967,1
near_zero_additionality,conditional,4,dac_required_surcharge,USD_internal_threshold_component,200000,69521060838,172575.702024,27656.2186878,581.405649891,1185.54665646,4582.02231739,123156.12182,382426.823649,720279.139535,1
near_zero_additionality,conditional,4,dac_reserve_cash,USD_reserve_state,200000,69521060838,2407.70297804,2184.33571847,234.110423709,353.486870161,976.556088147,2514.1357394,3271.04550455,5618.55365338,1
near_zero_additionality,conditional,4,dac_returned_or_cancelled_principal,USD,200000,69521060838,9411.36288705,4497.48409525,0,0,563.649476434,11393.3717114,19834.8834897,31615.4901521,0.817085
near_zero_additionality,conditional,4,dac_surcharge_inflow,USD_internal_transfer,200000,69521060838,765.596648647,145.078165387,1.72327381663,3.89342510424,15.9338643286,563.386334239,1724.50419827,3311.60235934,1
near_zero_additionality,conditional,4,lapsed_dac_projects,projects,200000,69521060838,209.514248928,125.840803287,21.854635111,32.8254964938,62.6702279281,250.187494757,461.868714986,664.062002666,1
near_zero_additionality,conditional,4,successful_dac_projects,projects,200000,69521060838,2.37529402106,0.588656891698,0.038374670979,0.0922963910193,0.260216217871,1.21396422319,2.39168603006,3.91873628983,1
near_zero_additionality,conditional,5,_contributor_choice_principal,USD_pledge_principal,200000,69521060838,869082.21968,20906.1135916,226.035625612,658.167035284,3838.67865373,134825.43084,718580.213999,1917992.45918,1
near_zero_additionality,conditional,5,_gross_threshold,USD,200000,69521060838,1988318.8925,540811.346463,36140.7651699,66567.8243923,179143.001906,1612220.00832,4301940.66502,7764911.90073,1
near_zero_additionality,conditional,5,_mean_pledge,USD_per_contributor,200000,69521060838,122.164837278,75.2484153811,15.0468374797,21.5156244637,38.8507006063,145.820470958,264.108096942,379.62177295,1
near_zero_additionality,conditional,5,_potential_contributors,contributors,200000,69521060838,21769.5348143,4006.47780266,195.064346573,382.986667777,1158.7498359,13774.48939,41922.7163112,80917.9655989,1
near_zero_additionality,conditional,5,_potential_pledge_principal,USD_pledge_principal,200000,69521060838,3524513.19188,302239.37318,8105.89897846,18003.5333535,68543.6128972,1329582.09589,5056359.77639,11195663.3605,1
near_zero_additionality,conditional,5,_project_target,USD,200000,69521060838,1761574.41143,491737.958776,34937.0037521,63242.3374347,166463.170962,1445493.72481,3814018.55834,6853475.66428,1
near_zero_additionality,conditional,5,_reserve_before,USD_reserve_state,200000,69521060838,2407.70297804,2184.33571847,234.110423709,353.486870161,976.556088147,2514.1357394,3271.04550455,5618.55365338,1
near_zero_additionality,conditional,5,_reserve_capacity_probability,indicator,200000,69521060838,0.412755,0,0,0,0,1,1,1,0.412755
near_zero_additionality,conditional,5,_reserve_exhaustion_probability,indicator,200000,69521060838,0,0,0,0,0,0,0,0,0
near_zero_additionality,conditional,5,_stress_projected_liability,USD_internal_liability,200000,69521060838,15966.232952,4300.29057927,73.5116504204,183.504210676,843.197055485,18823.5735948,49612.2670468,73705.2849951,1
near_zero_additionality,conditional,5,_stress_projected_successful_target,USD,200000,69521060838,616551.044001,172108.285572,12227.9513132,22134.8181021,58262.1098366,505922.803684,1334906.49542,2398716.4825,1
near_zero_additionality,conditional,5,_surcharge_rate,proportion,200000,69521060838,0.0959433071582,0.15,0.02,0.02,0.02,0.15,0.15,0.15,1
near_zero_additionality,conditional,5,_willing_pledge,USD_pledge_principal,200000,69521060838,131808.77591,15350.1474619,164.713514104,480.116156514,2832.00497082,94663.5815838,400509.284022,741182.677954,1
near_zero_additionality,conditional,5,dac_bonus_liability_locked,USD_internal_liability,200000,69521060838,1087.56030098,407.185421329,8.74944426178,25.7018879346,139.253467965,917.067655407,2274.77854354,4241.25408024,1
near_zero_additionality,conditional,5,dac_bonus_liability_released,USD_internal_liability,200000,69521060838,462.460290646,115.097062666,5.95283866985,13.6051289955,41.458579275,353.115504639,991.770612443,1893.66264146,1
near_zero_additionality,conditional,5,dac_bonus_paid,USD_internal_transfer,200000,69521060838,625.100010331,246.712581859,0,0,36.72798976,625.579449816,1305.12117987,2365.71843731,0.812675
near_zero_additionality,conditional,5,dac_capacity_waiting_pledges,USD_pledge_principal,200000,69521060838,112098.242896,0,0,0,0,66381.3951672,357089.279565,679141.217215,0.412755
near_zero_additionality,conditional,5,dac_free_reserve,USD_reserve_state,200000,69521060838,2783.43299113,2168.62068848,208.946674265,335.761864244,917.737962795,2540.65030966,4131.90388187,7545.08152503,1
near_zero_additionality,conditional,5,dac_funding_lost_to_surcharge,USD,200000,69521060838,27256.0235563,324.427247226,0.969696074695,2.59826820046,16.812159328,5714.86687754,44511.3189435,141371.00071,0.986625
near_zero_additionality,conditional,5,dac_gross_threshold,USD,200000,69521060838,1988318.8925,540811.346463,36140.7651699,66567.8243923,179143.001906,1612220.00832,4301940.66502,7764911.90073,1
near_zero_additionality,conditional,5,dac_incremental_funding_caused_by_bonus,USD,200000,69521060838,15.4336314909,0,0,0,0,2.24327922595,11.3289650262,32.4542450609,0.42763
near_zero_additionality,conditional,5,dac_pledge_principal,USD,200000,69521060838,19710.533014,7437.31302722,164.713514104,480.116156514,2549.30610169,16779.890694,41175.0633211,76955.7004274,1
near_zero_additionality,conditional,5,dac_project_funding,USD,200000,69521060838,7355.31550362,1917.11681253,110.49226236,249.158201092,713.256847793,5686.60094514,15685.3347319,29943.659731,1
near_zero_additionality,conditional,5,dac_project_target,USD,200000,69521060838,1761574.41143,491737.958776,34937.0037521,63242.3374347,166463.170962,1445493.72481,3814018.55834,6853475.66428,1
near_zero_additionality,conditional,5,dac_required_surcharge,USD_internal_threshold_component,200000,69521060838,226744.481071,40367.4768115,788.305239809,1661.51933037,7001.85510916,166808.219797,501313.041225,937852.556683,1
near_zero_additionality,conditional,5,dac_reserve_cash,USD_reserve_state,200000,69521060838,2783.43299113,2168.62068848,208.946674265,335.761864244,917.737962795,2540.65030966,4131.90388187,7545.08152503,1
near_zero_additionality,conditional,5,dac_returned_or_cancelled_principal,USD,200000,69521060838,11354.387487,4518.30355513,0,0,682.78553421,11403.5065508,23662.0298628,42784.2032439,0.815515
near_zero_additionality,conditional,5,dac_surcharge_inflow,USD_internal_transfer,200000,69521060838,1000.83002342,182.556814092,2.2098452472,5.01622493311,22.73955411,739.918369956,2231.25507678,4290.67830031,1
near_zero_additionality,conditional,5,lapsed_dac_projects,projects,200000,69521060838,268.780223148,161.553887895,27.9295471231,42.1058978955,80.4647601183,320.970152103,592.504403123,851.765070438,1
near_zero_additionality,conditional,5,successful_dac_projects,projects,200000,69521060838,2.93695545752,0.711899147559,0.0491816358036,0.117846308347,0.3208033202,1.46319364558,2.86695931238,4.56138684876,1
near_zero_additionality,probability_weighted,1,_contributor_choice_principal,USD_pledge_principal,200000,69531060857,59285.9900161,960.878691901,3.3969505875,12.5723261252,103.29733064,7734.7653364,44975.5411233,125170.923327,1
near_zero_additionality,probability_weighted,1,_gross_threshold,USD,200000,69531060857,132030.09935,26188.4777478,873.244620714,1953.55496463,6942.2490026,92788.4602896,277218.344866,525909.379363,1
near_zero_additionality,probability_weighted,1,_mean_pledge,USD_per_contributor,200000,69531060857,121.433297592,75.0964338356,14.7931182863,21.1309137781,38.5313678496,144.94764939,264.167708395,377.874166351,1
near_zero_additionality,probability_weighted,1,_potential_contributors,contributors,200000,69531060857,1586.70425219,181.303695106,2.9307112179,7.77656074352,36.5177001817,807.969916224,2875.27339159,6014.04091733,1
near_zero_additionality,probability_weighted,1,_potential_pledge_principal,USD_pledge_principal,200000,69531060857,245948.04096,13289.8820411,137.554081649,401.68620896,2189.9437677,73626.8745131,323894.029746,765217.502552,1
near_zero_additionality,probability_weighted,1,_project_target,USD,200000,69531060857,123067.036419,25309.3124187,849.373989066,1899.61703627,6739.5822881,88422.3411435,260657.886652,490691.562874,1
near_zero_additionality,probability_weighted,1,_reserve_before,USD_reserve_state,200000,69531060857,2500,2500,2500,2500,2500,2500,2500,2500,1
near_zero_additionality,probability_weighted,1,_reserve_capacity_probability,indicator,200000,69531060857,0.05193,0,0,0,0,0,0,1,0.05193
near_zero_additionality,probability_weighted,1,_reserve_exhaustion_probability,indicator,200000,69531060857,0,0,0,0,0,0,0,0,0
near_zero_additionality,probability_weighted,1,_stress_projected_liability,USD_internal_liability,200000,69531060857,935.819865289,89.0612362142,0,0,3.42757836057,704.058717063,2852.7244119,5228.94906324,0.82059
near_zero_additionality,probability_weighted,1,_stress_projected_successful_target,USD,200000,69531060857,43073.4627468,8858.25934656,297.280896173,664.865962696,2358.85380083,30947.8194002,91230.2603281,171742.047006,1
near_zero_additionality,probability_weighted,1,_surcharge_rate,proportion,200000,69531060857,0.0416119225989,0.0294249797794,0.028,0.028,0.0280548412538,0.039264939473,0.0736435905904,0.111663185012,1
near_zero_additionality,probability_weighted,1,_willing_pledge,USD_pledge_principal,200000,69531060857,8236.2545235,309.688714664,0,0,7.27462798569,3567.64298134,20572.6261001,46808.4548378,0.82059
near_zero_additionality,probability_weighted,1,dac_bonus_liability_locked,USD_internal_liability,200000,69531060857,307.71333004,16.7130720777,0,0,0.390518631022,195.439129183,1136.09634563,2500,0.82059
near_zero_additionality,probability_weighted,1,dac_bonus_liability_released,USD_internal_liability,200000,69531060857,58.1173906982,4.46812162073,0,0,0.239136575416,31.0592279574,161.958070244,268.85452938,0.82059
near_zero_additionality,probability_weighted,1,dac_bonus_paid,USD_internal_transfer,200000,69531060857,249.595939341,7.96679556159,0,0,0,152.638214899,857.026029544,1903.23286701,0.644035
near_zero_additionality,probability_weighted,1,dac_capacity_waiting_pledges,USD_pledge_principal,200000,69531060857,2689.49628725,0,0,0,0,0,0,1883.64943881,0.05193
near_zero_additionality,probability_weighted,1,dac_free_reserve,USD_reserve_state,200000,69531060857,2329.8417963,2497.25887599,1129.74964692,1883.84586124,2400.5657684,2500,2501.86212071,2510.3245624,1
near_zero_additionality,probability_weighted,1,dac_funding_lost_to_surcharge,USD,200000,69531060857,1140.33755491,1.51777500026,0,0,0.0380270310807,22.316509767,381.935416753,2422.29960133,0.7908
near_zero_additionality,probability_weighted,1,dac_gross_threshold,USD,200000,69531060857,132030.09935,26188.4777478,873.244620714,1953.55496463,6942.2490026,92788.4602896,277218.344866,525909.379363,1
near_zero_additionality,probability_weighted,1,dac_incremental_funding_caused_by_bonus,USD,200000,69531060857,7.62864515618,0.0160491427139,0,0,0,0.766240991958,6.82985193683,21.2149705597,0.56589
near_zero_additionality,probability_weighted,1,dac_pledge_principal,USD,200000,69531060857,5546.75823626,309.688714664,0,0,7.27462798569,3567.64298134,20572.6261001,41918.175721,0.82059
near_zero_additionality,probability_weighted,1,dac_project_funding,USD,200000,69531060857,969.43429985,79.828233581,0,0,4.3344627522,543.250382948,2553.73537185,4423.21159861,0.82059
near_zero_additionality,probability_weighted,1,dac_project_target,USD,200000,69531060857,123067.036419,25309.3124187,849.373989066,1899.61703627,6739.5822881,88422.3411435,260657.886652,490691.562874,1
near_zero_additionality,probability_weighted,1,dac_required_surcharge,USD_internal_threshold_component,200000,69531060857,8963.0629302,837.884677757,23.9753712885,54.1384340715,199.893687633,3647.11876537,14975.7077396,34474.9287253,1
near_zero_additionality,probability_weighted,1,dac_reserve_cash,USD_reserve_state,200000,69531060857,2329.8417963,2497.25887599,1129.74964692,1883.84586124,2400.5657684,2500,2501.86212071,2510.3245624,1
near_zero_additionality,probability_weighted,1,dac_returned_or_cancelled_principal,USD,200000,69531060857,4497.88620077,146.554173393,0,0,0,2785.44642051,15520.7251053,33882.3800014,0.64411
near_zero_additionality,probability_weighted,1,dac_surcharge_inflow,USD_internal_transfer,200000,69531060857,79.4377356373,2.41068364754,0,0,0.121867259423,22.3993756396,205.107243548,432.260419581,0.82059
near_zero_additionality,probability_weighted,1,lapsed_dac_projects,projects,200000,69531060857,18.6249311042,8.44395022982,0.468054582402,0.978969056758,2.96875236829,21.0809640836,44.853301752,69.1487467361,1
near_zero_additionality,probability_weighted,1,successful_dac_projects,projects,200000,69531060857,0.580559095778,0.0281990704118,0,0,0.00175457406474,0.138392361531,0.60594187751,1.8038442269,0.82059
near_zero_additionality,probability_weighted,2,_contributor_choice_principal,USD_pledge_principal,200000,69531060857,167716.131527,2797.05453889,9.86328370655,36.6185863175,300.133228051,20734.6412765,125650.675885,357302.592482,1
near_zero_additionality,probability_weighted,2,_gross_threshold,USD,200000,69531060857,382225.693469,74889.2130791,2465.79802672,5514.73438069,19617.729528,268009.386527,804213.043859,1529243.73234,1
near_zero_additionality,probability_weighted,2,_mean_pledge,USD_per_contributor,200000,69531060857,121.433297592,75.0964338356,14.7931182863,21.1309137781,38.5313678496,144.94764939,264.167708395,377.874166351,1
near_zero_additionality,probability_weighted,2,_potential_contributors,contributors,200000,69531060857,4516.00441007,516.018209148,8.34125500479,22.13328827,103.934992825,2299.60668464,8183.4704222,17116.8856878,1
near_zero_additionality,probability_weighted,2,_potential_pledge_principal,USD_pledge_principal,200000,69531060857,700005.962734,37825.0488862,391.50007854,1143.26074858,6232.91687729,209553.412076,921852.238507,2177926.73803,1
near_zero_additionality,probability_weighted,2,_project_target,USD,200000,69531060857,350267.71904,72034.1968841,2417.4490458,5406.60233401,19181.8880507,251663.586332,741872.446624,1396583.67895,1
near_zero_additionality,probability_weighted,2,_reserve_before,USD_reserve_state,200000,69531060857,2329.8417963,2497.25887599,1129.74964692,1883.84586124,2400.5657684,2500,2501.86212071,2510.3245624,1
near_zero_additionality,probability_weighted,2,_reserve_capacity_probability,indicator,200000,69531060857,0.12715,0,0,0,0,0,1,1,0.12715
near_zero_additionality,probability_weighted,2,_reserve_exhaustion_probability,indicator,200000,69531060857,0,0,0,0,0,0,0,0,0
near_zero_additionality,probability_weighted,2,_stress_projected_liability,USD_internal_liability,200000,69531060857,2680.5795089,253.069174688,0,0,9.75265060766,1999.10081624,8165.79494544,15052.0689817,0.82059
near_zero_additionality,probability_weighted,2,_stress_projected_successful_target,USD,200000,69531060857,122593.701664,25211.9689094,846.107166031,1892.3108169,6713.66081776,88082.255216,259655.356319,488804.287632,1
near_zero_additionality,probability_weighted,2,_surcharge_rate,proportion,200000,69531060857,0.0471389494184,0.02,0.02,0.02,0.02,0.0511258406793,0.15,0.15,1
near_zero_additionality,probability_weighted,2,_willing_pledge,USD_pledge_principal,200000,69531060857,22976.8238181,902.914851191,0,0,21.1765677953,9718.98913595,54145.8096553,132702.910836,0.82059
near_zero_additionality,probability_weighted,2,dac_bonus_liability_locked,USD_internal_liability,200000,69531060857,378.248661761,48.8177148478,0,0,1.13525277562,501.989476785,1336.97831965,1757.55157036,0.82059
near_zero_additionality,probability_weighted,2,dac_bonus_liability_released,USD_internal_liability,200000,69531060857,100.577867166,12.8081573619,0,0,0.686844305772,85.3763396889,222.137033357,455.759389778,0.82059
near_zero_additionality,probability_weighted,2,dac_bonus_paid,USD_internal_transfer,200000,69531060857,277.670794595,22.9581066757,0,0,0,327.153505309,1025.99136932,1453.05672816,0.645295
near_zero_additionality,probability_weighted,2,dac_capacity_waiting_pledges,USD_pledge_principal,200000,69531060857,16113.3016012,0,0,0,0,0,20585.1368484,108770.720648,0.12715
near_zero_additionality,probability_weighted,2,dac_free_reserve,USD_reserve_state,200000,69531060857,2225.15369503,2489.72062424,502.845132691,1018.80522108,2171.70567311,2500,2506.41814232,2548.23031754,1
near_zero_additionality,probability_weighted,2,dac_funding_lost_to_surcharge,USD,200000,69531060857,4459.16014789,3.3131138393,0,0,0.102840737209,84.2180493543,3562.24907121,15948.4601995,0.79972
near_zero_additionality,probability_weighted,2,dac_gross_threshold,USD,200000,69531060857,382225.693469,74889.2130791,2465.79802672,5514.73438069,19617.729528,268009.386527,804213.043859,1529243.73234,1
near_zero_additionality,probability_weighted,2,dac_incremental_funding_caused_by_bonus,USD,200000,69531060857,6.57732841833,0.00568409510251,0,0,0,1.1816426666,8.15576196122,19.7222589784,0.51753
near_zero_additionality,probability_weighted,2,dac_pledge_principal,USD,200000,69531060857,6863.52221693,902.914851191,0,0,21.1765677953,8951.87583995,24042.2862758,31653.4748482,0.82059
near_zero_additionality,probability_weighted,2,dac_project_funding,USD,200000,69531060857,1644.77276635,230.90269877,0,0,12.5603139407,1402.35272855,3622.96835751,7406.66592608,0.82059
near_zero_additionality,probability_weighted,2,dac_project_target,USD,200000,69531060857,350267.71904,72034.1968841,2417.4490458,5406.60233401,19181.8880507,251663.586332,741872.446624,1396583.67895,1
near_zero_additionality,probability_weighted,2,dac_required_surcharge,USD_internal_threshold_component,200000,69531060857,31957.974429,1928.3414825,48.3489809161,108.149169565,405.944170584,11860.5331738,59100.8854489,134539.530879,1
near_zero_additionality,probability_weighted,2,dac_reserve_cash,USD_reserve_state,200000,69531060857,2225.15369503,2489.72062424,502.845132691,1018.80522108,2171.70567311,2500,2506.41814232,2548.23031754,1
near_zero_additionality,probability_weighted,2,dac_returned_or_cancelled_principal,USD,200000,69531060857,5045.76675725,422.370496795,0,0,0,5917.19935022,18521.1608692,26095.9596008,0.645755
near_zero_additionality,probability_weighted,2,dac_surcharge_inflow,USD_internal_transfer,200000,69531060857,172.982693332,4.81268153184,0,0,0.251206278813,78.5108332773,395.620469379,828.605516298,0.82059
near_zero_additionality,probability_weighted,2,lapsed_dac_projects,projects,200000,69531060857,53.7556133487,24.5127209721,1.365244672,2.84946824289,8.61125704366,61.2223795589,129.493981011,198.985449482,1
near_zero_additionality,probability_weighted,2,successful_dac_projects,projects,200000,69531060857,0.906166451195,0.0809565745038,0,0,0.00510193678048,0.347332226494,1.00739970499,2.23958911873,0.82059
near_zero_additionality,probability_weighted,3,_contributor_choice_principal,USD_pledge_principal,200000,69531060857,271506.914683,4584.21811339,16.2611025631,60.3711828478,494.838674866,31731.6197461,199539.513511,567107.078005,1
near_zero_additionality,probability_weighted,3,_gross_threshold,USD,200000,69531060857,634557.673024,125021.237275,4065.23458459,9091.85938439,32421.6777685,446810.277661,1337030.34047,2541403.22966,1
near_zero_additionality,probability_weighted,3,_mean_pledge,USD_per_contributor,200000,69531060857,121.433297592,75.0964338356,14.7931182863,21.1309137781,38.5313678496,144.94764939,264.167708395,377.874166351,1
near_zero_additionality,probability_weighted,3,_potential_contributors,contributors,200000,69531060857,7445.30456795,850.73272319,13.7517987917,36.4900157965,171.352285468,3791.24345305,13491.6674528,28219.7304582,1
near_zero_additionality,probability_weighted,3,_potential_pledge_principal,USD_pledge_principal,200000,69531060857,1154063.88451,62360.2157313,645.446075431,1884.8352882,10275.8899869,345479.949638,1519810.44727,3590635.97351,1
near_zero_additionality,probability_weighted,3,_project_target,USD,200000,69531060857,577468.40166,118759.081349,3985.52410254,8913.58763175,31624.1938134,414904.83152,1223087.0066,2302475.79502,1
near_zero_additionality,probability_weighted,3,_reserve_before,USD_reserve_state,200000,69531060857,2225.15369503,2489.72062424,502.845132691,1018.80522108,2171.70567311,2500,2506.41814232,2548.23031754,1
near_zero_additionality,probability_weighted,3,_reserve_capacity_probability,indicator,200000,69531060857,0.178375,0,0,0,0,0,1,1,0.178375
near_zero_additionality,probability_weighted,3,_reserve_exhaustion_probability,indicator,200000,69531060857,0,0,0,0,0,0,0,0,0
near_zero_additionality,probability_weighted,3,_stress_projected_liability,USD_internal_liability,200000,69531060857,4444.13757176,417.009541363,0,0,16.0782086403,3304.63087463,13664.9037219,24974.9985716,0.82059
near_zero_additionality,probability_weighted,3,_stress_projected_successful_target,USD,200000,69531060857,202113.940581,41565.6784723,1394.93343589,3119.75567111,11068.4678347,145216.691032,428080.452309,805866.528258,1
near_zero_additionality,probability_weighted,3,_surcharge_rate,proportion,200000,69531060857,0.0549570211566,0.02,0.02,0.02,0.02,0.0942271130784,0.15,0.15,1
near_zero_additionality,probability_weighted,3,_willing_pledge,USD_pledge_principal,200000,69531060857,37398.0632453,1487.07572224,0,0,34.9127908433,14674.8118529,88494.3952111,215784.609107,0.82059
near_zero_additionality,probability_weighted,3,dac_bonus_liability_locked,USD_internal_liability,200000,69531060857,419.953997316,80.3714271689,0,0,1.8716330087,511.143891348,1162.89515375,1562.0276838,0.82059
near_zero_additionality,probability_weighted,3,dac_bonus_liability_released,USD_internal_liability,200000,69531060857,143.464895267,21.0801930406,0,0,1.13238999426,96.6659116778,303.132885931,619.386849664,0.82059
near_zero_additionality,probability_weighted,3,dac_bonus_paid,USD_internal_transfer,200000,69531060857,276.489102049,38.0312325091,0,0,0,357.436752599,885.11318891,1172.44735491,0.645575
near_zero_additionality,probability_weighted,3,dac_capacity_waiting_pledges,USD_pledge_principal,200000,69531060857,29770.8886446,0,0,0,0,0,67769.2264576,189938.460734,0.178375
near_zero_additionality,probability_weighted,3,dac_free_reserve,USD_reserve_state,200000,69531060857,2221.78263675,2482.58769678,345.359280657,663.752693311,1909.0007682,2500.01986394,2519.13535587,2730.25964499,1
near_zero_additionality,probability_weighted,3,dac_funding_lost_to_surcharge,USD,200000,69531060857,7647.17120298,5.82475252383,0,0,0.197028704894,223.404870823,7188.12772452,28234.5854316,0.80458
near_zero_additionality,probability_weighted,3,dac_gross_threshold,USD,200000,69531060857,634557.673024,125021.237275,4065.23458459,9091.85938439,32421.6777685,446810.277661,1337030.34047,2541403.22966,1
near_zero_additionality,probability_weighted,3,dac_incremental_funding_caused_by_bonus,USD,200000,69531060857,6.70717071209,0,0,0,0,1.18291217821,7.63331602315,17.1496880466,0.479685
near_zero_additionality,probability_weighted,3,dac_pledge_principal,USD,200000,69531060857,7627.17460079,1487.07572224,0,0,34.9127908433,9296.01684771,21054.1975992,28846.7246582,0.82059
near_zero_additionality,probability_weighted,3,dac_project_funding,USD,200000,69531060857,2320.39433493,379.368978505,0,0,20.7084632439,1607.32002992,4907.84897882,9974.75620556,0.82059
near_zero_additionality,probability_weighted,3,dac_project_target,USD,200000,69531060857,577468.40166,118759.081349,3985.52410254,8913.58763175,31624.1938134,414904.83152,1223087.0066,2302475.79502,1
near_zero_additionality,probability_weighted,3,dac_required_surcharge,USD_internal_threshold_component,200000,69531060857,57089.2713637,3493.01268007,79.7104820508,178.271752635,677.183985528,24420.6082706,112435.2809,243886.707782,1
near_zero_additionality,probability_weighted,3,dac_reserve_cash,USD_reserve_state,200000,69531060857,2221.78263675,2482.58769678,345.359280657,663.752693311,1909.0007682,2500.01986394,2519.13535587,2730.25964499,1
near_zero_additionality,probability_weighted,3,dac_returned_or_cancelled_principal,USD,200000,69531060857,5033.6622221,699.894126943,0,0,0,6514.90625079,16028.2318095,21297.4972065,0.64635
near_zero_additionality,probability_weighted,3,dac_surcharge_inflow,USD_internal_transfer,200000,69531060857,273.118043765,7.96138388916,0,0,0.414169264878,155.377516686,579.244147799,1246.30025474,0.82059
near_zero_additionality,probability_weighted,3,lapsed_dac_projects,projects,200000,69531060857,88.9793315845,40.682374929,2.28069780149,4.7229998617,14.2453820393,101.63216891,214.365560749,328.682632742,1
near_zero_additionality,probability_weighted,3,successful_dac_projects,projects,200000,69531060857,1.13873781546,0.131307196054,0,0,0.00841164937605,0.491983282892,1.24953257398,2.40240720829,0.82059
near_zero_additionality,probability_weighted,4,_contributor_choice_principal,USD_pledge_principal,200000,69531060857,376794.891396,6287.80734373,22.6589134083,84.1237793781,689.490725961,43489.7848298,274706.90788,783735.238825,1
near_zero_additionality,probability_weighted,4,_gross_threshold,USD,200000,69531060857,887726.616868,175540.230371,5664.67114247,12668.9843881,45388.0640806,626555.226345,1871645.64556,3549415.52376,1
near_zero_additionality,probability_weighted,4,_mean_pledge,USD_per_contributor,200000,69531060857,121.433297592,75.0964338356,14.7931182863,21.1309137781,38.5313678496,144.94764939,264.167708395,377.874166351,1
near_zero_additionality,probability_weighted,4,_potential_contributors,contributors,200000,69531060857,10374.6047258,1185.44723723,19.1623425786,50.846743323,238.769578111,5282.88022147,18799.8644834,39322.5752287,1
near_zero_additionality,probability_weighted,4,_potential_pledge_principal,USD_pledge_principal,200000,69531060857,1608121.80628,86895.3825764,899.392072322,2626.40982782,14318.8630965,481406.487201,2117768.65603,5003345.20899,1
near_zero_additionality,probability_weighted,4,_project_target,USD,200000,69531060857,804669.08428,165483.965815,5553.59915928,12420.5729295,44066.499576,578146.076708,1704301.56657,3208367.9111,1
near_zero_additionality,probability_weighted,4,_reserve_before,USD_reserve_state,200000,69531060857,2221.78263675,2482.58769678,345.359280657,663.752693311,1909.0007682,2500.01986394,2519.13535587,2730.25964499,1
near_zero_additionality,probability_weighted,4,_reserve_capacity_probability,indicator,200000,69531060857,0.21423,0,0,0,0,0,1,1,0.21423
near_zero_additionality,probability_weighted,4,_reserve_exhaustion_probability,indicator,200000,69531060857,0,0,0,0,0,0,0,0,0
near_zero_additionality,probability_weighted,4,_stress_projected_liability,USD_internal_liability,200000,69531060857,6203.10408617,581.078869113,0,0,22.4040612201,4639.79131895,19053.4153245,34801.2275178,0.82059
near_zero_additionality,probability_weighted,4,_stress_projected_successful_target,USD,200000,69531060857,281634.179498,57919.3880352,1943.75970575,4347.20052532,15423.2748516,202351.126848,596505.548299,1122928.76888,1
near_zero_additionality,probability_weighted,4,_surcharge_rate,proportion,200000,69531060857,0.0609605076174,0.02,0.02,0.02,0.02,0.15,0.15,0.15,1
near_zero_additionality,probability_weighted,4,_willing_pledge,USD_pledge_principal,200000,69531060857,51868.2228514,2065.41555789,0,0,48.648970858,19130.9826152,122881.898857,299620.893244,0.82059
near_zero_additionality,probability_weighted,4,dac_bonus_liability_locked,USD_internal_liability,200000,69531060857,497.132080643,111.658727074,0,0,2.60801320884,518.352783237,1097.05512793,1835.97273953,0.82059
near_zero_additionality,probability_weighted,4,dac_bonus_liability_released,USD_internal_liability,200000,69531060857,193.778778891,29.213860416,0,0,1.5779205567,115.29353289,391.36243829,809.693240957,0.82059
near_zero_additionality,probability_weighted,4,dac_bonus_paid,USD_internal_transfer,200000,69531060857,303.353301752,51.789448483,0,0,0,357.955661857,814.736827976,1099.26883643,0.64462
near_zero_additionality,probability_weighted,4,dac_capacity_waiting_pledges,USD_pledge_principal,200000,69531060857,42846.3491094,0,0,0,0,0,98311.1540177,268546.214658,0.21423
near_zero_additionality,probability_weighted,4,dac_free_reserve,USD_reserve_state,200000,69531060857,2309.69432304,2479.59294601,277.224936267,518.641379152,1691.00474021,2500.21406241,2552.28410258,3316.9290204,1
near_zero_additionality,probability_weighted,4,dac_funding_lost_to_surcharge,USD,200000,69531060857,10736.9880735,8.67277815573,0,0,0.285257751087,450.191496197,10186.0650722,39140.5054809,0.80576
near_zero_additionality,probability_weighted,4,dac_gross_threshold,USD,200000,69531060857,887726.616868,175540.230371,5664.67114247,12668.9843881,45388.0640806,626555.226345,1871645.64556,3549415.52376,1
near_zero_additionality,probability_weighted,4,dac_incremental_funding_caused_by_bonus,USD,200000,69531060857,8.29944811497,0,0,0,0,1.11794676627,7.22765583022,16.2559035491,0.450735
near_zero_additionality,probability_weighted,4,dac_pledge_principal,USD,200000,69531060857,9021.87374199,2065.41555789,0,0,48.648970858,9448.84462421,20014.383851,33337.356219,0.82059
near_zero_additionality,probability_weighted,4,dac_project_funding,USD,200000,69531060857,3112.35310363,517.874802457,0,0,28.856064844,1913.93737425,6297.7436099,12963.8045723,0.82059
near_zero_additionality,probability_weighted,4,dac_project_target,USD,200000,69531060857,804669.08428,165483.965815,5553.59915928,12420.5729295,44066.499576,578146.076708,1704301.56657,3208367.9111,1
near_zero_additionality,probability_weighted,4,dac_required_surcharge,USD_internal_threshold_component,200000,69531060857,83057.5325877,5576.74081081,111.071983186,248.543619025,983.422652864,39032.7900609,168415.381867,354185.927797,1
near_zero_additionality,probability_weighted,4,dac_reserve_cash,USD_reserve_state,200000,69531060857,2309.69432304,2479.59294601,277.224936267,518.641379152,1691.00474021,2500.21406241,2552.28410258,3316.9290204,1
near_zero_additionality,probability_weighted,4,dac_returned_or_cancelled_principal,USD,200000,69531060857,5518.25565032,955.540915917,0,0,0,6525.01912573,14805.3009869,20466.3178811,0.645735
near_zero_additionality,probability_weighted,4,dac_surcharge_inflow,USD_internal_transfer,200000,69531060857,391.264988042,11.6241468456,0,0,0.577121296881,187.434149579,794.360121871,1716.35329711,0.82059
near_zero_additionality,probability_weighted,4,lapsed_dac_projects,projects,200000,69531060857,124.10819027,56.7741797113,3.09319646018,6.48624846461,19.7768890985,141.912841828,299.107941041,458.377416984,1
near_zero_additionality,probability_weighted,4,successful_dac_projects,projects,200000,69531060857,1.4661687303,0.177528020082,0,0,0.0117211515593,0.611792912122,1.47941783352,2.68493958587,0.82059
near_zero_additionality,probability_weighted,5,_contributor_choice_principal,USD_pledge_principal,200000,69531060857,482700.895636,7827.63811903,29.056724253,107.876375908,884.114198142,55311.1852844,351683.906955,1003588.6781,1
near_zero_additionality,probability_weighted,5,_gross_threshold,USD,200000,69531060857,1141300.67798,226582.308185,7264.10770034,16249.7090609,58672.9032834,807599.68803,2408492.71088,4568898.74423,1
near_zero_additionality,probability_weighted,5,_mean_pledge,USD_per_contributor,200000,69531060857,121.433297592,75.0964338356,14.7931182863,21.1309137781,38.5313678496,144.94764939,264.167708395,377.874166351,1
near_zero_additionality,probability_weighted,5,_potential_contributors,contributors,200000,69531060857,13303.9048837,1520.16175127,24.5728863655,65.2034708495,306.186870754,6774.51698988,24108.0615141,50425.4199991,1
near_zero_additionality,probability_weighted,5,_potential_pledge_principal,USD_pledge_principal,200000,69531060857,2062179.72805,111430.549422,1153.33806921,3367.98436743,18361.8362061,617333.024763,2715726.86479,6416054.44447,1
near_zero_additionality,probability_weighted,5,_project_target,USD,200000,69531060857,1031869.7669,212208.85028,7121.67421602,15927.5582272,56508.8053387,741387.321896,2185516.12654,4114260.02717,1
near_zero_additionality,probability_weighted,5,_reserve_before,USD_reserve_state,200000,69531060857,2309.69432304,2479.59294601,277.224936267,518.641379152,1691.00474021,2500.21406241,2552.28410258,3316.9290204,1
near_zero_additionality,probability_weighted,5,_reserve_capacity_probability,indicator,200000,69531060857,0.242645,0,0,0,0,0,1,1,0.242645
near_zero_additionality,probability_weighted,5,_reserve_exhaustion_probability,indicator,200000,69531060857,0,0,0,0,0,0,0,0,0
near_zero_additionality,probability_weighted,5,_stress_projected_liability,USD_internal_liability,200000,69531060857,7959.6132681,745.148196862,0,0,28.7299137999,5989.31554369,24433.2031808,44627.456464,0.82059
near_zero_additionality,probability_weighted,5,_stress_projected_successful_target,USD,200000,69531060857,361154.418415,74273.0975981,2492.58597561,5574.64537953,19778.0818685,259485.562663,764930.64429,1439991.00951,1
near_zero_additionality,probability_weighted,5,_surcharge_rate,proportion,200000,69531060857,0.0659132674986,0.02,0.02,0.02,0.02,0.15,0.15,0.15,1
near_zero_additionality,probability_weighted,5,_willing_pledge,USD_pledge_principal,200000,69531060857,66369.0092832,2632.27274817,0,0,62.385150865,24180.7914264,157599.248,384096.776113,0.82059
near_zero_additionality,probability_weighted,5,dac_bonus_liability_locked,USD_internal_liability,200000,69531060857,597.155607179,133.861557826,0,0,3.34439340898,528.310321229,1180.20591276,2319.99604252,0.82059
near_zero_additionality,probability_weighted,5,dac_bonus_liability_released,USD_internal_liability,200000,69531060857,246.194724389,34.4071553251,0,0,2.023451067,139.085846396,489.114096699,1019.75823379,0.82059
near_zero_additionality,probability_weighted,5,dac_bonus_paid,USD_internal_transfer,200000,69531060857,350.96088279,64.8429601843,0,0,0,359.603431216,789.036307226,1310.47807991,0.643475
near_zero_additionality,probability_weighted,5,dac_capacity_waiting_pledges,USD_pledge_principal,200000,69531060857,55542.933144,0,0,0,0,0,125997.012879,343771.536074,0.242645
near_zero_additionality,probability_weighted,5,dac_free_reserve,USD_reserve_state,200000,69531060857,2473.07937342,2481.51693856,241.921414456,453.17305436,1541.5605493,2500.87626438,2643.08579573,4214.13701055,1
near_zero_additionality,probability_weighted,5,dac_funding_lost_to_surcharge,USD,200000,69531060857,13806.2648322,12.29458094,0,0,0.368185876015,785.536907444,13060.0836772,49732.1436666,0.805995
near_zero_additionality,probability_weighted,5,dac_gross_threshold,USD,200000,69531060857,1141300.67798,226582.308185,7264.10770034,16249.7090609,58672.9032834,807599.68803,2408492.71088,4568898.74423,1
near_zero_additionality,probability_weighted,5,dac_incremental_funding_caused_by_bonus,USD,200000,69531060857,9.94769266402,0,0,0,0,1.0295468684,6.93450135252,16.2568364587,0.427415
near_zero_additionality,probability_weighted,5,dac_pledge_principal,USD,200000,69531060857,10826.0761392,2444.20466079,0,0,62.385150865,9628.86308375,21466.1933769,41958.1897759,0.82059
near_zero_additionality,probability_weighted,5,dac_project_funding,USD,200000,69531060857,3936.93660869,595.777488723,0,0,37.0036596628,2299.73814929,7835.19632672,16255.553758,0.82059
near_zero_additionality,probability_weighted,5,dac_project_target,USD,200000,69531060857,1031869.7669,212208.85028,7121.67421602,15927.5582272,56508.8053387,741387.321896,2185516.12654,4114260.02717,1
near_zero_additionality,probability_weighted,5,dac_required_surcharge,USD_internal_threshold_component,200000,69531060857,109430.911081,8239.99060101,142.43348432,320.441322687,1332.81585392,55016.6198889,224595.205058,464382.454086,1
near_zero_additionality,probability_weighted,5,dac_reserve_cash,USD_reserve_state,200000,69531060857,2473.07937342,2481.51693856,241.921414456,453.17305436,1541.5605493,2500.87626438,2643.08579573,4214.13701055,1
near_zero_additionality,probability_weighted,5,dac_returned_or_cancelled_principal,USD,200000,69531060857,6374.79359736,1192.9259273,0,0,0,6561.46673477,14394.1034648,23806.8574974,0.64484
near_zero_additionality,probability_weighted,5,dac_surcharge_inflow,USD_internal_transfer,200000,69531060857,514.345933173,16.2242150968,0,0,0.740073193255,236.211605081,1033.97984706,2233.06503927,0.82059
near_zero_additionality,probability_weighted,5,lapsed_dac_projects,projects,200000,69531060857,159.22244889,72.862215254,3.93252475129,8.29321227129,25.3637769069,182.152376203,383.842485584,587.815655358,1
near_zero_additionality,probability_weighted,5,successful_dac_projects,projects,200000,69531060857,1.80819970988,0.219357269762,0,0,0.0150306531777,0.725666632426,1.73653355603,3.08064867986,0.82059
voluntary_pools,conditional,1,_contributor_choice_principal,USD_pledge_principal,200000,69521160841,81251.1231374,1617.99871364,0,9.19740897894,167.228817587,12471.1761617,72232.3442628,196434.416439,0.93617
voluntary_pools,conditional,1,_gross_threshold,USD,200000,69521160841,192156.6337,53092.2670752,3771.75482605,6772.20794336,17828.228331,155064.326058,411557.227838,741312.234396,1
voluntary_pools,conditional,1,_mean_pledge,USD_per_contributor,200000,69521160841,121.913133443,75.1976847375,14.9557980899,21.3846268172,38.7574630298,146.234052624,265.582945483,380.386093547,1
voluntary_pools,conditional,1,_potential_contributors,contributors,200000,69521160841,2204.53495941,414.975137231,19.819761907,38.7042512625,119.792987494,1424.94791425,4323.54292517,8467.88271183,1
voluntary_pools,conditional,1,_potential_pledge_principal,USD_pledge_principal,200000,69521160841,349095.55235,31052.7578635,819.048950376,1831.09029267,7053.88450333,138060.642876,526138.271237,1165126.31211,1
voluntary_pools,conditional,1,_project_target,USD,200000,69521160841,183006.317809,50564.0638812,3592.14745338,6449.72185082,16979.2650771,147680.310531,391959.264608,706011.651805,1
voluntary_pools,conditional,1,_reserve_before,USD_reserve_state,200000,69521160841,2500,2500,2500,2500,2500,2500,2500,2500,1
voluntary_pools,conditional,1,_reserve_capacity_probability,indicator,200000,69521160841,0.088505,0,0,0,0,0,0,1,0.088505
voluntary_pools,conditional,1,_reserve_exhaustion_probability,indicator,200000,69521160841,0,0,0,0,0,0,0,0,0
voluntary_pools,conditional,1,_stress_projected_liability,USD_internal_liability,200000,69521160841,1629.50876638,407.618746642,6.76371653643,17.382582011,80.9668995247,1807.02345586,5072.00731973,7754.44416288,1
voluntary_pools,conditional,1,_stress_projected_successful_target,USD,200000,69521160841,64052.2112333,17697.4223584,1257.25160868,2257.40264779,5942.742777,51688.1086859,137185.742613,247104.078132,1
voluntary_pools,conditional,1,_surcharge_rate,proportion,200000,69521160841,0.05,0.05,0.05,0.05,0.05,0.05,0.05,0.05,1
voluntary_pools,conditional,1,_willing_pledge,USD_pledge_principal,200000,69521160841,13758.4901219,1196.12483774,0,6.60595559084,122.788563636,8817.74348963,41164.5396926,79373.9916463,0.93617
voluntary_pools,conditional,1,dac_bonus_liability_locked,USD_internal_liability,200000,69521160841,460.889182449,60.7556828121,0,0.319740227665,6.09801966747,456.414359174,2166.24737441,2500,0.93617
voluntary_pools,conditional,1,dac_bonus_liability_released,USD_internal_liability,200000,69521160841,85.9261884632,13.8978815692,0,0.278250022542,2.7364021471,67.7136745339,210.557285756,390.24891448,0.93617
voluntary_pools,conditional,1,dac_bonus_paid,USD_internal_transfer,200000,69521160841,374.962993986,39.0237407244,0,0,8.05409466542e-16,360.865856871,1596.38201925,2247.91015051,0.724415
voluntary_pools,conditional,1,dac_capacity_waiting_pledges,USD_pledge_principal,200000,69521160841,4977.77856517,0,0,0,0,0,0,31862.8688604,0.088505
voluntary_pools,conditional,1,dac_free_reserve,USD_reserve_state,200000,69521160841,2203.17046678,2482.92326373,467.932815318,1188.24384472,2246.75263945,2500.70148973,2511.13460177,2537.80718469,1
voluntary_pools,conditional,1,dac_funding_lost_to_surcharge,USD,200000,69521160841,1843.21986512,9.97975215102,0,5.45696821064e-12,1.35466452294,76.155485143,1070.20207957,5328.60179771,0.90299
voluntary_pools,conditional,1,dac_gross_threshold,USD,200000,69521160841,192156.6337,53092.2670752,3771.75482605,6772.20794336,17828.228331,155064.326058,411557.227838,741312.234396,1
voluntary_pools,conditional,1,dac_incremental_funding_caused_by_bonus,USD,200000,69521160841,10.6488201017,0.119450447896,0,0,0,1.84365093449,11.7673831998,32.5076164473,0.63035
voluntary_pools,conditional,1,dac_pledge_principal,USD,200000,69521160841,8780.71155673,1196.12483774,0,6.60595559084,122.788563636,8817.74348963,41164.5396926,44671.0250983,0.93617
voluntary_pools,conditional,1,dac_project_funding,USD,200000,69521160841,1562.66921528,260.06668514,0,5.51124006832,52.6006875567,1246.46460353,3848.5900432,7043.17412335,0.93617
voluntary_pools,conditional,1,dac_project_target,USD,200000,69521160841,183006.317809,50564.0638812,3592.14745338,6449.72185082,16979.2650771,147680.310531,391959.264608,706011.651805,1
voluntary_pools,conditional,1,dac_required_surcharge,USD_internal_threshold_component,200000,69521160841,9150.31589047,2528.20319406,179.607372669,322.486092541,848.963253857,7384.01552655,19597.9632304,35300.5825903,1
voluntary_pools,conditional,1,dac_reserve_cash,USD_reserve_state,200000,69521160841,2203.17046678,2482.92326373,467.932815318,1188.24384472,2246.75263945,2500.70148973,2511.13460177,2537.80718469,1
voluntary_pools,conditional,1,dac_returned_or_cancelled_principal,USD,200000,69521160841,7139.90888069,767.802553561,0,0,1.42108547152e-14,6967.89706023,30123.1025628,39804.561902,0.724765
voluntary_pools,conditional,1,dac_surcharge_inflow,USD_internal_transfer,200000,69521160841,78.1334607638,13.003334257,0,0.275562003416,2.63003437784,62.3232301763,192.42950216,352.158706167,0.93617
voluntary_pools,conditional,1,lapsed_dac_projects,projects,200000,69521160841,26.9793444142,15.9333484467,2.77639335416,4.1616856363,7.90292104131,31.9288357081,59.5115817833,86.2687006723,1
voluntary_pools,conditional,1,successful_dac_projects,projects,200000,69521160841,0.896425242574,0.0816701265813,0,0.00198210706084,0.0228972061572,0.277397508733,1.06825689636,3.42686877606,0.93617
voluntary_pools,conditional,2,_contributor_choice_principal,USD_pledge_principal,200000,69521160841,238613.35781,4621.50122645,0,26.1831591265,476.416622139,36185.7273705,219128.693199,591070.610974,0.93617
voluntary_pools,conditional,2,_gross_threshold,USD,200000,69521160841,546907.342069,151108.760137,10734.9945049,19274.745685,50741.8806344,441336.92801,1171355.18692,2109888.66713,1
voluntary_pools,conditional,2,_mean_pledge,USD_per_contributor,200000,69521160841,121.913133443,75.1976847375,14.9557980899,21.3846268172,38.7574630298,146.234052624,265.582945483,380.386093547,1
voluntary_pools,conditional,2,_potential_contributors,contributors,200000,69521160841,6274.4456537,1181.08308289,56.4100915814,110.158253593,340.949272098,4055.62098672,12305.4683255,24100.896949,1
voluntary_pools,conditional,2,_potential_pledge_principal,USD_pledge_principal,200000,69521160841,993579.648997,88380.9262269,2331.1393203,5211.56467913,20076.4405095,392941.829723,1497470.46429,3316128.73446,1
voluntary_pools,conditional,2,_project_target,USD,200000,69521160841,520864.135303,143913.104893,10223.8042904,18356.9006523,48325.6006042,420320.883819,1115576.3685,2009417.77822,1
voluntary_pools,conditional,2,_reserve_before,USD_reserve_state,200000,69521160841,2203.17046678,2482.92326373,467.932815318,1188.24384472,2246.75263945,2500.70148973,2511.13460177,2537.80718469,1
voluntary_pools,conditional,2,_reserve_capacity_probability,indicator,200000,69521160841,0.201905,0,0,0,0,0,1,1,0.201905
voluntary_pools,conditional,2,_reserve_exhaustion_probability,indicator,200000,69521160841,0,0,0,0,0,0,0,0,0
voluntary_pools,conditional,2,_stress_projected_liability,USD_internal_liability,200000,69521160841,4637.83264278,1160.14566352,19.2505778344,49.4735026468,230.444252493,5143.06675899,14435.7131408,22070.341079,1
voluntary_pools,conditional,2,_stress_projected_successful_target,USD,200000,69521160841,182302.447356,50369.5867124,3578.33150163,6424.91522832,16913.9602115,147112.309337,390451.728974,703296.222375,1
voluntary_pools,conditional,2,_surcharge_rate,proportion,200000,69521160841,0.05,0.05,0.05,0.05,0.05,0.05,0.05,0.05,1
voluntary_pools,conditional,2,_willing_pledge,USD_pledge_principal,200000,69521160841,39462.3920362,3410.89249758,0,18.8050079145,349.705513521,25306.9463137,119571.683994,227523.027041,0.93617
voluntary_pools,conditional,2,dac_bonus_liability_locked,USD_internal_liability,200000,69521160841,489.766746767,173.294389161,0,0.910042534633,17.373907791,713.958115165,1583.02413506,1870.21871749,0.93617
voluntary_pools,conditional,2,dac_bonus_liability_released,USD_internal_liability,200000,69521160841,130.86878639,39.6604789111,0,0.792003248578,7.79601549574,124.041239099,310.102753243,564.828346191,0.93617
voluntary_pools,conditional,2,dac_bonus_paid,USD_internal_transfer,200000,69521160841,358.897960377,76.0237665384,0,0,7.12372503551e-16,514.890858074,1283.74048289,1595.96824813,0.70053
voluntary_pools,conditional,2,dac_capacity_waiting_pledges,USD_pledge_principal,200000,69521160841,29976.1238147,0,0,0,0,0,94825.0733249,213740.373855,0.201905
voluntary_pools,conditional,2,dac_free_reserve,USD_reserve_state,200000,69521160841,1964.11879765,2428.69782467,217.981582653,334.394131944,1525.21721049,2502.35829839,2538.54045207,2620.79907336,1
voluntary_pools,conditional,2,dac_funding_lost_to_surcharge,USD,200000,69521160841,7474.75048551,31.4110350353,0,0.240757818128,4.42823994348,328.917663498,10609.7276363,35481.2574615,0.915445
voluntary_pools,conditional,2,dac_gross_threshold,USD,200000,69521160841,546907.342069,151108.760137,10734.9945049,19274.745685,50741.8806344,441336.92801,1171355.18692,2109888.66713,1
voluntary_pools,conditional,2,dac_incremental_funding_caused_by_bonus,USD,200000,69521160841,7.97784332646,0.0731929491705,0,0,0,2.34487818918,12.2232606219,26.5119175864,0.550925
voluntary_pools,conditional,2,dac_pledge_principal,USD,200000,69521160841,9486.26822154,3410.89249758,0,18.8050079145,349.705513521,13723.8921568,29967.3421706,36649.6513878,0.93617
voluntary_pools,conditional,2,dac_project_funding,USD,200000,69521160841,2396.92582506,742.047639469,0,15.6881142505,149.780375354,2284.73586833,5643.74930963,10195.2901741,0.93617
voluntary_pools,conditional,2,dac_project_target,USD,200000,69521160841,520864.135303,143913.104893,10223.8042904,18356.9006523,48325.6006042,420320.883819,1115576.3685,2009417.77822,1
voluntary_pools,conditional,2,dac_required_surcharge,USD_internal_threshold_component,200000,69521160841,26043.2067652,7195.65524463,511.190214519,917.845032617,2416.28003021,21016.044191,55778.8184249,100470.888911,1
voluntary_pools,conditional,2,dac_reserve_cash,USD_reserve_state,200000,69521160841,1964.11879765,2428.69782467,217.981582653,334.394131944,1525.21721049,2502.35829839,2538.54045207,2620.79907336,1
voluntary_pools,conditional,2,dac_returned_or_cancelled_principal,USD,200000,69521160841,6969.49610522,1491.4457431,0,0,1.42108547152e-14,9951.43498019,24433.0805493,30107.1769898,0.707655
voluntary_pools,conditional,2,dac_surcharge_inflow,USD_internal_transfer,200000,69521160841,119.846291253,37.1023819734,0,0.784405712523,7.48901876771,114.236793416,282.187465482,509.764508704,0.93617
voluntary_pools,conditional,2,lapsed_dac_projects,projects,200000,69521160841,78.0357066276,46.3597942615,8.26399464363,12.2153885375,23.0264606867,92.6188281235,171.776019625,248.158798211,1
voluntary_pools,conditional,2,successful_dac_projects,projects,200000,69521160841,1.30302239561,0.225364333276,0,0.00564160352508,0.0651803219114,0.593418723114,1.40209277892,3.11542521512,0.93617
voluntary_pools,conditional,3,_contributor_choice_principal,USD_pledge_principal,200000,69521160841,385275.333344,7620.15153544,0,43.1668299442,785.443713933,59824.3619284,348292.50396,940847.883758,0.93617
voluntary_pools,conditional,3,_gross_threshold,USD,200000,69521160841,901658.050437,249125.253199,17698.2341838,31777.2834265,83655.5329378,727609.529963,1931153.14601,3478465.09986,1
voluntary_pools,conditional,3,_mean_pledge,USD_per_contributor,200000,69521160841,121.913133443,75.1976847375,14.9557980899,21.3846268172,38.7574630298,146.234052624,265.582945483,380.386093547,1
voluntary_pools,conditional,3,_potential_contributors,contributors,200000,69521160841,10344.356348,1947.19102854,93.0004212558,181.612255924,562.105556703,6686.2940592,20287.3937258,39733.9111863,1
voluntary_pools,conditional,3,_potential_pledge_principal,USD_pledge_principal,200000,69521160841,1638063.74564,145709.09459,3843.22969023,8592.03906558,33098.9965156,647823.016571,2468802.65734,5467131.15681,1
voluntary_pools,conditional,3,_project_target,USD,200000,69521160841,858721.952798,237262.145904,16855.4611274,30264.0794538,79671.9361312,692961.457107,1839193.47239,3312823.90463,1
voluntary_pools,conditional,3,_reserve_before,USD_reserve_state,200000,69521160841,1964.11879765,2428.69782467,217.981582653,334.394131944,1525.21721049,2502.35829839,2538.54045207,2620.79907336,1
voluntary_pools,conditional,3,_reserve_capacity_probability,indicator,200000,69521160841,0.279925,0,0,0,0,1,1,1,0.279925
voluntary_pools,conditional,3,_reserve_exhaustion_probability,indicator,200000,69521160841,0,0,0,0,0,0,0,0,0
voluntary_pools,conditional,3,_stress_projected_liability,USD_internal_liability,200000,69521160841,7646.15651918,1912.6725804,31.7374391325,81.5644232826,379.921605462,8479.11006213,23799.4189618,36386.2379951,1
voluntary_pools,conditional,3,_stress_projected_successful_target,USD,200000,69521160841,300552.683479,83041.7510664,5899.41139458,10592.4278088,27885.1776459,242536.509988,643717.715336,1159488.36662,1
voluntary_pools,conditional,3,_surcharge_rate,proportion,200000,69521160841,0.05,0.05,0.05,0.05,0.05,0.05,0.05,0.05,1
voluntary_pools,conditional,3,_willing_pledge,USD_pledge_principal,200000,69521160841,64751.5737401,5624.14470177,0,31.0028597836,576.541540427,41755.711354,194123.969159,373005.462322,0.93617
voluntary_pools,conditional,3,dac_bonus_liability_locked,USD_internal_liability,200000,69521160841,440.495015698,204.842702969,0,1.50034039784,28.6434713836,618.859439138,1222.7205307,1480.95448869,0.93617
voluntary_pools,conditional,3,dac_bonus_liability_released,USD_internal_liability,200000,69521160841,182.014659515,57.8016811291,0,1.30573508624,12.8528938532,149.152135641,414.211893952,792.259840732,0.93617
voluntary_pools,conditional,3,dac_bonus_paid,USD_internal_transfer,200000,69521160841,258.480356183,72.3441402329,0,0,1.61398527584e-15,344.569134167,905.854094404,1155.77362956,0.707885
voluntary_pools,conditional,3,dac_capacity_waiting_pledges,USD_pledge_principal,200000,69521160841,56169.8971645,0,0,0,0,14458.422639,181540.862406,360853.020367,0.279925
voluntary_pools,conditional,3,dac_free_reserve,USD_reserve_state,200000,69521160841,1872.14934574,2357.65936677,143.688591005,218.915388993,940.488090787,2506.08170631,2595.28426476,2812.69678144,1
voluntary_pools,conditional,3,dac_funding_lost_to_surcharge,USD,200000,69521160841,12744.3882095,54.5804561225,0,0.606389434277,7.85734568729,1361.36196593,18948.0542668,61465.2434088,0.92213
voluntary_pools,conditional,3,dac_gross_threshold,USD,200000,69521160841,901658.050437,249125.253199,17698.2341838,31777.2834265,83655.5329378,727609.529963,1931153.14601,3478465.09986,1
voluntary_pools,conditional,3,dac_incremental_funding_caused_by_bonus,USD,200000,69521160841,7.37600693078,0,0,0,0,2.11420664493,10.8854859862,23.0779039839,0.490985
voluntary_pools,conditional,3,dac_pledge_principal,USD,200000,69521160841,8581.6765756,3939.6988145,0,31.0028597836,576.541540427,11933.4984332,23450.8286737,29983.9099646,0.93617
voluntary_pools,conditional,3,dac_project_funding,USD,200000,69521160841,3330.21808534,1065.82189449,0,25.8641889155,246.940168888,2757.49069737,7583.94065939,14201.0913764,0.93617
voluntary_pools,conditional,3,dac_project_target,USD,200000,69521160841,858721.952798,237262.145904,16855.4611274,30264.0794538,79671.9361312,692961.457107,1839193.47239,3312823.90463,1
voluntary_pools,conditional,3,dac_required_surcharge,USD_internal_threshold_component,200000,69521160841,42936.0976399,11863.1072952,842.773056369,1513.20397269,3983.59680656,34648.0728554,91959.6736195,165641.195231,1
voluntary_pools,conditional,3,dac_reserve_cash,USD_reserve_state,200000,69521160841,1872.14934574,2357.65936677,143.688591005,218.915388993,940.488090787,2506.08170631,2595.28426476,2812.69678144,1
voluntary_pools,conditional,3,dac_returned_or_cancelled_principal,USD,200000,69521160841,5084.947586,1399.84334145,0,0,2.84217094304e-14,6759.16128703,17421.6974748,22244.9047649,0.715385
voluntary_pools,conditional,3,dac_surcharge_inflow,USD_internal_transfer,200000,69521160841,166.510904267,53.2910947246,0,1.29320944578,12.3470084444,137.874534868,379.19703297,710.054568822,0.93617
voluntary_pools,conditional,3,lapsed_dac_projects,projects,200000,69521160841,129.312290325,77.1315659787,13.8421985793,20.3825619843,38.3551984534,153.694366605,284.270462717,410.122169691,1
voluntary_pools,conditional,3,successful_dac_projects,projects,200000,69521160841,1.48939806438,0.344548525037,0,0.00930102202798,0.107103822574,0.79532752017,1.64753841149,2.82691099872,0.93617
voluntary_pools,conditional,4,_contributor_choice_principal,USD_pledge_principal,200000,69521160841,534688.160164,10618.2439445,0,60.1505007419,1094.47074894,82858.2299064,479929.26297,1299943.913,0.93617
voluntary_pools,conditional,4,_gross_threshold,USD,200000,69521160841,1256408.75881,347141.746261,24661.4738626,44279.8211681,116569.185241,1013882.13192,2690951.10509,4847041.53259,1
voluntary_pools,conditional,4,_mean_pledge,USD_per_contributor,200000,69521160841,121.913133443,75.1976847375,14.9557980899,21.3846268172,38.7574630298,146.234052624,265.582945483,380.386093547,1
voluntary_pools,conditional,4,_potential_contributors,contributors,200000,69521160841,14414.2670423,2713.2989742,129.59075093,253.066258255,783.261841307,9316.96713167,28269.3191261,55366.9254235,1
voluntary_pools,conditional,4,_potential_pledge_principal,USD_pledge_principal,200000,69521160841,2282547.84229,203037.262954,5355.32006015,11972.513452,46121.5525218,902704.203419,3440134.85039,7618133.57916,1
voluntary_pools,conditional,4,_project_target,USD,200000,69521160841,1196579.77029,330611.186915,23487.1179644,42171.2582554,111018.271658,965602.030395,2562810.57628,4616230.03104,1
voluntary_pools,conditional,4,_reserve_before,USD_reserve_state,200000,69521160841,1872.14934574,2357.65936677,143.688591005,218.915388993,940.488090787,2506.08170631,2595.28426476,2812.69678144,1
voluntary_pools,conditional,4,_reserve_capacity_probability,indicator,200000,69521160841,0.3378,0,0,0,0,1,1,1,0.3378
voluntary_pools,conditional,4,_reserve_exhaustion_probability,indicator,200000,69521160841,0,0,0,0,0,0,0,0,0
voluntary_pools,conditional,4,_stress_projected_liability,USD_internal_liability,200000,69521160841,10654.4803956,2665.19949728,44.2243004305,113.655343918,529.398958431,11815.1533653,33163.1247829,50702.1349111,1
voluntary_pools,conditional,4,_stress_projected_successful_target,USD,200000,69521160841,418802.919602,115713.91542,8220.49128754,14759.9403894,38856.3950804,337960.710638,896983.701698,1615680.51086,1
voluntary_pools,conditional,4,_surcharge_rate,proportion,200000,69521160841,0.05,0.05,0.05,0.05,0.05,0.05,0.05,0.05,1
voluntary_pools,conditional,4,_willing_pledge,USD_pledge_principal,200000,69521160841,90118.5873755,7837.45346194,0,43.2007062629,803.377556333,58054.3758148,269633.912345,519560.064056,0.93617
voluntary_pools,conditional,4,dac_bonus_liability_locked,USD_internal_liability,200000,69521160841,467.857769887,196.293556928,0,2.09063825928,39.9130338953,584.849637453,1105.3731218,1590.12289532,0.93617
voluntary_pools,conditional,4,dac_bonus_liability_released,USD_internal_liability,200000,69521160841,247.881750158,65.0765588865,0,1.81946692345,17.9097701283,188.853582404,544.781627736,1043.66554598,0.93617
voluntary_pools,conditional,4,dac_bonus_paid,USD_internal_transfer,200000,69521160841,219.976019729,79.4155127444,0,0,5.18682232166e-15,289.500706468,707.411099684,929.070416692,0.72259
voluntary_pools,conditional,4,dac_capacity_waiting_pledges,USD_pledge_principal,200000,69521160841,81016.2265256,0,0,0,0,45576.1540352,255668.732289,500117.531279,0.3378
voluntary_pools,conditional,4,dac_free_reserve,USD_reserve_state,200000,69521160841,1878.23409082,2288.23261002,115.452707172,183.451599828,688.946858812,2513.18083237,2695.29976198,3156.21594251,1
voluntary_pools,conditional,4,dac_funding_lost_to_surcharge,USD,200000,69521160841,17811.5861132,81.3449011522,0,1.00307467001,11.3490666541,2454.76851657,25388.7879278,86862.1524541,0.92528
voluntary_pools,conditional,4,dac_gross_threshold,USD,200000,69521160841,1256408.75881,347141.746261,24661.4738626,44279.8211681,116569.185241,1013882.13192,2690951.10509,4847041.53259,1
voluntary_pools,conditional,4,dac_incremental_funding_caused_by_bonus,USD,200000,69521160841,8.11836059036,0,0,0,0,1.81706572589,9.86960993495,22.0832113007,0.445545
voluntary_pools,conditional,4,dac_pledge_principal,USD,200000,69521160841,9102.36084983,3834.23041833,0,43.2007062629,803.377556333,11340.4063828,21527.0941284,30899.3726655,0.93617
voluntary_pools,conditional,4,dac_project_funding,USD,200000,69521160841,4521.21529614,1214.50017351,0,36.0402632431,344.096956648,3487.91738134,9932.96938531,18915.3146489,0.93617
voluntary_pools,conditional,4,dac_project_target,USD,200000,69521160841,1196579.77029,330611.186915,23487.1179644,42171.2582554,111018.271658,965602.030395,2562810.57628,4616230.03104,1
voluntary_pools,conditional,4,dac_required_surcharge,USD_internal_threshold_component,200000,69521160841,59828.9885146,16530.5593458,1174.35589822,2108.56291277,5550.91358291,48280.1015198,128140.528814,230811.501552,1
voluntary_pools,conditional,4,dac_reserve_cash,USD_reserve_state,200000,69521160841,1878.23409082,2288.23261002,115.452707172,183.451599828,688.946858812,2513.18083237,2695.29976198,3156.21594251,1
voluntary_pools,conditional,4,dac_returned_or_cancelled_principal,USD,200000,69521160841,4355.08478889,1531.34818086,0,0,1.13686837722e-13,5657.99749859,13763.7797362,18030.9882409,0.726255
voluntary_pools,conditional,4,dac_surcharge_inflow,USD_internal_transfer,200000,69521160841,226.060764807,60.7250086757,0,1.80201316215,17.2048478324,174.395869067,496.648469265,945.765732443,0.93617
voluntary_pools,conditional,4,lapsed_dac_projects,projects,200000,69521160841,180.543514328,107.958070313,19.4167122213,28.5458326522,53.7540839853,214.701364141,396.335857779,571.598826741,1
voluntary_pools,conditional,4,successful_dac_projects,projects,200000,69521160841,1.72113342814,0.445886228349,0,0.0129604405308,0.147674355801,0.985395541818,1.9703912896,3.17280806659,0.93617
voluntary_pools,conditional,5,_contributor_choice_principal,USD_pledge_principal,200000,69521160841,684919.050966,13616.3363524,0,77.1341715396,1403.49778393,105858.814527,613119.998024,1662611.71677,0.93617
voluntary_pools,conditional,5,_gross_threshold,USD,200000,69521160841,1611159.46718,445158.239323,31624.7135415,56782.3589097,149482.837545,1300154.73387,3450749.06418,6215617.96532,1
voluntary_pools,conditional,5,_mean_pledge,USD_per_contributor,200000,69521160841,121.913133443,75.1976847375,14.9557980899,21.3846268172,38.7574630298,146.234052624,265.582945483,380.386093547,1
voluntary_pools,conditional,5,_potential_contributors,contributors,200000,69521160841,18484.1777366,3479.40691986,166.181080605,324.520260586,1004.41812591,11947.6402041,36251.2445264,70999.9396607,1
voluntary_pools,conditional,5,_potential_pledge_principal,USD_pledge_principal,200000,69521160841,2927031.93894,260365.431317,6867.41043007,15352.9878385,59144.1085279,1157585.39027,4411467.04345,9769136.00151,1
voluntary_pools,conditional,5,_project_target,USD,200000,69521160841,1534437.58779,423960.227927,30118.7748014,54078.4370569,142364.607185,1238242.60368,3286427.68017,5919636.15745,1
voluntary_pools,conditional,5,_reserve_before,USD_reserve_state,200000,69521160841,1878.23409082,2288.23261002,115.452707172,183.451599828,688.946858812,2513.18083237,2695.29976198,3156.21594251,1
voluntary_pools,conditional,5,_reserve_capacity_probability,indicator,200000,69521160841,0.38177,0,0,0,0,1,1,1,0.38177
voluntary_pools,conditional,5,_reserve_exhaustion_probability,indicator,200000,69521160841,0,0,0,0,0,0,0,0,0
voluntary_pools,conditional,5,_stress_projected_liability,USD_internal_liability,200000,69521160841,13662.804272,3417.72641415,56.7111617285,145.746264554,678.876311399,15151.1966684,42526.8306039,65018.0318272,1
voluntary_pools,conditional,5,_stress_projected_successful_target,USD,200000,69521160841,537053.155725,148386.079774,10541.5711805,18927.4529699,49827.6125149,433384.911289,1150249.68806,2071872.65511,1
voluntary_pools,conditional,5,_surcharge_rate,proportion,200000,69521160841,0.05,0.05,0.05,0.05,0.05,0.05,0.05,0.05,1
voluntary_pools,conditional,5,_willing_pledge,USD_pledge_principal,200000,69521160841,115525.131246,10050.3814983,0,55.3985527371,1030.21357224,74248.6155365,345571.694637,666250.067352,0.93617
voluntary_pools,conditional,5,dac_bonus_liability_locked,USD_internal_liability,200000,69521160841,547.263107513,204.061860552,0,2.68093612073,50.8995189354,588.464110602,1123.2753025,1959.36722704,0.93617
voluntary_pools,conditional,5,dac_bonus_liability_released,USD_internal_liability,200000,69521160841,313.262706454,74.3060274484,0,2.33319876066,22.4687210265,233.66461412,681.831961339,1301.928931,0.93617
voluntary_pools,conditional,5,dac_bonus_paid,USD_internal_transfer,200000,69521160841,234.000401059,80.870957802,0,0,6.66831172988e-15,301.078944314,670.391233325,863.633995653,0.724885
voluntary_pools,conditional,5,dac_capacity_waiting_pledges,USD_pledge_principal,200000,69521160841,104928.590749,0,0,0,0,60601.1115281,325625.191631,637520.626894,0.38177
voluntary_pools,conditional,5,dac_free_reserve,USD_reserve_state,200000,69521160841,1929.69424855,2222.16168782,103.473594517,171.299247364,592.049859336,2524.48391753,2844.10175236,3617.64158106,1
voluntary_pools,conditional,5,dac_funding_lost_to_surcharge,USD,200000,69521160841,22905.398178,118.819368368,0,1.37518567341,14.7854855768,3283.29243024,32575.7625165,112325.686484,0.926875
voluntary_pools,conditional,5,dac_gross_threshold,USD,200000,69521160841,1611159.46718,445158.239323,31624.7135415,56782.3589097,149482.837545,1300154.73387,3450749.06418,6215617.96532,1
voluntary_pools,conditional,5,dac_incremental_funding_caused_by_bonus,USD,200000,69521160841,9.39252728346,0,0,0,0,1.56267444465,9.3691119098,22.6706290799,0.41088
voluntary_pools,conditional,5,dac_pledge_principal,USD,200000,69521160841,10596.5404971,3984.09672551,0,55.3985527371,997.184191609,11424.0033779,22199.3953941,37543.1500314,0.93617
voluntary_pools,conditional,5,dac_project_funding,USD,200000,69521160841,5709.21117584,1393.09272499,0,46.2163375705,426.270673862,4312.52914222,12389.2037846,23569.2202633,0.93617
voluntary_pools,conditional,5,dac_project_target,USD,200000,69521160841,1534437.58779,423960.227927,30118.7748014,54078.4370569,142364.607185,1238242.60368,3286427.68017,5919636.15745,1
voluntary_pools,conditional,5,dac_required_surcharge,USD_internal_threshold_component,200000,69521160841,76721.8793893,21198.0113963,1505.93874007,2703.92185284,7118.23035926,61912.1301842,164321.384009,295981.807872,1
voluntary_pools,conditional,5,dac_reserve_cash,USD_reserve_state,200000,69521160841,1929.69424855,2222.16168782,103.473594517,171.299247364,592.049859336,2524.48391753,2844.10175236,3617.64158106,1
voluntary_pools,conditional,5,dac_returned_or_cancelled_principal,USD,200000,69521160841,4601.86876247,1561.86586882,0,0,1.13686837722e-13,5880.94427401,13068.2399272,17150.7686669,0.729125
voluntary_pools,conditional,5,dac_surcharge_inflow,USD_internal_transfer,200000,69521160841,285.460558792,69.6546362497,0,2.31081687853,21.3135336931,215.626457111,619.460189229,1178.46101316,0.93617
voluntary_pools,conditional,5,lapsed_dac_projects,projects,200000,69521160841,231.731935787,138.754953881,24.9174012856,36.669487734,69.1285225168,275.613749511,508.381109535,733.074368196,1
voluntary_pools,conditional,5,successful_dac_projects,projects,200000,69521160841,1.99567133541,0.541935295665,0,0.0166198590336,0.186745935743,1.18142124503,2.33976839014,3.66577372529,0.93617
voluntary_pools,probability_weighted,1,_contributor_choice_principal,USD_pledge_principal,200000,69531160860,48691.9577385,461.327578226,0,1.13230034302,34.2336916725,4605.34462961,31737.4992672,96793.2281907,0.93611
voluntary_pools,probability_weighted,1,_gross_threshold,USD,200000,69531160860,112634.282072,22367.7024629,755.313465402,1686.73385435,5960.38147975,78829.8106202,235772.808544,444869.0987,1
voluntary_pools,probability_weighted,1,_mean_pledge,USD_per_contributor,200000,69531160860,121.176997446,74.7469578057,14.9073707728,21.2116432617,38.4344408897,145.247174635,262.92726127,377.617965955,1
voluntary_pools,probability_weighted,1,_potential_contributors,contributors,200000,69531160860,1335.95312342,153.709177622,2.50105130871,6.62816616292,31.0953674922,686.72997346,2478.05460704,5195.52775197,1
voluntary_pools,probability_weighted,1,_potential_pledge_principal,USD_pledge_principal,200000,69531160860,210547.58682,11209.4508599,117.468151479,344.370751153,1866.02634176,61834.534963,278086.360479,663539.680198,1
voluntary_pools,probability_weighted,1,_project_target,USD,200000,69531160860,107270.74483,21302.5737742,719.346157526,1606.41319462,5676.55379024,75076.0101145,224545.531946,423684.855905,1
voluntary_pools,probability_weighted,1,_reserve_before,USD_reserve_state,200000,69531160860,2500,2500,2500,2500,2500,2500,2500,2500,1
voluntary_pools,probability_weighted,1,_reserve_capacity_probability,indicator,200000,69531160860,0.04253,0,0,0,0,0,0,0,0.04253
voluntary_pools,probability_weighted,1,_reserve_exhaustion_probability,indicator,200000,69531160860,0,0,0,0,0,0,0,0,0
voluntary_pools,probability_weighted,1,_stress_projected_liability,USD_internal_liability,200000,69531160860,809.913439701,69.1869364422,0,0,2.73086239337,558.524966796,2400.41886661,4611.98464485,0.8206
voluntary_pools,probability_weighted,1,_stress_projected_successful_target,USD,200000,69531160860,37544.7606906,7455.90082097,251.771155134,562.244618118,1986.79382658,26276.6035401,78590.9361813,148289.699567,1
voluntary_pools,probability_weighted,1,_surcharge_rate,proportion,200000,69531160860,0.05,0.05,0.05,0.05,0.05,0.05,0.05,0.05,1
voluntary_pools,probability_weighted,1,_willing_pledge,USD_pledge_principal,200000,69531160860,6879.1355457,131.606945632,0,0,0.387575636749,2069.30542948,15161.0474349,39410.3932832,0.767945
voluntary_pools,probability_weighted,1,dac_bonus_liability_locked,USD_internal_liability,200000,69531160860,245.741576293,6.60141879918,0,0,0.0187026204994,106.274362991,788.861893776,2084.59526877,0.767945
voluntary_pools,probability_weighted,1,dac_bonus_liability_released,USD_internal_liability,200000,69531160860,47.299512413,2.30919719823,0,0,0.0170775274054,18.9069254196,116.275861905,222.952077328,0.767945
voluntary_pools,probability_weighted,1,dac_bonus_paid,USD_internal_transfer,200000,69531160860,198.44206388,1.61527894482,0,0,0,80.3087582764,601.524520584,1550.82266254,0.568175
voluntary_pools,probability_weighted,1,dac_capacity_waiting_pledges,USD_pledge_principal,200000,69531160860,2206.6341369,0,0,0,0,0,0,0,0.04253
voluntary_pools,probability_weighted,1,dac_free_reserve,USD_reserve_state,200000,69531160860,2344.47103698,2500,1221.98297473,2051.17357007,2451.20402768,2500.07029353,2503.42912871,2513.74728652,1
voluntary_pools,probability_weighted,1,dac_funding_lost_to_surcharge,USD,200000,69531160860,861.256324103,1.3746986235,0,0,0,17.1071084392,174.598393161,1159.19426234,0.743255
voluntary_pools,probability_weighted,1,dac_gross_threshold,USD,200000,69531160860,112634.282072,22367.7024629,755.313465402,1686.73385435,5960.38147975,78829.8106202,235772.808544,444869.0987,1
voluntary_pools,probability_weighted,1,dac_incremental_funding_caused_by_bonus,USD,200000,69531160860,6.76666142472,0.0057285161663,0,0,0,0.478427982834,4.75584304985,16.0860905902,0.54333
voluntary_pools,probability_weighted,1,dac_pledge_principal,USD,200000,69531160860,4672.5014088,131.606945632,0,0,0.387575636749,2069.30542948,15161.0474349,39410.3932832,0.767945
voluntary_pools,probability_weighted,1,dac_project_funding,USD,200000,69531160860,858.262017273,43.4815578959,0,0,0.331381485197,351.528801008,2115.81112453,4049.74734724,0.767945
voluntary_pools,probability_weighted,1,dac_project_target,USD,200000,69531160860,107270.74483,21302.5737742,719.346157526,1606.41319462,5676.55379024,75076.0101145,224545.531946,423684.855905,1
voluntary_pools,probability_weighted,1,dac_required_surcharge,USD_internal_threshold_component,200000,69531160860,5363.53724151,1065.12868871,35.9673078763,80.3206597311,283.827689512,3753.80050572,11227.2765973,21184.2427952,1
voluntary_pools,probability_weighted,1,dac_reserve_cash,USD_reserve_state,200000,69531160860,2344.47103698,2500,1221.98297473,2051.17357007,2451.20402768,2500.07029353,2503.42912871,2513.74728652,1
voluntary_pools,probability_weighted,1,dac_returned_or_cancelled_principal,USD,200000,69531160860,3771.32629066,32.3023641542,0,0,0,1569.81396395,11509.1246873,29150.8029196,0.568355
voluntary_pools,probability_weighted,1,dac_surcharge_inflow,USD_internal_transfer,200000,69531160860,42.9131008637,2.1740778948,0,0,0.0165690742599,17.5764400504,105.790556227,202.487367362,0.767945
voluntary_pools,probability_weighted,1,lapsed_dac_projects,projects,200000,69531160860,15.8992906266,7.17079687791,0.415964129245,0.850421440457,2.53153697972,17.8814034667,38.3103127263,58.7199307908,1
voluntary_pools,probability_weighted,1,successful_dac_projects,projects,200000,69531160860,0.485046386596,0.0161810992586,0,0,0.000115953295042,0.0950797443824,0.457030554954,1.40642322094,0.767945
voluntary_pools,probability_weighted,2,_contributor_choice_principal,USD_pledge_principal,200000,69531160860,142599.387451,1315.96686159,0,3.22574775937,97.5515115478,13276.3677261,94472.020441,293554.54136,0.93611
voluntary_pools,probability_weighted,2,_gross_threshold,USD,200000,69531160860,320574.495127,63661.9223944,2149.73832461,4800.704047,16964.1626731,224361.768688,671045.685855,1266165.8963,1
voluntary_pools,probability_weighted,2,_mean_pledge,USD_per_contributor,200000,69531160860,121.176997446,74.7469578057,14.9073707728,21.2116432617,38.4344408897,145.247174635,262.92726127,377.617965955,1
voluntary_pools,probability_weighted,2,_potential_contributors,contributors,200000,69531160860,3802.3281205,437.479967077,7.11837680172,18.8647806175,88.5021997854,1954.53915523,7052.92465082,14787.2712941,1
voluntary_pools,probability_weighted,2,_potential_pledge_principal,USD_pledge_principal,200000,69531160860,599250.824026,31903.8216781,334.332431132,980.132137896,5310.99804963,175990.59951,791476.564441,1888536.01287,1
voluntary_pools,probability_weighted,2,_project_target,USD,200000,69531160860,305309.042978,60630.4022804,2047.36983296,4572.09909239,16156.345403,213677.874941,639091.129386,1205872.28219,1
voluntary_pools,probability_weighted,2,_reserve_before,USD_reserve_state,200000,69531160860,2344.47103698,2500,1221.98297473,2051.17357007,2451.20402768,2500.07029353,2503.42912871,2513.74728652,1
voluntary_pools,probability_weighted,2,_reserve_capacity_probability,indicator,200000,69531160860,0.10583,0,0,0,0,0,1,1,0.10583
voluntary_pools,probability_weighted,2,_reserve_exhaustion_probability,indicator,200000,69531160860,0,0,0,0,0,0,0,0,0
voluntary_pools,probability_weighted,2,_stress_projected_liability,USD_internal_liability,200000,69531160860,2305.13825146,196.916665258,0,0,7.77245450421,1589.64798242,6831.96138958,13126.4178353,0.8206
voluntary_pools,probability_weighted,2,_stress_projected_successful_target,USD,200000,69531160860,106858.165042,21220.6407981,716.579441535,1600.23468233,5654.72089105,74787.2562294,223681.895285,422055.298767,1
voluntary_pools,probability_weighted,2,_surcharge_rate,proportion,200000,69531160860,0.05,0.05,0.05,0.05,0.05,0.05,0.05,0.05,1
voluntary_pools,probability_weighted,2,_willing_pledge,USD_pledge_principal,200000,69531160860,19749.5159752,375.124280723,0,0,1.10351262371,5930.58437106,43657.7267172,114116.009366,0.767945
voluntary_pools,probability_weighted,2,dac_bonus_liability_locked,USD_internal_liability,200000,69531160860,291.422530112,18.8182187225,0,0,0.0532347200355,297.51573724,1113.64566314,1670.70645366,0.767945
voluntary_pools,probability_weighted,2,dac_bonus_liability_released,USD_internal_liability,200000,69531160860,74.6046968447,6.58409382826,0,0,0.048615489993,54.1623261842,167.522205738,341.326282481,0.767945
voluntary_pools,probability_weighted,2,dac_bonus_paid,USD_internal_transfer,200000,69531160860,216.817833267,3.40345722479,0,0,0,171.619410763,853.872422765,1364.65965775,0.557785
voluntary_pools,probability_weighted,2,dac_capacity_waiting_pledges,USD_pledge_principal,200000,69531160860,14128.9695986,0,0,0,0,0,4736.25848644,89400.8102253,0.10583
voluntary_pools,probability_weighted,2,dac_free_reserve,USD_reserve_state,200000,69531160860,2195.90110245,2500,310.181730809,932.870266998,2302.21984636,2500.2334004,2512.30612066,2546.68899073,1
voluntary_pools,probability_weighted,2,dac_funding_lost_to_surcharge,USD,200000,69531160860,3627.77812602,4.19258335742,0,0,9.09494701773e-13,52.782954634,1356.49779159,10972.1596898,0.7497
voluntary_pools,probability_weighted,2,dac_gross_threshold,USD,200000,69531160860,320574.495127,63661.9223944,2149.73832461,4800.704047,16964.1626731,224361.768688,671045.685855,1266165.8963,1
voluntary_pools,probability_weighted,2,dac_incremental_funding_caused_by_bonus,USD,200000,69531160860,5.74950919702,8.66856002167e-05,0,0,0,0.778040802811,6.54638176547,17.4325054371,0.50086
voluntary_pools,probability_weighted,2,dac_pledge_principal,USD,200000,69531160860,5620.54637664,375.124280723,0,0,1.10351262371,5533.53978284,21117.3596479,31409.6376907,0.767945
voluntary_pools,probability_weighted,2,dac_project_funding,USD,200000,69531160860,1364.95797475,123.970319164,0,0,0.943201823807,1005.78433086,3075.09113615,6202.16289813,0.767945
voluntary_pools,probability_weighted,2,dac_project_target,USD,200000,69531160860,305309.042978,60630.4022804,2047.36983296,4572.09909239,16156.345403,213677.874941,639091.129386,1205872.28219,1
voluntary_pools,probability_weighted,2,dac_required_surcharge,USD_internal_threshold_component,200000,69531160860,15265.4521489,3031.52011402,102.368491648,228.604954619,807.817270149,10683.8937471,31954.5564693,60293.6141095,1
voluntary_pools,probability_weighted,2,dac_reserve_cash,USD_reserve_state,200000,69531160860,2195.90110245,2500,310.181730809,932.870266998,2302.21984636,2500.2334004,2512.30612066,2546.68899073,1
voluntary_pools,probability_weighted,2,dac_returned_or_cancelled_principal,USD,200000,69531160860,4187.34050316,67.9029909239,0,0,0,3319.17576244,16285.075366,25827.6648229,0.560825
voluntary_pools,probability_weighted,2,dac_surcharge_inflow,USD_internal_transfer,200000,69531160860,68.2478987374,6.1985159582,0,0,0.0471600911904,50.2892165428,153.754556808,310.108144906,0.767945
voluntary_pools,probability_weighted,2,lapsed_dac_projects,projects,200000,69531160860,45.8556327314,20.7320521831,1.20306969815,2.44848785777,7.30534311735,51.8356397461,110.799107164,169.436058796,1
voluntary_pools,probability_weighted,2,successful_dac_projects,projects,200000,69531160860,0.776711075414,0.046082279356,0,0,0.000330072476152,0.255523553069,0.808311922772,1.77013872005,0.767945
voluntary_pools,probability_weighted,3,_contributor_choice_principal,USD_pledge_principal,200000,69531160860,230964.662982,2169.8502506,0,5.31812468533,160.828193763,21914.1367251,154302.746917,466694.816848,0.93611
voluntary_pools,probability_weighted,3,_gross_threshold,USD,200000,69531160860,528514.708183,104956.142326,3544.16318381,7914.67423966,27967.9438665,369893.726756,1106318.56317,2087462.6939,1
voluntary_pools,probability_weighted,3,_mean_pledge,USD_per_contributor,200000,69531160860,121.176997446,74.7469578057,14.9073707728,21.2116432617,38.4344408897,145.247174635,262.92726127,377.617965955,1
voluntary_pools,probability_weighted,3,_potential_contributors,contributors,200000,69531160860,6268.70311759,721.250756533,11.7357022947,31.1013950722,145.909032079,3222.348337,11627.7946946,24379.0148361,1
voluntary_pools,probability_weighted,3,_potential_pledge_principal,USD_pledge_principal,200000,69531160860,987954.061232,52598.1924964,551.196710786,1615.89352464,8755.96975749,290146.664057,1304866.7684,3113532.34554,1
voluntary_pools,probability_weighted,3,_project_target,USD,200000,69531160860,503347.341127,99958.2307866,3375.39350839,7537.78499015,26636.1370157,352279.739768,1053636.72683,1988059.70848,1
voluntary_pools,probability_weighted,3,_reserve_before,USD_reserve_state,200000,69531160860,2195.90110245,2500,310.181730809,932.870266998,2302.21984636,2500.2334004,2512.30612066,2546.68899073,1
voluntary_pools,probability_weighted,3,_reserve_capacity_probability,indicator,200000,69531160860,0.153135,0,0,0,0,0,1,1,0.153135
voluntary_pools,probability_weighted,3,_reserve_exhaustion_probability,indicator,200000,69531160860,0,0,0,0,0,0,0,0,0
voluntary_pools,probability_weighted,3,_stress_projected_liability,USD_internal_liability,200000,69531160860,3800.36306321,324.646394075,0,0,12.8140466151,2620.77099804,11263.5039125,21640.8510258,0.8206
voluntary_pools,probability_weighted,3,_stress_projected_successful_target,USD,200000,69531160860,176171.569394,34985.3807753,1181.38772794,2638.22474655,9322.64795551,123297.908919,368772.854389,695820.897967,1
voluntary_pools,probability_weighted,3,_surcharge_rate,proportion,200000,69531160860,0.05,0.05,0.05,0.05,0.05,0.05,0.05,0.05,1
voluntary_pools,probability_weighted,3,_willing_pledge,USD_pledge_principal,200000,69531160860,32413.2357234,618.458394257,0,0,1.81930459586,9782.11406545,72008.9251331,185459.38535,0.767945
voluntary_pools,probability_weighted,3,dac_bonus_liability_locked,USD_internal_liability,200000,69531160860,271.885979516,31.0258483792,0,0,0.0877653496185,295.494064456,917.865728665,1302.56379763,0.767945
voluntary_pools,probability_weighted,3,dac_bonus_liability_released,USD_internal_liability,200000,69531160860,100.433329948,10.8548630098,0,0,0.0801498811334,70.5103322385,209.551802424,441.893390241,0.767945
voluntary_pools,probability_weighted,3,dac_bonus_paid,USD_internal_transfer,200000,69531160860,171.452649568,6.17300369095,0,0,0,149.431968957,656.563291347,1010.33189617,0.56121
voluntary_pools,probability_weighted,3,dac_capacity_waiting_pledges,USD_pledge_principal,200000,69531160860,27135.0872687,0,0,0,0,0,56302.7569274,173268.258061,0.153135
voluntary_pools,probability_weighted,3,dac_free_reserve,USD_reserve_state,200000,69531160860,2116.44887965,2500,188.015760337,439.594396728,2083.68156085,2500.57628525,2528.69003572,2611.39362892,1
voluntary_pools,probability_weighted,3,dac_funding_lost_to_surcharge,USD,200000,69531160860,6297.00396839,7.23522192592,0,0,0.0075260714135,94.060875097,4023.38856423,20320.8607804,0.753565
voluntary_pools,probability_weighted,3,dac_gross_threshold,USD,200000,69531160860,528514.708183,104956.142326,3544.16318381,7914.67423966,27967.9438665,369893.726756,1106318.56317,2087462.6939,1
voluntary_pools,probability_weighted,3,dac_incremental_funding_caused_by_bonus,USD,200000,69531160860,5.27449518306,0,0,0,0,0.786750280629,6.33600001641,15.536024946,0.46486
voluntary_pools,probability_weighted,3,dac_pledge_principal,USD,200000,69531160860,5278.14845475,618.458394257,0,0,1.81930459586,5747.35827166,17584.5302871,24842.794714,0.767945
voluntary_pools,probability_weighted,3,dac_project_funding,USD,200000,69531160860,1840.00853524,204.387312984,0,0,1.55500841576,1294.81717321,3847.40540792,8022.88273852,0.767945
voluntary_pools,probability_weighted,3,dac_project_target,USD,200000,69531160860,503347.341127,99958.2307866,3375.39350839,7537.78499015,26636.1370157,352279.739768,1053636.72683,1988059.70848,1
voluntary_pools,probability_weighted,3,dac_required_surcharge,USD_internal_threshold_component,200000,69531160860,25167.3670563,4997.91153933,168.769675419,376.889249507,1331.80685079,17613.9869884,52681.8363413,99402.9854238,1
voluntary_pools,probability_weighted,3,dac_reserve_cash,USD_reserve_state,200000,69531160860,2116.44887965,2500,188.015760337,439.594396728,2083.68156085,2500.57628525,2528.69003572,2611.39362892,1
voluntary_pools,probability_weighted,3,dac_returned_or_cancelled_principal,USD,200000,69531160860,3346.13949274,123.836407258,0,0,0,2935.76402394,12637.4413963,19259.7252912,0.564505
voluntary_pools,probability_weighted,3,dac_surcharge_inflow,USD_internal_transfer,200000,69531160860,92.0004267619,10.2193656492,0,0,0.0777504207878,64.7408586605,192.370270396,401.144136926,0.767945
voluntary_pools,probability_weighted,3,lapsed_dac_projects,projects,200000,69531160860,75.9560671889,34.4594365982,2.00817522734,4.07630893134,12.1202023599,86.0457389584,183.515197512,280.092050029,1
voluntary_pools,probability_weighted,3,successful_dac_projects,projects,200000,69531160860,0.924283411598,0.0758236596798,0,0,0.000544173544108,0.374784491811,1.00844391217,1.88848528493,0.767945
voluntary_pools,probability_weighted,4,_contributor_choice_principal,USD_pledge_principal,200000,69531160860,320579.372728,3023.56182461,0,7.4105016107,224.111009351,30539.9679484,212980.773756,641299.255757,0.93611
voluntary_pools,probability_weighted,4,_gross_threshold,USD,200000,69531160860,736454.921239,146250.362258,4938.58804301,11028.6444323,38971.7250599,515425.684824,1541591.44048,2908759.4915,1
voluntary_pools,probability_weighted,4,_mean_pledge,USD_per_contributor,200000,69531160860,121.176997446,74.7469578057,14.9073707728,21.2116432617,38.4344408897,145.247174635,262.92726127,377.617965955,1
voluntary_pools,probability_weighted,4,_potential_contributors,contributors,200000,69531160860,8735.07811467,1005.02154599,16.3530277877,43.3380095268,203.315864372,4490.15751877,16202.6647384,33970.7583782,1
voluntary_pools,probability_weighted,4,_potential_pledge_principal,USD_pledge_principal,200000,69531160860,1376657.29844,73292.5633146,768.06099044,2251.65491138,12200.9414654,404302.728605,1818256.97236,4338528.67821,1
voluntary_pools,probability_weighted,4,_project_target,USD,200000,69531160860,701385.639275,139286.059293,4703.41718382,10503.4708879,37115.9286285,490881.604594,1468182.32427,2770247.13476,1
voluntary_pools,probability_weighted,4,_reserve_before,USD_reserve_state,200000,69531160860,2116.44887965,2500,188.015760337,439.594396728,2083.68156085,2500.57628525,2528.69003572,2611.39362892,1
voluntary_pools,probability_weighted,4,_reserve_capacity_probability,indicator,200000,69531160860,0.19053,0,0,0,0,0,1,1,0.19053
voluntary_pools,probability_weighted,4,_reserve_exhaustion_probability,indicator,200000,69531160860,0,0,0,0,0,0,0,0,0
voluntary_pools,probability_weighted,4,_stress_projected_liability,USD_internal_liability,200000,69531160860,5295.58787497,452.376122891,0,0,17.8556387259,3651.89401367,15695.0464355,30155.2842163,0.8206
voluntary_pools,probability_weighted,4,_stress_projected_successful_target,USD,200000,69531160860,245484.973746,48750.1207525,1646.19601434,3676.21481077,12990.57502,171808.561608,513863.813493,969586.497166,1
voluntary_pools,probability_weighted,4,_surcharge_rate,proportion,200000,69531160860,0.05,0.05,0.05,0.05,0.05,0.05,0.05,0.05,1
voluntary_pools,probability_weighted,4,_willing_pledge,USD_pledge_principal,200000,69531160860,45097.2675437,861.78628716,0,0,2.535096568,13633.5266643,99756.1353872,258066.072651,0.767945
voluntary_pools,probability_weighted,4,dac_bonus_liability_locked,USD_internal_liability,200000,69531160860,282.067071718,43.2327396169,0,0,0.122295978977,295.272765952,832.041903381,1154.2081145,0.767945
voluntary_pools,probability_weighted,4,dac_bonus_liability_released,USD_internal_liability,200000,69531160860,132.749613048,15.1256477857,0,0,0.111684260611,78.5648862696,264.496446539,567.632040266,0.767945
voluntary_pools,probability_weighted,4,dac_bonus_paid,USD_internal_transfer,200000,69531160860,149.31745867,10.3191130643,0,0,0,149.110647647,528.141809699,819.279353426,0.5676
voluntary_pools,probability_weighted,4,dac_capacity_waiting_pledges,USD_pledge_principal,200000,69531160860,39614.8988205,0,0,0,0,0,85750.0091291,245382.291947,0.19053
voluntary_pools,probability_weighted,4,dac_free_reserve,USD_reserve_state,200000,69531160860,2088.51652319,2500,145.864053719,314.511851457,1829.08735191,2501.18164873,2554.7165223,2719.63026301,1
voluntary_pools,probability_weighted,4,dac_funding_lost_to_surcharge,USD,200000,69531160860,8867.87547132,10.321609374,0,0,0.025146700698,153.744747942,6155.0618865,27987.7595886,0.75594
voluntary_pools,probability_weighted,4,dac_gross_threshold,USD,200000,69531160860,736454.921239,146250.362258,4938.58804301,11028.6444323,38971.7250599,515425.684824,1541591.44048,2908759.4915,1
voluntary_pools,probability_weighted,4,dac_incremental_funding_caused_by_bonus,USD,200000,69531160860,5.38383219876,0,0,0,0,0.732274163299,5.97084513028,14.2538559702,0.43536
voluntary_pools,probability_weighted,4,dac_pledge_principal,USD,200000,69531160860,5482.36872326,861.78628716,0,0,2.535096568,5714.76592506,16032.1629368,22790.0851439,0.767945
voluntary_pools,probability_weighted,4,dac_project_funding,USD,200000,69531160860,2427.70204417,284.801993509,0,0,2.16681500556,1459.46735719,4858.50413887,10295.034119,0.767945
voluntary_pools,probability_weighted,4,dac_project_target,USD,200000,69531160860,701385.639275,139286.059293,4703.41718382,10503.4708879,37115.9286285,490881.604594,1468182.32427,2770247.13476,1
voluntary_pools,probability_weighted,4,dac_required_surcharge,USD_internal_threshold_component,200000,69531160860,35069.2819637,6964.30296464,235.170859191,525.173544396,1855.79643142,24544.0802297,73409.1162133,138512.356738,1
voluntary_pools,probability_weighted,4,dac_reserve_cash,USD_reserve_state,200000,69531160860,2088.51652319,2500,145.864053719,314.511851457,1829.08735191,2501.18164873,2554.7165223,2719.63026301,1
voluntary_pools,probability_weighted,4,dac_returned_or_cancelled_principal,USD,200000,69531160860,2933.28157689,206.405259969,0,0,0,2912.92126147,10288.8833264,15802.88017,0.569105
voluntary_pools,probability_weighted,4,dac_surcharge_inflow,USD_internal_transfer,200000,69531160860,121.385102209,14.2400996754,0,0,0.108340750278,72.9733678597,242.925206944,514.75170595,0.767945
voluntary_pools,probability_weighted,4,lapsed_dac_projects,projects,200000,69531160860,106.043595614,48.2284001705,2.80702743879,5.68881965384,16.9374411217,120.306677225,256.037753368,390.692213645,1
voluntary_pools,probability_weighted,4,successful_dac_projects,projects,200000,69531160860,1.08476178,0.104787287418,0,0,0.000758274610643,0.471439645036,1.20205280649,2.1192742572,0.767945
voluntary_pools,probability_weighted,5,_contributor_choice_principal,USD_pledge_principal,200000,69531160860,410587.880572,3877.27339862,0,9.50287853608,287.389411991,39139.8156426,271818.331076,820478.099568,0.93611
voluntary_pools,probability_weighted,5,_gross_threshold,USD,200000,69531160860,944395.134294,187544.582189,6333.01290222,14142.614625,49975.5062533,660957.642892,1976864.31779,3730056.2891,1
voluntary_pools,probability_weighted,5,_mean_pledge,USD_per_contributor,200000,69531160860,121.176997446,74.7469578057,14.9073707728,21.2116432617,38.4344408897,145.247174635,262.92726127,377.617965955,1
voluntary_pools,probability_weighted,5,_potential_contributors,contributors,200000,69531160860,11201.4531118,1288.79233544,20.9703532807,55.5746239814,260.722696665,5757.96670055,20777.5347821,43562.5019203,1
voluntary_pools,probability_weighted,5,_potential_pledge_principal,USD_pledge_principal,200000,69531160860,1765360.53564,93986.9341329,984.925270093,2887.41629813,15645.9131732,518458.793152,2331647.17632,5563525.01089,1
voluntary_pools,probability_weighted,5,_project_target,USD,200000,69531160860,899423.937423,178613.887799,6031.44085925,13469.1567857,47595.7202412,629483.469421,1882727.92171,3552434.56105,1
voluntary_pools,probability_weighted,5,_reserve_before,USD_reserve_state,200000,69531160860,2088.51652319,2500,145.864053719,314.511851457,1829.08735191,2501.18164873,2554.7165223,2719.63026301,1
voluntary_pools,probability_weighted,5,_reserve_capacity_probability,indicator,200000,69531160860,0.22092,0,0,0,0,0,1,1,0.22092
voluntary_pools,probability_weighted,5,_reserve_exhaustion_probability,indicator,200000,69531160860,0,0,0,0,0,0,0,0,0
voluntary_pools,probability_weighted,5,_stress_projected_liability,USD_internal_liability,200000,69531160860,6790.81268672,580.105851707,0,0,22.8972308367,4683.01702929,20126.5889585,38669.7174068,0.8206
voluntary_pools,probability_weighted,5,_stress_projected_successful_target,USD,200000,69531160860,314798.378098,62514.8607297,2111.00430074,4714.20487499,16658.5020844,220319.214297,658954.772597,1243352.09637,1
voluntary_pools,probability_weighted,5,_surcharge_rate,proportion,200000,69531160860,0.05,0.05,0.05,0.05,0.05,0.05,0.05,0.05,1
voluntary_pools,probability_weighted,5,_willing_pledge,USD_pledge_principal,200000,69531160860,57800.7652058,1105.11418,0,0,3.25088854014,17485.7450173,127637.086417,330923.653013,0.767945
voluntary_pools,probability_weighted,5,dac_bonus_liability_locked,USD_internal_liability,200000,69531160860,315.5673278,54.4967435052,0,0,0.156826608335,303.648925284,792.127836223,1163.52470761,0.767945
voluntary_pools,probability_weighted,5,dac_bonus_liability_released,USD_internal_liability,200000,69531160860,165.355406193,19.3964398838,0,0,0.143218640077,91.169997387,326.262401108,702.526996574,0.767945
voluntary_pools,probability_weighted,5,dac_bonus_paid,USD_internal_transfer,200000,69531160860,150.211921607,13.5923842907,0,0,0,151.829306467,498.629406237,739.513657259,0.56848
voluntary_pools,probability_weighted,5,dac_capacity_waiting_pledges,USD_pledge_principal,200000,69531160860,51680.7954269,0,0,0,0,0,111291.115145,313471.418453,0.22092
voluntary_pools,probability_weighted,5,dac_free_reserve,USD_reserve_state,200000,69531160860,2089.45746243,2500,125.218025734,260.701204643,1580.22485996,2502.1166191,2591.80052247,2875.92394156,1
voluntary_pools,probability_weighted,5,dac_funding_lost_to_surcharge,USD,200000,69531160860,11443.1276165,13.4250721252,0,0,0.0441870965608,284.84777655,8044.30886159,36238.583669,0.757
voluntary_pools,probability_weighted,5,dac_gross_threshold,USD,200000,69531160860,944395.134294,187544.582189,6333.01290222,14142.614625,49975.5062533,660957.642892,1976864.31779,3730056.2891,1
voluntary_pools,probability_weighted,5,dac_incremental_funding_caused_by_bonus,USD,200000,69531160860,5.97889072516,0,0,0,0,0.651489292516,5.5761460947,13.5279101516,0.41103
voluntary_pools,probability_weighted,5,dac_pledge_principal,USD,200000,69531160860,6119.96977883,1059.82857253,0,0,3.25088854014,5880.17402223,15258.3175122,23033.2619036,0.767945
voluntary_pools,probability_weighted,5,dac_project_funding,USD,200000,69531160860,3023.05721703,362.3905129,0,0,2.77862159537,1691.72281196,5986.11313636,12713.2602946,0.767945
voluntary_pools,probability_weighted,5,dac_project_target,USD,200000,69531160860,899423.937423,178613.887799,6031.44085925,13469.1567857,47595.7202412,629483.469421,1882727.92171,3552434.56105,1
voluntary_pools,probability_weighted,5,dac_required_surcharge,USD_internal_threshold_component,200000,69531160860,44971.1968712,8930.69438995,301.572042963,673.457839284,2379.78601206,31474.1734711,94136.3960853,177621.728052,1
voluntary_pools,probability_weighted,5,dac_reserve_cash,USD_reserve_state,200000,69531160860,2089.45746243,2500,125.218025734,260.701204643,1580.22485996,2502.1166191,2591.80052247,2875.92394156,1
voluntary_pools,probability_weighted,5,dac_returned_or_cancelled_principal,USD,200000,69531160860,2945.75970095,272.116324067,0,0,0,2962.75953945,9649.99992943,14269.9185932,0.57034
voluntary_pools,probability_weighted,5,dac_surcharge_inflow,USD_internal_transfer,200000,69531160860,151.152860852,18.119525645,0,0,0.138931079768,84.586140598,299.305656818,635.663014729,0.767945
voluntary_pools,probability_weighted,5,lapsed_dac_projects,projects,200000,69531160860,136.113374655,61.9872057204,3.59309336647,7.28632564323,21.7360505307,154.555102569,328.521084238,501.073916369,1
voluntary_pools,probability_weighted,5,successful_dac_projects,projects,200000,69531160860,1.26298953265,0.131997008022,0,0,0.000972375677177,0.562228106004,1.40547585001,2.43757233702,0.767945
compulsory_5pct_governance,conditional,1,_contributor_choice_principal,USD_pledge_principal,200000,69521260844,145645.865502,4486.09025868,38.7850623417,113.961534632,673.344066965,26516.1093203,131941.531597,348621.33542,1
compulsory_5pct_governance,conditional,1,_gross_threshold,USD,200000,69521260844,375136.727892,99333.3260817,6961.5559576,12446.446852,33172.6600078,297901.588543,805916.604798,1451781.66172,1
compulsory_5pct_governance,conditional,1,_mean_pledge,USD_per_contributor,200000,69521260844,121.851627722,75.0531769961,14.7838509605,21.2179854092,38.6988744337,146.082645791,264.20219683,379.667880146,1
compulsory_5pct_governance,conditional,1,_potential_contributors,contributors,200000,69521260844,3937.87347595,740.262085435,35.9516139651,70.2724186579,214.134013226,2551.98649639,7774.6855441,15081.4559482,1
compulsory_5pct_governance,conditional,1,_potential_pledge_principal,USD_pledge_principal,200000,69521260844,618192.724849,55413.3010825,1483.68550203,3277.00275373,12577.4577173,245319.998495,931627.076188,2091557.51806,1
compulsory_5pct_governance,conditional,1,_project_target,USD,200000,69521260844,341095.002044,93831.629769,6750.37305671,12043.386012,31892.2310379,276647.586922,736848.234504,1316469.33752,1
compulsory_5pct_governance,conditional,1,_reserve_before,USD_reserve_state,200000,69521260844,2500,2500,2500,2500,2500,2500,2500,2500,1
compulsory_5pct_governance,conditional,1,_reserve_capacity_probability,indicator,200000,69521260844,0.14259,0,0,0,0,0,1,1,0.14259
compulsory_5pct_governance,conditional,1,_reserve_exhaustion_probability,indicator,200000,69521260844,0,0,0,0,0,0,0,0,0
compulsory_5pct_governance,conditional,1,_stress_projected_liability,USD_internal_liability,200000,69521260844,2561.55993754,783.175360111,13.2940784296,33.5413148188,156.000211111,3291.27707448,7898.74357662,11161.7747331,1
compulsory_5pct_governance,conditional,1,_stress_projected_successful_target,USD,200000,69521260844,119383.250715,32841.0704191,2362.63056985,4215.1851042,11162.2808633,96826.6554227,257896.882076,460764.268131,1
compulsory_5pct_governance,conditional,1,_surcharge_rate,proportion,200000,69521260844,0.0615744433553,0.0405308057618,0.0282127052549,0.0285366610371,0.0304960033778,0.0806604331916,0.15,0.15,1
compulsory_5pct_governance,conditional,1,_willing_pledge,USD_pledge_principal,200000,69521260844,21734.1297278,3288.35797662,28.3234973293,82.7862072606,495.876448794,18439.0928016,67848.6649484,116873.425511,1
compulsory_5pct_governance,conditional,1,dac_bonus_liability_locked,USD_internal_liability,200000,69521260844,672.310424942,179.216153678,1.50358136753,4.3907577782,26.7424332766,1016.49119251,2500,2500,1
compulsory_5pct_governance,conditional,1,dac_bonus_liability_released,USD_internal_liability,200000,69521260844,123.397847633,34.9873394875,1.06950104338,2.45400820885,8.89348566253,147.502112024,292.388549068,511.95323127,1
compulsory_5pct_governance,conditional,1,dac_bonus_paid,USD_internal_transfer,200000,69521260844,548.912577309,126.408905915,0,0,5.88899127166,785.442757037,2160.60669814,2305.6340876,0.806675
compulsory_5pct_governance,conditional,1,dac_capacity_waiting_pledges,USD_pledge_principal,200000,69521260844,9588.6012834,0,0,0,0,0,22827.1355978,72156.3427384,0.14259
compulsory_5pct_governance,conditional,1,dac_free_reserve,USD_reserve_state,200000,69521260844,2153.75127353,2431.66015914,616.861954084,923.486744505,1983.03156626,2500.48122873,2515.73692095,2587.75661818,1
compulsory_5pct_governance,conditional,1,dac_funding_lost_to_surcharge,USD,200000,69521260844,3187.67675483,22.1993050727,0.138066555337,0.529626334744,2.9995385898,281.085095544,3930.08232544,13313.8450277,0.97209
compulsory_5pct_governance,conditional,1,dac_gross_threshold,USD,200000,69521260844,375136.727892,99333.3260817,6961.5559576,12446.446852,33172.6600078,297901.588543,805916.604798,1451781.66172,1
compulsory_5pct_governance,conditional,1,dac_incremental_funding_caused_by_bonus,USD,200000,69521260844,10.8029350169,0.246219788155,0,0,0,3.17299935746,15.6324318049,35.0880628206,0.633435
compulsory_5pct_governance,conditional,1,dac_pledge_principal,USD,200000,69521260844,12145.5284444,3288.35797662,28.3234973293,82.7862072606,495.876448794,18439.0928016,42419.9044126,45319.7813673,1
compulsory_5pct_governance,conditional,1,dac_project_funding,USD,200000,69521260844,2026.61431215,613.161003601,19.6231442541,44.87592987,159.694616968,2396.04295431,4750.51758835,8325.95683532,1
compulsory_5pct_governance,conditional,1,dac_project_target,USD,200000,69521260844,341095.002044,93831.629769,6750.37305671,12043.386012,31892.2310379,276647.586922,736848.234504,1316469.33752,1
compulsory_5pct_governance,conditional,1,dac_required_surcharge,USD_internal_threshold_component,200000,69521260844,34041.7258483,4384.08859507,205.409424582,383.910930012,1155.46573702,19343.3400265,68306.5038973,138954.275847,1
compulsory_5pct_governance,conditional,1,dac_reserve_cash,USD_reserve_state,200000,69521260844,2153.75127353,2431.66015914,616.861954084,923.486744505,1983.03156626,2500.48122873,2515.73692095,2587.75661818,1
compulsory_5pct_governance,conditional,1,dac_returned_or_cancelled_principal,USD,200000,69521260844,9916.25028142,2316.8884149,0,0,109.519877021,14259.1615533,37914.9791656,40396.9056736,0.807275
compulsory_5pct_governance,conditional,1,dac_surcharge_inflow,USD_internal_transfer,200000,69521260844,202.663850843,26.3606181661,0.558810199474,1.30530713205,5.10356115695,199.735980224,536.308290865,911.72988316,1
compulsory_5pct_governance,conditional,1,lapsed_dac_projects,projects,200000,69521260844,51.0958567336,30.2916604408,5.36766318201,7.96132787908,15.0456993464,60.3847241881,112.686229638,163.193618572,1
compulsory_5pct_governance,conditional,1,successful_dac_projects,projects,200000,69521260844,1.10960325004,0.182002892455,0.00848644914264,0.0213571083698,0.0651651370744,0.511800491172,1.43470762422,3.43793009935,1
compulsory_5pct_governance,conditional,2,_contributor_choice_principal,USD_pledge_principal,200000,69521260844,411432.312823,12072.7562451,112.587250007,331.209604685,1957.95119936,69223.7939057,372701.272423,985765.907318,1
compulsory_5pct_governance,conditional,2,_gross_threshold,USD,200000,69521260844,1087177.23855,288221.154739,19688.3328092,35390.9434458,95612.4890717,866087.642985,2344302.64287,4209529.06853,1
compulsory_5pct_governance,conditional,2,_mean_pledge,USD_per_contributor,200000,69521260844,121.851627722,75.0531769961,14.7838509605,21.2179854092,38.6988744337,146.082645791,264.20219683,379.667880146,1
compulsory_5pct_governance,conditional,2,_potential_contributors,contributors,200000,69521260844,11207.7937392,2106.89978162,102.323824362,200.006114642,609.458345334,7263.34618204,22127.951164,42924.1438526,1
compulsory_5pct_governance,conditional,2,_potential_pledge_principal,USD_pledge_principal,200000,69521260844,1759471.60149,157714.780004,4222.79719808,9326.85399139,35797.3796568,698218.457254,2651553.98607,5952894.47448,1
compulsory_5pct_governance,conditional,2,_project_target,USD,200000,69521260844,970808.851971,267059.253958,19212.6002383,34277.3294188,90770.1960309,787381.593547,2097183.43667,3746874.26832,1
compulsory_5pct_governance,conditional,2,_reserve_before,USD_reserve_state,200000,69521260844,2153.75127353,2431.66015914,616.861954084,923.486744505,1983.03156626,2500.48122873,2515.73692095,2587.75661818,1
compulsory_5pct_governance,conditional,2,_reserve_capacity_probability,indicator,200000,69521260844,0.28156,0,0,0,0,1,1,1,0.28156
compulsory_5pct_governance,conditional,2,_reserve_exhaustion_probability,indicator,200000,69521260844,0,0,0,0,0,0,0,0,0
compulsory_5pct_governance,conditional,2,_stress_projected_liability,USD_internal_liability,200000,69521260844,7346.86509004,2225.89132178,37.8369924535,95.4602774296,443.344176795,9414.33930818,22779.3591296,32090.5562089,1
compulsory_5pct_governance,conditional,2,_stress_projected_successful_target,USD,200000,69521260844,339783.09819,93470.7388853,6724.41008341,11997.0652966,31769.5686108,275583.557741,734014.202833,1311405.99391,1
compulsory_5pct_governance,conditional,2,_surcharge_rate,proportion,200000,69521260844,0.0783995636569,0.0559872868078,0.02,0.02,0.02,0.15,0.15,0.15,1
compulsory_5pct_governance,conditional,2,_willing_pledge,USD_pledge_principal,200000,69521260844,60905.5864678,8865.14157138,82.4856714597,241.432225709,1440.65989332,47812.1707118,193849.765961,333444.768082,1
compulsory_5pct_governance,conditional,2,dac_bonus_liability_locked,USD_internal_liability,200000,69521260844,710.174123894,467.515065656,4.37960259611,12.7889448214,77.7490217311,1098.44147184,1751.95231556,2050.73547362,1
compulsory_5pct_governance,conditional,2,dac_bonus_liability_released,USD_internal_liability,200000,69521260844,245.280050387,92.8596270639,3.08033735459,7.0513562445,25.3917520401,214.602260295,563.031073525,1016.10776861,1
compulsory_5pct_governance,conditional,2,dac_bonus_paid,USD_internal_transfer,200000,69521260844,464.894073507,269.80484968,0,0,15.4947561168,726.064799441,1364.8685215,1599.01220859,0.80384
compulsory_5pct_governance,conditional,2,dac_capacity_waiting_pledges,USD_pledge_principal,200000,69521260844,47988.3536546,0,0,0,0,12747.5005268,172510.808253,312242.025496,0.28156
compulsory_5pct_governance,conditional,2,dac_free_reserve,USD_reserve_state,200000,69521260844,2178.01962818,2334.45879535,393.293350288,551.369292156,1426.53657679,2504.05619892,2682.49429095,3597.98147733,1
compulsory_5pct_governance,conditional,2,dac_funding_lost_to_surcharge,USD,200000,69521260844,11037.5921906,87.1248754947,0.480720330699,1.32055547331,7.51865059237,2258.00340778,18557.961381,54487.3318848,0.98542
compulsory_5pct_governance,conditional,2,dac_gross_threshold,USD,200000,69521260844,1087177.23855,288221.154739,19688.3328092,35390.9434458,95612.4890717,866087.642985,2344302.64287,4209529.06853,1
compulsory_5pct_governance,conditional,2,dac_incremental_funding_caused_by_bonus,USD,200000,69521260844,9.7323076329,0.0934766285901,0,0,0,3.4506090232,14.4542401969,30.167053959,0.534525
compulsory_5pct_governance,conditional,2,dac_pledge_principal,USD,200000,69521260844,12917.2328133,8481.96007536,82.4856714597,241.432225709,1440.65989332,19863.4252428,31653.5237628,38280.7359927,1
compulsory_5pct_governance,conditional,2,dac_project_funding,USD,200000,69521260844,3940.83574964,1517.44339989,57.0285851382,130.152128074,457.592726534,3510.75512584,9027.94925118,16111.6022475,1
compulsory_5pct_governance,conditional,2,dac_project_target,USD,200000,69521260844,970808.851971,267059.253958,19212.6002383,34277.3294188,90770.1960309,787381.593547,2097183.43667,3746874.26832,1
compulsory_5pct_governance,conditional,2,dac_required_surcharge,USD_internal_threshold_component,200000,69521260844,116368.386577,15669.0352772,414.763849622,822.244030836,2891.86882623,76509.4767056,252284.858551,487487.052885,1
compulsory_5pct_governance,conditional,2,dac_reserve_cash,USD_reserve_state,200000,69521260844,2178.01962818,2334.45879535,393.293350288,551.369292156,1426.53657679,2504.05619892,2682.49429095,3597.98147733,1
compulsory_5pct_governance,conditional,2,dac_returned_or_cancelled_principal,USD,200000,69521260844,8487.23463548,4728.43212313,0,0,288.527371531,13232.2916118,24690.8785989,29039.3604857,0.805675
compulsory_5pct_governance,conditional,2,dac_surcharge_inflow,USD_internal_transfer,200000,69521260844,489.162428156,97.0123106885,1.14061042872,2.62061444778,10.8624026637,407.404230244,1174.53682582,2167.67015346,1
compulsory_5pct_governance,conditional,2,lapsed_dac_projects,projects,200000,69521260844,146.999375042,87.8045664766,16.0059960984,23.3974745444,43.8452533918,173.985336004,323.320521576,466.986132468,1
compulsory_5pct_governance,conditional,2,successful_dac_projects,projects,200000,69521260844,1.5853956807,0.462953029838,0.0248370528074,0.0619037901458,0.184650293911,1.01295295671,2.08906090126,3.68381165659,1
compulsory_5pct_governance,conditional,3,_contributor_choice_principal,USD_pledge_principal,200000,69521260844,670840.02995,18074.3490418,185.617169245,545.992348357,3211.01668234,112494.360097,598615.345306,1600759.41086,1
compulsory_5pct_governance,conditional,3,_gross_threshold,USD,200000,69521260844,1803621.45511,481126.715934,32582.9347787,58965.2514616,160108.398256,1442855.72705,3887692.052,6968043.38652,1
compulsory_5pct_governance,conditional,3,_mean_pledge,USD_per_contributor,200000,69521260844,121.851627722,75.0531769961,14.7838509605,21.2179854092,38.6988744337,146.082645791,264.20219683,379.667880146,1
compulsory_5pct_governance,conditional,3,_potential_contributors,contributors,200000,69521260844,18477.7140025,3473.53747781,168.696034759,329.739810625,1004.78267744,11974.7058677,36481.2167838,70766.8317569,1
compulsory_5pct_governance,conditional,3,_potential_pledge_principal,USD_pledge_principal,200000,69521260844,2900750.47814,260016.258925,6961.90889413,15376.705229,59017.3015963,1151116.91601,4371480.89596,9814231.43089,1
compulsory_5pct_governance,conditional,3,_project_target,USD,200000,69521260844,1600522.7019,440286.878147,31674.8274199,56511.2728256,149648.161024,1298115.60017,3457518.63883,6177279.19912,1
compulsory_5pct_governance,conditional,3,_reserve_before,USD_reserve_state,200000,69521260844,2178.01962818,2334.45879535,393.293350288,551.369292156,1426.53657679,2504.05619892,2682.49429095,3597.98147733,1
compulsory_5pct_governance,conditional,3,_reserve_capacity_probability,indicator,200000,69521260844,0.360875,0,0,0,0,1,1,1,0.360875
compulsory_5pct_governance,conditional,3,_reserve_exhaustion_probability,indicator,200000,69521260844,0,0,0,0,0,0,0,0,0
compulsory_5pct_governance,conditional,3,_stress_projected_liability,USD_internal_liability,200000,69521260844,12157.8659177,3677.89659127,62.3799064774,157.380457384,730.672594532,15726.7511834,37568.8952126,52906.0521282,1
compulsory_5pct_governance,conditional,3,_stress_projected_successful_target,USD,200000,69521260844,560182.945664,154100.407351,11086.189597,19778.945489,52376.8563584,454340.46006,1210131.52359,2162047.71969,1
compulsory_5pct_governance,conditional,3,_surcharge_rate,proportion,200000,69521260844,0.0899742269702,0.103581250923,0.02,0.02,0.02,0.15,0.15,0.15,1
compulsory_5pct_governance,conditional,3,_willing_pledge,USD_pledge_principal,200000,69521260844,99663.913807,13364.5074036,135.990095392,397.963729803,2358.27662577,78551.1523552,317628.613676,549033.414641,1
compulsory_5pct_governance,conditional,3,dac_bonus_liability_locked,USD_internal_liability,200000,69521260844,901.256970514,460.969290161,7.22052656093,21.0827244989,127.404056497,1049.44616897,1820.47401851,3052.46926637,1
compulsory_5pct_governance,conditional,3,dac_bonus_liability_released,USD_internal_liability,200000,69521260844,386.378327794,109.671737522,5.07839412776,11.6259826841,41.4579349208,313.609224862,849.968097278,1560.11608074,1
compulsory_5pct_governance,conditional,3,dac_bonus_paid,USD_internal_transfer,200000,69521260844,514.87864272,288.614082824,0,0,25.7153295204,711.520529045,1200.29565849,1545.72501012,0.80422
compulsory_5pct_governance,conditional,3,dac_capacity_waiting_pledges,USD_pledge_principal,200000,69521260844,83305.2933654,0,0,0,0,55824.2030976,282907.581991,508009.544366,0.360875
compulsory_5pct_governance,conditional,3,dac_free_reserve,USD_reserve_state,200000,69521260844,2484.48654887,2288.21843498,299.025865715,445.731898313,1185.96979968,2520.83845542,3459.61295413,5653.88240654,1
compulsory_5pct_governance,conditional,3,dac_funding_lost_to_surcharge,USD,200000,69521260844,18386.9689654,214.614229226,0.947928423786,2.39569909733,14.4124604429,4655.46068633,30931.2835131,91149.580264,0.991145
compulsory_5pct_governance,conditional,3,dac_gross_threshold,USD,200000,69521260844,1803621.45511,481126.715934,32582.9347787,58965.2514616,160108.398256,1442855.72705,3887692.052,6968043.38652,1
compulsory_5pct_governance,conditional,3,dac_incremental_funding_caused_by_bonus,USD,200000,69521260844,12.642896532,0,0,0,0,3.09931112489,13.760574332,32.432171077,0.47335
compulsory_5pct_governance,conditional,3,dac_pledge_principal,USD,200000,69521260844,16358.6204416,8448.11745681,135.990095392,397.963729803,2358.27662577,19066.8549476,33211.0995205,54994.9120571,1
compulsory_5pct_governance,conditional,3,dac_project_funding,USD,200000,69521260844,6147.87825403,1828.48004949,94.0205205272,214.488864888,735.613117064,5085.204597,13570.1867286,24627.2022753,1
compulsory_5pct_governance,conditional,3,dac_project_target,USD,200000,69521260844,1600522.7019,440286.878147,31674.8274199,56511.2728256,149648.161024,1298115.60017,3457518.63883,6177279.19912,1
compulsory_5pct_governance,conditional,3,dac_required_surcharge,USD_internal_threshold_component,200000,69521260844,203098.753213,32411.2510957,691.538738086,1425.32156834,5550.49643302,143958.348624,444866.284017,840835.852359,1
compulsory_5pct_governance,conditional,3,dac_reserve_cash,USD_reserve_state,200000,69521260844,2484.48654887,2288.21843498,299.025865715,445.731898313,1185.96979968,2520.83845542,3459.61295413,5653.88240654,1
compulsory_5pct_governance,conditional,3,dac_returned_or_cancelled_principal,USD,200000,69521260844,9389.39662415,5250.99970793,0,0,480.005898065,12929.3760244,21893.8693225,28660.9022321,0.806865
compulsory_5pct_governance,conditional,3,dac_surcharge_inflow,USD_internal_transfer,200000,69521260844,821.345563405,178.412106844,1.88046628452,4.31964001608,18.6952127132,639.24688282,1890.42846485,3510.78899019,1
compulsory_5pct_governance,conditional,3,lapsed_dac_projects,projects,200000,69521260844,242.969027704,145.612585875,26.5744533711,38.8301445221,72.741097752,287.655895939,533.745942382,770.771135944,1
compulsory_5pct_governance,conditional,3,successful_dac_projects,projects,200000,69521260844,1.9950537578,0.678815685071,0.0409214429521,0.101683281871,0.293310010324,1.40112035767,2.74455764196,4.38335933152,1
compulsory_5pct_governance,conditional,4,_contributor_choice_principal,USD_pledge_principal,200000,69521260844,932850.936884,23600.0355543,258.646875229,760.793293785,4417.44742353,155501.523962,829933.697892,2221025.37238,1
compulsory_5pct_governance,conditional,4,_gross_threshold,USD,200000,69521260844,2521923.35488,675823.49174,45834.4177723,83412.0071411,225035.107821,2021804.60745,5439504.70741,9751259.23647,1
compulsory_5pct_governance,conditional,4,_mean_pledge,USD_per_contributor,200000,69521260844,121.851627722,75.0531769961,14.7838509605,21.2179854092,38.6988744337,146.082645791,264.20219683,379.667880146,1
compulsory_5pct_governance,conditional,4,_potential_contributors,contributors,200000,69521260844,25747.6342658,4840.175174,235.068245156,459.473506609,1400.10700955,16686.0655533,50834.4824037,98609.5196613,1
compulsory_5pct_governance,conditional,4,_potential_pledge_principal,USD_pledge_principal,200000,69521260844,4042029.35478,362317.737847,9701.02059018,21426.5564667,82237.2235359,1604015.37477,6091407.80585,13675568.3873,1
compulsory_5pct_governance,conditional,4,_project_target,USD,200000,69521260844,2230236.55182,613514.502336,44137.0546015,78745.2162324,208526.126017,1808849.6068,4817853.84099,8607684.12992,1
compulsory_5pct_governance,conditional,4,_reserve_before,USD_reserve_state,200000,69521260844,2484.48654887,2288.21843498,299.025865715,445.731898313,1185.96979968,2520.83845542,3459.61295413,5653.88240654,1
compulsory_5pct_governance,conditional,4,_reserve_capacity_probability,indicator,200000,69521260844,0.410975,0,0,0,0,1,1,1,0.410975
compulsory_5pct_governance,conditional,4,_reserve_exhaustion_probability,indicator,200000,69521260844,0,0,0,0,0,0,0,0,0
compulsory_5pct_governance,conditional,4,_stress_projected_liability,USD_internal_liability,200000,69521260844,16954.2779985,5162.28253717,86.9228205014,219.300637338,1018.15033664,21917.0021053,52350.0998864,73721.5480476,1
compulsory_5pct_governance,conditional,4,_stress_projected_successful_target,USD,200000,69521260844,780582.793139,214730.075818,15447.9691105,27560.8256813,72984.144106,633097.362379,1686248.84435,3012689.44547,1
compulsory_5pct_governance,conditional,4,_surcharge_rate,proportion,200000,69521260844,0.097926647527,0.15,0.02,0.02,0.02,0.15,0.15,0.15,1
compulsory_5pct_governance,conditional,4,_willing_pledge,USD_pledge_principal,200000,69521260844,138568.887984,17456.8829118,189.49439525,554.494069434,3243.39693877,109227.804385,442389.933904,765003.615437,1
compulsory_5pct_governance,conditional,4,dac_bonus_liability_locked,USD_internal_liability,200000,69521260844,1210.76188295,483.62687651,10.0613895324,29.3737524211,170.861786076,1080.88516409,2512.28172874,4594.65033866,1
compulsory_5pct_governance,conditional,4,dac_bonus_liability_released,USD_internal_liability,200000,69521260844,536.73930186,139.391984261,7.07643523936,16.1976823761,50.9607827193,422.490087713,1167.0515289,2172.50104305,1
compulsory_5pct_governance,conditional,4,dac_bonus_paid,USD_internal_transfer,200000,69521260844,674.022581086,284.812971722,0,0,32.9492459297,727.813897946,1383.38826089,2444.34800693,0.80147
compulsory_5pct_governance,conditional,4,dac_capacity_waiting_pledges,USD_pledge_principal,200000,69521260844,116647.241708,0,0,0,0,79182.7813955,388130.691809,696359.42085,0.410975
compulsory_5pct_governance,conditional,4,dac_free_reserve,USD_reserve_state,200000,69521260844,2985.761537,2294.85051416,259.592815214,412.132326457,1107.3280786,2581.91109453,4713.8619189,8248.23585764,1
compulsory_5pct_governance,conditional,4,dac_funding_lost_to_surcharge,USD,200000,69521260844,25645.3937842,399.651470353,1.37191299931,3.46738781848,24.7410154144,6583.94687364,42769.1751184,127669.832653,0.992285
compulsory_5pct_governance,conditional,4,dac_gross_threshold,USD,200000,69521260844,2521923.35488,675823.49174,45834.4177723,83412.0071411,225035.107821,2021804.60745,5439504.70741,9751259.23647,1
compulsory_5pct_governance,conditional,4,dac_incremental_funding_caused_by_bonus,USD,200000,69521260844,17.2434251869,0,0,0,0,2.78734784232,14.0884625053,41.7445566497,0.43301
compulsory_5pct_governance,conditional,4,dac_pledge_principal,USD,200000,69521260844,21921.6462758,8838.86469428,189.49439525,554.494069434,3118.24868237,19727.0358174,45536.679132,82679.735249,1
compulsory_5pct_governance,conditional,4,dac_project_funding,USD,200000,69521260844,8502.25856547,2311.62135506,130.991182146,298.259850348,871.75218198,6811.33143588,18504.0112104,34209.2163411,1
compulsory_5pct_governance,conditional,4,dac_project_target,USD,200000,69521260844,2230236.55182,613514.502336,44137.0546015,78745.2162324,208526.126017,1808849.6068,4817853.84099,8607684.12992,1
compulsory_5pct_governance,conditional,4,dac_required_surcharge,USD_internal_threshold_component,200000,69521260844,291686.803051,52364.4358047,1025.18651488,2170.35682394,9324.13599591,214224.990129,640036.798628,1194560.12462,1
compulsory_5pct_governance,conditional,4,dac_reserve_cash,USD_reserve_state,200000,69521260844,2985.761537,2294.85051416,259.592815214,412.132326457,1107.3280786,2581.91109453,4713.8619189,8248.23585764,1
compulsory_5pct_governance,conditional,4,dac_returned_or_cancelled_principal,USD,200000,69521260844,12244.0901411,5215.33681554,0,0,615.580749872,13252.9654227,25227.120754,44141.1079292,0.80503
compulsory_5pct_governance,conditional,4,dac_surcharge_inflow,USD_internal_transfer,200000,69521260844,1175.29756922,230.320918617,2.62032187194,6.05941174154,29.266993983,906.844429974,2660.90222141,4983.04365616,1
compulsory_5pct_governance,conditional,4,lapsed_dac_projects,projects,200000,69521260844,338.758259334,203.217211479,36.820191728,54.0795205906,101.540938582,401.204301037,743.988426537,1074.13447051,1
compulsory_5pct_governance,conditional,4,successful_dac_projects,projects,200000,69521260844,2.58513286695,0.87651076096,0.0569638649387,0.140608617611,0.391736541616,1.79096688646,3.4739660492,5.37707220292,1
compulsory_5pct_governance,conditional,5,_contributor_choice_principal,USD_pledge_principal,200000,69521260844,1195932.86324,29754.8786006,331.676581177,975.19554241,5549.80345948,198994.551837,1063774.4625,2846852.95896,1
compulsory_5pct_governance,conditional,5,_gross_threshold,USD,200000,69521260844,3240786.56144,871145.067814,59518.2590312,108025.922172,290686.601474,2602045.23031,6989019.93152,12518639.7237,1
compulsory_5pct_governance,conditional,5,_mean_pledge,USD_per_contributor,200000,69521260844,121.851627722,75.0531769961,14.7838509605,21.2179854092,38.6988744337,146.082645791,264.20219683,379.667880146,1
compulsory_5pct_governance,conditional,5,_potential_contributors,contributors,200000,69521260844,33017.5545291,6206.81287019,301.440455553,589.207202593,1795.43134166,21397.425239,65187.7480236,126452.207566,1
compulsory_5pct_governance,conditional,5,_potential_pledge_principal,USD_pledge_principal,200000,69521260844,5183308.23142,464619.216768,12440.1322862,27476.4077044,105457.145475,2056913.83353,7811334.71573,17536905.3437,1
compulsory_5pct_governance,conditional,5,_project_target,USD,200000,69521260844,2859950.40175,786742.126525,56599.2817832,100979.159639,267404.09101,2319583.61342,6178189.04315,11038089.0607,1
compulsory_5pct_governance,conditional,5,_reserve_before,USD_reserve_state,200000,69521260844,2985.761537,2294.85051416,259.592815214,412.132326457,1107.3280786,2581.91109453,4713.8619189,8248.23585764,1
compulsory_5pct_governance,conditional,5,_reserve_capacity_probability,indicator,200000,69521260844,0.446265,0,0,0,0,1,1,1,0.446265
compulsory_5pct_governance,conditional,5,_reserve_exhaustion_probability,indicator,200000,69521260844,0,0,0,0,0,0,0,0,0
compulsory_5pct_governance,conditional,5,_stress_projected_liability,USD_internal_liability,200000,69521260844,21746.2795814,6641.17530169,111.465734525,281.220817293,1305.62807875,28105.3321115,67131.3045602,94537.0439669,1
compulsory_5pct_governance,conditional,5,_stress_projected_successful_target,USD,200000,69521260844,1000982.64061,275359.744284,19809.7486241,35342.7058737,93591.4318535,811854.264698,2162366.1651,3863331.17125,1
compulsory_5pct_governance,conditional,5,_surcharge_rate,proportion,200000,69521260844,0.103883302912,0.15,0.02,0.02,0.0205305833814,0.15,0.15,0.15,1
compulsory_5pct_governance,conditional,5,_willing_pledge,USD_pledge_principal,200000,69521260844,177526.378759,21943.858717,242.998695086,710.374783966,4069.0140142,140013.155842,567301.219368,981024.975952,1
compulsory_5pct_governance,conditional,5,dac_bonus_liability_locked,USD_internal_liability,200000,69521260844,1559.44752964,519.389744081,12.9022524592,37.6595191863,181.80490478,1238.04881859,3388.08374173,6281.45321528,1
compulsory_5pct_governance,conditional,5,dac_bonus_liability_released,USD_internal_liability,200000,69521260844,687.336126263,173.347312834,9.07448754225,20.7360336623,58.4915659743,535.983004155,1493.81864638,2793.44930847,1
compulsory_5pct_governance,conditional,5,dac_bonus_paid,USD_internal_transfer,200000,69521260844,872.111403381,297.363576246,0,0,38.43037072,768.34436787,1893.30761406,3466.29491683,0.79883
compulsory_5pct_governance,conditional,5,dac_capacity_waiting_pledges,USD_pledge_principal,200000,69521260844,149325.423423,0,0,0,0,100292.994327,492987.91088,885684.650892,0.446265
compulsory_5pct_governance,conditional,5,dac_free_reserve,USD_reserve_state,200000,69521260844,3642.10958863,2346.99566623,245.513366769,407.827407136,1091.98719279,2757.75910974,6228.82453238,11170.8166584,1
compulsory_5pct_governance,conditional,5,dac_funding_lost_to_surcharge,USD,200000,69521260844,32914.2243145,658.783195399,1.78669122454,4.62835749976,40.2740854058,8449.25556199,54652.7287321,164045.596213,0.99248
compulsory_5pct_governance,conditional,5,dac_gross_threshold,USD,200000,69521260844,3240786.56144,871145.067814,59518.2590312,108025.922172,290686.601474,2602045.23031,6989019.93152,12518639.7237,1
compulsory_5pct_governance,conditional,5,dac_incremental_funding_caused_by_bonus,USD,200000,69521260844,21.638794837,0,0,0,0,2.55080138903,15.5805849928,54.6851130658,0.40441
compulsory_5pct_governance,conditional,5,dac_pledge_principal,USD,200000,69521260844,28200.9553365,9494.91020511,242.998695086,710.374783966,3349.17238475,22613.9585698,61151.7734983,113086.533397,1
compulsory_5pct_governance,conditional,5,dac_project_funding,USD,200000,69521260844,10863.1269926,2862.37145723,167.975834686,376.59824925,995.249165749,8586.92901968,23613.2421995,43918.4098456,1
compulsory_5pct_governance,conditional,5,dac_project_target,USD,200000,69521260844,2859950.40175,786742.126525,56599.2817832,100979.159639,267404.09101,2319583.61342,6178189.04315,11038089.0607,1
compulsory_5pct_governance,conditional,5,dac_required_surcharge,USD_internal_threshold_component,200000,69521260844,380836.159689,73992.3382399,1417.49105437,3097.10197459,14097.3712553,285304.59183,835954.468596,1548894.58492,1
compulsory_5pct_governance,conditional,5,dac_reserve_cash,USD_reserve_state,200000,69521260844,3642.10958863,2346.99566623,245.513366769,407.827407136,1091.98719279,2757.75910974,6228.82453238,11170.8166584,1
compulsory_5pct_governance,conditional,5,dac_returned_or_cancelled_principal,USD,200000,69521260844,15809.368889,5436.4705349,0,0,719.805543846,14027.0361018,34345.8976224,62860.7023856,0.803035
compulsory_5pct_governance,conditional,5,dac_surcharge_inflow,USD_internal_transfer,200000,69521260844,1528.45945501,308.356630435,3.3628430072,7.89176399315,44.9387436038,1187.48283159,3442.75466742,6456.64166549,1
compulsory_5pct_governance,conditional,5,lapsed_dac_projects,projects,200000,69521260844,434.502767413,260.753839915,47.2065956288,69.4011590591,130.394304747,514.669029498,954.039091238,1377.38605106,1
compulsory_5pct_governance,conditional,5,successful_dac_projects,projects,200000,69521260844,3.21993552675,1.07022107735,0.0728914706359,0.17862751109,0.48296565437,2.20092823003,4.27388439367,6.54929370067,1
compulsory_5pct_governance,probability_weighted,1,_contributor_choice_principal,USD_pledge_principal,200000,69531260863,92537.6074557,1364.93549413,4.98499717994,18.1489216953,146.184033748,10966.9415576,64118.2143804,185373.908583,1
compulsory_5pct_governance,probability_weighted,1,_gross_threshold,USD,200000,69531260863,216903.847792,41225.1256155,1388.05585422,3065.69941929,10875.9342302,147413.772213,445846.599947,845130.79954,1
compulsory_5pct_governance,probability_weighted,1,_mean_pledge,USD_per_contributor,200000,69531260863,122.012838351,75.0362902272,14.7475235914,21.0482343477,38.5414835221,145.895709757,265.231976332,379.087029581,1
compulsory_5pct_governance,probability_weighted,1,_potential_contributors,contributors,200000,69531260863,2431.98469087,270.630049595,4.49246027207,11.5842426377,54.8035894909,1216.76602886,4403.41074722,9277.49288814,1
compulsory_5pct_governance,probability_weighted,1,_potential_pledge_principal,USD_pledge_principal,200000,69531260863,386585.527174,19903.7906934,213.458114519,603.844140212,3298.06969659,110190.75038,496758.800637,1209365.49384,1
compulsory_5pct_governance,probability_weighted,1,_project_target,USD,200000,69531260863,200547.766889,39672.5766708,1350.03199221,2980.52231869,10552.9372259,139581.695358,416239.511633,783788.116042,1
compulsory_5pct_governance,probability_weighted,1,_reserve_before,USD_reserve_state,200000,69531260863,2500,2500,2500,2500,2500,2500,2500,2500,1
compulsory_5pct_governance,probability_weighted,1,_reserve_capacity_probability,indicator,200000,69531260863,0.070875,0,0,0,0,0,0,1,0.070875
compulsory_5pct_governance,probability_weighted,1,_reserve_exhaustion_probability,indicator,200000,69531260863,0,0,0,0,0,0,0,0,0
compulsory_5pct_governance,probability_weighted,1,_stress_projected_liability,USD_internal_liability,200000,69531260863,1267.27754768,132.145865588,0,0,5.17240851091,1041.90256025,4041.13681888,6987.07480703,0.820495
compulsory_5pct_governance,probability_weighted,1,_stress_projected_successful_target,USD,200000,69531260863,70191.718411,13885.4018348,472.511197274,1043.18281154,3693.52802905,48853.5933754,145683.829072,274325.840615,1
compulsory_5pct_governance,probability_weighted,1,_surcharge_rate,proportion,200000,69531260863,0.045501006974,0.0301143338494,0.028,0.028,0.0280827585362,0.044670440964,0.0926581891021,0.139793196912,1
compulsory_5pct_governance,probability_weighted,1,_willing_pledge,USD_pledge_principal,200000,69531260863,10969.1575907,429.383802525,0,0,10.4848404583,5051.20059879,28610.9719044,64296.3286222,0.820495
compulsory_5pct_governance,probability_weighted,1,dac_bonus_liability_locked,USD_internal_liability,200000,69531260863,370.016824979,23.3399944924,0,0,0.561277657771,277.383989867,1583.08483621,2500,0.820495
compulsory_5pct_governance,probability_weighted,1,dac_bonus_liability_released,USD_internal_liability,200000,69531260863,68.8004167519,6.60181486808,0,0,0.351689414725,45.3557667357,180.003667218,313.295020868,0.820495
compulsory_5pct_governance,probability_weighted,1,dac_bonus_paid,USD_internal_transfer,200000,69531260863,301.216408227,10.1932926237,0,0,0,213.763577402,1204.54499029,2162.65230671,0.63448
compulsory_5pct_governance,probability_weighted,1,dac_capacity_waiting_pledges,USD_pledge_principal,200000,69531260863,4295.18531125,0,0,0,0,0,0,19204.2163062,0.070875
compulsory_5pct_governance,probability_weighted,1,dac_free_reserve,USD_reserve_state,200000,69531260863,2302.30185395,2496.93017386,889.259254011,1665.09108026,2362.01863549,2500.00920856,2503.2604926,2517.31910346,1
compulsory_5pct_governance,probability_weighted,1,dac_funding_lost_to_surcharge,USD,200000,69531260863,1519.49059791,2.4822158423,0,0,0.0727963833712,37.5112477556,714.276160804,3970.83392634,0.79794
compulsory_5pct_governance,probability_weighted,1,dac_gross_threshold,USD,200000,69531260863,216903.847792,41225.1256155,1388.05585422,3065.69941929,10875.9342302,147413.772213,445846.599947,845130.79954,1
compulsory_5pct_governance,probability_weighted,1,dac_incremental_funding_caused_by_bonus,USD,200000,69531260863,7.41643425732,0.0167135454248,0,0,0,0.943015031797,7.63757058513,21.4626431333,0.5548
compulsory_5pct_governance,probability_weighted,1,dac_pledge_principal,USD,200000,69531260863,6673.97227947,429.383802525,0,0,10.4848404583,5051.20059879,28610.9719044,42384.1658838,0.820495
compulsory_5pct_governance,probability_weighted,1,dac_project_funding,USD,200000,69531260863,1137.66630104,118.028533133,0,0,6.42082828729,786.48789408,2942.94109576,5131.28460005,0.820495
compulsory_5pct_governance,probability_weighted,1,dac_project_target,USD,200000,69531260863,200547.766889,39672.5766708,1350.03199221,2980.52231869,10552.9372259,139581.695358,416239.511633,783788.116042,1
compulsory_5pct_governance,probability_weighted,1,dac_required_surcharge,USD_internal_threshold_component,200000,69531260863,16356.0809028,1386.19323718,38.2936104275,85.6697850561,320.363426897,6441.2945407,27058.0209401,61713.0092837,1
compulsory_5pct_governance,probability_weighted,1,dac_reserve_cash,USD_reserve_state,200000,69531260863,2302.30185395,2496.93017386,889.259254011,1665.09108026,2362.01863549,2500.00920856,2503.2604926,2517.31910346,1
compulsory_5pct_governance,probability_weighted,1,dac_returned_or_cancelled_principal,USD,200000,69531260863,5432.78771626,188.363640961,0,0,0,3901.85467987,21697.6569811,37915.3935611,0.634715
compulsory_5pct_governance,probability_weighted,1,dac_surcharge_inflow,USD_internal_transfer,200000,69531260863,103.518262176,3.67989938963,0,0,0.180678459935,36.7510250532,314.263473384,528.20911793,0.820495
compulsory_5pct_governance,probability_weighted,1,lapsed_dac_projects,projects,200000,69531260863,29.7495125458,13.4697373484,0.771934446331,1.57828622578,4.73303627973,33.684815738,71.8239210751,110.905392154,1
compulsory_5pct_governance,probability_weighted,1,successful_dac_projects,projects,200000,69531260863,0.640581790765,0.0422634515825,0,0,0.002587376244,0.204413164888,0.76018989871,1.85600047317,0.820495
compulsory_5pct_governance,probability_weighted,2,_contributor_choice_principal,USD_pledge_principal,200000,69531260863,257178.514569,3884.38502401,14.2735180083,52.0291589822,418.141854218,28081.4672006,177010.761719,515440.624177,1
compulsory_5pct_governance,probability_weighted,2,_gross_threshold,USD,200000,69531260863,619032.576776,116999.870689,3876.70264451,8557.47774022,30461.0966912,420524.62565,1277821.95588,2428767.29452,1
compulsory_5pct_governance,probability_weighted,2,_mean_pledge,USD_per_contributor,200000,69531260863,122.012838351,75.0362902272,14.7475235914,21.0482343477,38.5414835221,145.895709757,265.231976332,379.087029581,1
compulsory_5pct_governance,probability_weighted,2,_potential_contributors,contributors,200000,69531260863,6814.56576927,759.360280592,12.6376228086,32.5552430231,153.973596485,3412.65485944,12347.2212306,25983.7654672,1
compulsory_5pct_governance,probability_weighted,2,_potential_pledge_principal,USD_pledge_principal,200000,69531260863,1083233.23932,55852.4013478,600.063752466,1697.19254828,9260.3516592,309045.225161,1392151.99463,3387629.86155,1
compulsory_5pct_governance,probability_weighted,2,_project_target,USD,200000,69531260863,563827.471133,111580.445863,3800.68886717,8386.72072376,29684.3679473,392505.095529,1170283.17574,2202379.54669,1
compulsory_5pct_governance,probability_weighted,2,_reserve_before,USD_reserve_state,200000,69531260863,2302.30185395,2496.93017386,889.259254011,1665.09108026,2362.01863549,2500.00920856,2503.2604926,2517.31910346,1
compulsory_5pct_governance,probability_weighted,2,_reserve_capacity_probability,indicator,200000,69531260863,0.152625,0,0,0,0,0,1,1,0.152625
compulsory_5pct_governance,probability_weighted,2,_reserve_exhaustion_probability,indicator,200000,69531260863,0,0,0,0,0,0,0,0,0
compulsory_5pct_governance,probability_weighted,2,_stress_projected_liability,USD_internal_liability,200000,69531260863,3586.05390459,370.309086046,0,0,14.533148112,2922.92467376,11438.6513201,19836.7382147,0.820495
compulsory_5pct_governance,probability_weighted,2,_stress_projected_successful_target,USD,200000,69531260863,197339.614897,39053.1560519,1330.24110351,2935.35225332,10389.5287816,137376.783435,409599.111509,770832.841341,1
compulsory_5pct_governance,probability_weighted,2,_surcharge_rate,proportion,200000,69531260863,0.0526775320622,0.02,0.02,0.02,0.02,0.0732642172246,0.15,0.15,1
compulsory_5pct_governance,probability_weighted,2,_willing_pledge,USD_pledge_principal,200000,69531260863,30230.8690848,1231.0245824,0,0,30.0382186986,13113.5835029,76646.3011168,180445.518014,0.820495
compulsory_5pct_governance,probability_weighted,2,dac_bonus_liability_locked,USD_internal_liability,200000,69531260863,421.088539227,66.8809521809,0,0,1.60979285127,583.634594309,1426.92924182,1794.39354474,0.820495
compulsory_5pct_governance,probability_weighted,2,dac_bonus_liability_released,USD_internal_liability,200000,69531260863,129.737737569,18.6494282162,0,0,0.998769893862,104.570744438,287.981427583,575.845584654,0.820495
compulsory_5pct_governance,probability_weighted,2,dac_bonus_paid,USD_internal_transfer,200000,69531260863,291.350801658,28.0763546185,0,0,0,364.934223276,1062.37064123,1450.65687645,0.63389
compulsory_5pct_governance,probability_weighted,2,dac_capacity_waiting_pledges,USD_pledge_principal,200000,69531260863,22587.6413478,0,0,0,0,0,46291.6394868,159999.850518,0.152625
compulsory_5pct_governance,probability_weighted,2,dac_free_reserve,USD_reserve_state,200000,69531260863,2253.96470589,2491.58209056,479.232300365,918.305842517,2107.48470907,2500.07318122,2514.95894189,2661.96383704,1
compulsory_5pct_governance,probability_weighted,2,dac_funding_lost_to_surcharge,USD,200000,69531260863,5449.77910745,5.58624275082,0,0,0.183337651652,163.016383088,5463.17191648,20534.2322923,0.805575
compulsory_5pct_governance,probability_weighted,2,dac_gross_threshold,USD,200000,69531260863,619032.576776,116999.870689,3876.70264451,8557.47774022,30461.0966912,420524.62565,1277821.95588,2428767.29452,1
compulsory_5pct_governance,probability_weighted,2,dac_incremental_funding_caused_by_bonus,USD,200000,69531260863,6.90739343515,0.00020570124575,0,0,0,1.3444974372,8.80812228572,20.1279959593,0.500945
compulsory_5pct_governance,probability_weighted,2,dac_pledge_principal,USD,200000,69531260863,7643.22773705,1231.0245824,0,0,30.0382186986,10565.4137888,25647.6758072,32506.1256455,0.820495
compulsory_5pct_governance,probability_weighted,2,dac_project_funding,USD,200000,69531260863,2100.09802984,335.670738721,0,0,18.3963249248,1717.58013012,4685.86006954,9272.83731401,0.820495
compulsory_5pct_governance,probability_weighted,2,dac_project_target,USD,200000,69531260863,563827.471133,111580.445863,3800.68886717,8386.72072376,29684.3679473,392505.095529,1170283.17574,2202379.54669,1
compulsory_5pct_governance,probability_weighted,2,dac_required_surcharge,USD_internal_threshold_component,200000,69531260863,55205.1056426,3339.79584379,76.0137773434,168.54530337,656.610633972,21968.9529981,101826.63644,226403.805178,1
compulsory_5pct_governance,probability_weighted,2,dac_reserve_cash,USD_reserve_state,200000,69531260863,2253.96470589,2491.58209056,479.232300365,918.305842517,2107.48470907,2500.07318122,2514.95894189,2661.96383704,1
compulsory_5pct_governance,probability_weighted,2,dac_returned_or_cancelled_principal,USD,200000,69531260863,5300.11605362,518.334679359,0,0,0,6652.48820111,19236.0239932,26167.0068766,0.634615
compulsory_5pct_governance,probability_weighted,2,dac_surcharge_inflow,USD_internal_transfer,200000,69531260863,243.013653595,7.46200245489,0,0,0.367926498495,150.591598198,546.181718801,1151.01286285,0.820495
compulsory_5pct_governance,probability_weighted,2,lapsed_dac_projects,projects,200000,69531260863,84.4789981729,38.6002879389,2.22982054698,4.53837214718,13.5643309511,96.1536117577,203.519001591,313.722084102,1
compulsory_5pct_governance,probability_weighted,2,successful_dac_projects,projects,200000,69531260863,0.959363582836,0.119082264406,0,0,0.00742359593455,0.483926876249,1.26518309743,2.40805108846,0.820495
compulsory_5pct_governance,probability_weighted,3,_contributor_choice_principal,USD_pledge_principal,200000,69531260863,411653.741331,6194.65950164,23.2309157495,84.63224234,678.744605311,43603.6709366,278268.308997,813778.82463,1
compulsory_5pct_governance,probability_weighted,3,_gross_threshold,USD,200000,69531260863,1013958.12602,192581.863411,6319.8669702,13953.5954342,49900.3564504,691821.02685,2096347.01547,3975953.40009,1
compulsory_5pct_governance,probability_weighted,3,_mean_pledge,USD_per_contributor,200000,69531260863,122.012838351,75.0362902272,14.7475235914,21.0482343477,38.5414835221,145.895709757,265.231976332,379.087029581,1
compulsory_5pct_governance,probability_weighted,3,_potential_contributors,contributors,200000,69531260863,11060.6916749,1234.20868461,20.5892446443,53.0097381664,250.443285162,5541.26379946,20051.0256458,42136.6955799,1
compulsory_5pct_governance,probability_weighted,3,_potential_pledge_principal,USD_pledge_principal,200000,69531260863,1758168.84135,90782.4015454,977.975099185,2762.67881527,15057.3487857,502119.867773,2260322.90626,5502021.50003,1
compulsory_5pct_governance,probability_weighted,3,_project_target,USD,200000,69531260863,918214.661487,181819.777169,6195.94801,13675.0821431,48378.3315047,639465.470526,1906006.50931,3584296.20846,1
compulsory_5pct_governance,probability_weighted,3,_reserve_before,USD_reserve_state,200000,69531260863,2253.96470589,2491.58209056,479.232300365,918.305842517,2107.48470907,2500.07318122,2514.95894189,2661.96383704,1
compulsory_5pct_governance,probability_weighted,3,_reserve_capacity_probability,indicator,200000,69531260863,0.20317,0,0,0,0,0,1,1,0.20317
compulsory_5pct_governance,probability_weighted,3,_reserve_exhaustion_probability,indicator,200000,69531260863,0,0,0,0,0,0,0,0,0
compulsory_5pct_governance,probability_weighted,3,_stress_projected_liability,USD_internal_liability,200000,69531260863,5864.2108992,601.302051829,0,0,23.6745218603,4772.25821538,18787.7630498,32388.1803437,0.820495
compulsory_5pct_governance,probability_weighted,3,_stress_projected_successful_target,USD,200000,69531260863,321375.13152,63636.9220091,2168.5818035,4786.2787501,16932.4160267,223812.914684,667102.278257,1254503.67296,1
compulsory_5pct_governance,probability_weighted,3,_surcharge_rate,proportion,200000,69531260863,0.0607338361218,0.02,0.02,0.02,0.02,0.15,0.15,0.15,1
compulsory_5pct_governance,probability_weighted,3,_willing_pledge,USD_pledge_principal,200000,69531260863,48663.726516,1991.30437068,0,0,48.8453055522,19429.6447612,123415.396929,291004.98356,0.820495
compulsory_5pct_governance,probability_weighted,3,dac_bonus_liability_locked,USD_internal_liability,200000,69531260863,504.446251955,108.151116833,0,0,2.61758361116,588.682000485,1268.14688857,1828.85234671,0.820495
compulsory_5pct_governance,probability_weighted,3,dac_bonus_liability_released,USD_internal_liability,200000,69531260863,195.395038688,30.1435407186,0,0,1.62489734698,125.943929252,412.588102828,827.777159186,0.820495
compulsory_5pct_governance,probability_weighted,3,dac_bonus_paid,USD_internal_transfer,200000,69531260863,309.051213267,45.8712595403,0,0,0,398.129144672,940.168171003,1225.02421298,0.634125
compulsory_5pct_governance,probability_weighted,3,dac_capacity_waiting_pledges,USD_pledge_principal,200000,69531260863,39510.0582313,0,0,0,0,0,99052.9656267,260608.458453,0.20317
compulsory_5pct_governance,probability_weighted,3,dac_free_reserve,USD_reserve_state,200000,69531260863,2342.18298691,2490.36315922,354.676300567,661.669880195,1881.47542745,2500.49175856,2558.96258652,3293.88829004,1
compulsory_5pct_governance,probability_weighted,3,dac_funding_lost_to_surcharge,USD,200000,69531260863,9052.14179946,9.94332687551,0,0,0.335604814304,428.287108428,9673.75673331,34342.7193774,0.809735
compulsory_5pct_governance,probability_weighted,3,dac_gross_threshold,USD,200000,69531260863,1013958.12602,192581.863411,6319.8669702,13953.5954342,49900.3564504,691821.02685,2096347.01547,3975953.40009,1
compulsory_5pct_governance,probability_weighted,3,dac_incremental_funding_caused_by_bonus,USD,200000,69531260863,8.04330294516,0,0,0,0,1.33788706376,8.40628335369,18.9535751596,0.463105
compulsory_5pct_governance,probability_weighted,3,dac_pledge_principal,USD,200000,69531260863,9153.66828472,1991.30437068,0,0,48.8453055522,10708.7606337,22985.3204946,33338.1776784,0.820495
compulsory_5pct_governance,probability_weighted,3,dac_project_funding,USD,200000,69531260863,3129.7402066,538.895000534,0,0,29.9329251616,2085.98071653,6624.33965704,13215.3162904,0.820495
compulsory_5pct_governance,probability_weighted,3,dac_project_target,USD,200000,69531260863,918214.661487,181819.777169,6195.94801,13675.0821431,48378.3315047,639465.470526,1906006.50931,3584296.20846,1
compulsory_5pct_governance,probability_weighted,3,dac_required_surcharge,USD_internal_threshold_component,200000,69531260863,95743.4645301,6249.05343504,123.9189602,274.463915102,1097.52687923,43017.1886374,185441.742641,392623.531318,1
compulsory_5pct_governance,probability_weighted,3,dac_reserve_cash,USD_reserve_state,200000,69531260863,2342.18298691,2490.36315922,354.676300567,661.669880195,1881.47542745,2500.49175856,2558.96258652,3293.88829004,1
compulsory_5pct_governance,probability_weighted,3,dac_returned_or_cancelled_principal,USD,200000,69531260863,5626.65858383,845.934869331,0,0,0,7257.24850053,17076.8236337,22320.7150182,0.63525
compulsory_5pct_governance,probability_weighted,3,dac_surcharge_inflow,USD_internal_transfer,200000,69531260863,397.26949429,12.3600110696,0,0,0.598658503231,212.65533712,845.914924067,1778.01178667,0.820495
compulsory_5pct_governance,probability_weighted,3,lapsed_dac_projects,projects,200000,69531260863,137.928778035,63.2368397258,3.66441798725,7.41766545004,22.181215459,157.152800122,332.058570576,511.720866608,1
compulsory_5pct_governance,probability_weighted,3,successful_dac_projects,projects,200000,69531260863,1.20951231192,0.188395506256,0,0,0.0120743446233,0.674659264401,1.62746128297,2.88013973866,0.820495
compulsory_5pct_governance,probability_weighted,4,_contributor_choice_principal,USD_pledge_principal,200000,69531260863,561658.831744,8195.17404529,31.8922514518,116.100293001,931.309319194,59218.0377115,377203.780389,1103860.56821,1
compulsory_5pct_governance,probability_weighted,4,_gross_threshold,USD,200000,69531260863,1400002.02784,267066.779492,8711.12668202,19233.4484677,69292.534304,958533.332728,2895302.59887,5489780.67305,1
compulsory_5pct_governance,probability_weighted,4,_mean_pledge,USD_per_contributor,200000,69531260863,122.012838351,75.0362902272,14.7475235914,21.0482343477,38.5414835221,145.895709757,265.231976332,379.087029581,1
compulsory_5pct_governance,probability_weighted,4,_potential_contributors,contributors,200000,69531260863,15173.6937791,1695.80094842,28.3562010669,72.9496537637,344.306578599,7609.59576368,27507.8663939,57800.2064167,1
compulsory_5pct_governance,probability_weighted,4,_potential_pledge_principal,USD_pledge_principal,200000,69531260863,2411932.26475,124696.970051,1346.4823672,3800.70948725,20701.7319767,689633.850192,3102479.70565,7544306.05902,1
compulsory_5pct_governance,probability_weighted,4,_project_target,USD,200000,69531260863,1263870.81064,250355.087884,8540.32027649,18848.1036376,66628.2392222,880170.335639,2623624.12816,4935582.26935,1
compulsory_5pct_governance,probability_weighted,4,_reserve_before,USD_reserve_state,200000,69531260863,2342.18298691,2490.36315922,354.676300567,661.669880195,1881.47542745,2500.49175856,2558.96258652,3293.88829004,1
compulsory_5pct_governance,probability_weighted,4,_reserve_capacity_probability,indicator,200000,69531260863,0.237445,0,0,0,0,0,1,1,0.237445
compulsory_5pct_governance,probability_weighted,4,_reserve_exhaustion_probability,indicator,200000,69531260863,0,0,0,0,0,0,0,0,0
compulsory_5pct_governance,probability_weighted,4,_stress_projected_liability,USD_internal_liability,200000,69531260863,8080.20655571,826.650988086,0,0,32.5647762644,6630.16201201,25846.815261,44610.5728973,0.820495
compulsory_5pct_governance,probability_weighted,4,_stress_projected_successful_target,USD,200000,69531260863,442354.783725,87624.2807593,2989.11209677,6596.83627318,23319.8837278,308059.617474,918268.444856,1727453.79427,1
compulsory_5pct_governance,probability_weighted,4,_surcharge_rate,proportion,200000,69531260863,0.0666190028087,0.02,0.02,0.02,0.02,0.15,0.15,0.15,1
compulsory_5pct_governance,probability_weighted,4,_willing_pledge,USD_pledge_principal,200000,69531260863,66633.6051802,2709.84983544,0,0,67.1015189501,25848.7551233,168741.002692,399495.797041,0.820495
compulsory_5pct_governance,probability_weighted,4,dac_bonus_liability_locked,USD_internal_liability,200000,69531260863,636.590254976,147.001150072,0,0,3.59828559846,600.443178092,1305.13862281,2412.74473906,0.820495
compulsory_5pct_governance,probability_weighted,4,dac_bonus_liability_released,USD_internal_liability,200000,69531260863,265.037765312,39.3423782951,0,0,2.23490186295,157.373083166,542.29155856,1099.03601432,0.820495
compulsory_5pct_governance,probability_weighted,4,dac_bonus_paid,USD_internal_transfer,200000,69531260863,371.552489664,60.5926421252,0,0,0,401.49327896,902.49649621,1348.31938326,0.63232
compulsory_5pct_governance,probability_weighted,4,dac_capacity_waiting_pledges,USD_pledge_principal,200000,69531260863,55099.7817729,0,0,0,0,0,136973.973171,353976.887314,0.237445
compulsory_5pct_governance,probability_weighted,4,dac_free_reserve,USD_reserve_state,200000,69531260863,2531.59454351,2494.73692357,296.075798431,551.480377181,1721.5056873,2501.98990768,2717.32206986,4389.41681724,1
compulsory_5pct_governance,probability_weighted,4,dac_funding_lost_to_surcharge,USD,200000,69531260863,12486.0494278,15.4384073532,0,0,0.471422032305,831.064815239,13202.0068603,46666.8294494,0.81054
compulsory_5pct_governance,probability_weighted,4,dac_gross_threshold,USD,200000,69531260863,1400002.02784,267066.779492,8711.12668202,19233.4484677,69292.534304,958533.332728,2895302.59887,5489780.67305,1
compulsory_5pct_governance,probability_weighted,4,dac_incremental_funding_caused_by_bonus,USD,200000,69531260863,10.2853527499,0,0,0,0,1.25660370424,8.08659668253,19.4025282005,0.435205
compulsory_5pct_governance,probability_weighted,4,dac_pledge_principal,USD,200000,69531260863,11533.8234073,2692.41844156,0,0,67.1015189501,10940.8771861,23809.652477,43649.1897136,0.820495
compulsory_5pct_governance,probability_weighted,4,dac_project_funding,USD,200000,69531260863,4221.70079622,679.102273351,0,0,41.1734431409,2593.0970801,8672.65484136,17505.9712194,0.820495
compulsory_5pct_governance,probability_weighted,4,dac_project_target,USD,200000,69531260863,1263870.81064,250355.087884,8540.32027649,18848.1036376,66628.2392222,880170.335639,2623624.12816,4935582.26935,1
compulsory_5pct_governance,probability_weighted,4,dac_required_surcharge,USD_internal_threshold_component,200000,69531260863,136131.217196,10019.3837663,170.80640553,381.008894113,1587.67585905,66411.5082874,267602.652515,556524.128599,1
compulsory_5pct_governance,probability_weighted,4,dac_reserve_cash,USD_reserve_state,200000,69531260863,2531.59454351,2494.73692357,296.075798431,551.480377181,1721.5056873,2501.98990768,2717.32206986,4389.41681724,1
compulsory_5pct_governance,probability_weighted,4,dac_returned_or_cancelled_principal,USD,200000,69531260863,6751.15856484,1118.05726116,0,0,0,7313.63866735,16418.5843701,24675.9778662,0.63374
compulsory_5pct_governance,probability_weighted,4,dac_surcharge_inflow,USD_internal_transfer,200000,69531260863,560.964046264,18.4181390674,0,0,0.823468862818,275.129664502,1163.7605544,2449.30070714,0.820495
compulsory_5pct_governance,probability_weighted,4,lapsed_dac_projects,projects,200000,69531260863,189.968141641,87.1982390464,4.96150238606,10.1372356044,30.5398625209,216.610150059,457.203632954,704.271759486,1
compulsory_5pct_governance,probability_weighted,4,successful_dac_projects,projects,200000,69531260863,1.5477188364,0.248759678378,0,0,0.0165914446355,0.84037941864,1.98651603402,3.41019432533,0.820495
compulsory_5pct_governance,probability_weighted,5,_contributor_choice_principal,USD_pledge_principal,200000,69531260863,706641.452099,9854.52961854,40.359700321,146.909816302,1176.4134994,74290.8352714,474956.737069,1387236.37306,1
compulsory_5pct_governance,probability_weighted,5,_gross_threshold,USD,200000,69531260863,1776717.14801,340391.731835,11050.4593123,24416.0439222,88340.9056823,1219815.60284,3677476.96687,6971077.0013,1
compulsory_5pct_governance,probability_weighted,5,_mean_pledge,USD_per_contributor,200000,69531260863,122.012838351,75.0362902272,14.7475235914,21.0482343477,38.5414835221,145.895709757,265.231976332,379.087029581,1
compulsory_5pct_governance,probability_weighted,5,_potential_contributors,contributors,200000,69531260863,19156.7480796,2143.86778507,35.9237752209,92.4041254298,435.743560128,9614.03068184,34739.9438554,73089.7207575,1
compulsory_5pct_governance,probability_weighted,5,_potential_pledge_principal,USD_pledge_principal,200000,69531260863,3045023.81914,157635.98222,1705.06581089,4813.26591245,26204.0880929,871464.779794,3917934.15232,9525099.38579,1
compulsory_5pct_governance,probability_weighted,5,_project_target,USD,200000,69531260863,1600967.92727,317249.0424,10833.7836395,23904.69522,84454.2436499,1115133.97379,3323034.68532,6252541.26523,1
compulsory_5pct_governance,probability_weighted,5,_reserve_before,USD_reserve_state,200000,69531260863,2531.59454351,2494.73692357,296.075798431,551.480377181,1721.5056873,2501.98990768,2717.32206986,4389.41681724,1
compulsory_5pct_governance,probability_weighted,5,_reserve_capacity_probability,indicator,200000,69531260863,0.263425,0,0,0,0,1,1,1,0.263425
compulsory_5pct_governance,probability_weighted,5,_reserve_exhaustion_probability,indicator,200000,69531260863,0,0,0,0,0,0,0,0,0
compulsory_5pct_governance,probability_weighted,5,_stress_projected_liability,USD_internal_liability,200000,69531260863,10238.585864,1045.68917978,0,0,41.2225167229,8400.92972108,32711.4845392,56519.3568926,0.820495
compulsory_5pct_governance,probability_weighted,5,_stress_projected_successful_target,USD,200000,69531260863,560338.774546,111037.16484,3791.82427383,8366.643327,29558.9852775,390296.890827,1163062.13986,2188389.44283,1
compulsory_5pct_governance,probability_weighted,5,_surcharge_rate,proportion,200000,69531260863,0.0711910127035,0.02,0.02,0.02,0.02,0.15,0.15,0.15,1
compulsory_5pct_governance,probability_weighted,5,_willing_pledge,USD_pledge_principal,200000,69531260863,84119.1820089,3379.00068391,0,0,84.8744176862,32457.6137945,212731.808659,504662.337409,0.820495
compulsory_5pct_governance,probability_weighted,5,dac_bonus_liability_locked,USD_internal_liability,200000,69531260863,785.94879674,161.519386156,0,0,4.55205817957,615.015488183,1565.35218186,3164.54809065,0.820495
compulsory_5pct_governance,probability_weighted,5,dac_bonus_liability_released,USD_internal_liability,200000,69531260863,333.742289946,44.6326934201,0,0,2.82827134234,193.059562568,676.003235878,1383.17523468,0.820495
compulsory_5pct_governance,probability_weighted,5,dac_bonus_paid,USD_internal_transfer,200000,69531260863,452.206506794,72.7294214241,0,0,0,406.390630466,927.736589534,1781.47465802,0.63048
compulsory_5pct_governance,probability_weighted,5,dac_capacity_waiting_pledges,USD_pledge_principal,200000,69531260863,69895.1734378,0,0,0,0,6933.23757221,171443.958099,445240.518268,0.263425
compulsory_5pct_governance,probability_weighted,5,dac_free_reserve,USD_reserve_state,200000,69531260863,2801.19886488,2500,266.089053249,508.204495634,1621.92539733,2505.68770121,3135.41846248,5700.94931021,1
compulsory_5pct_governance,probability_weighted,5,dac_funding_lost_to_surcharge,USD,200000,69531260863,15815.8149785,23.3586400145,0,0,0.603415734307,1286.53095439,16616.2462843,58641.5374196,0.81088
compulsory_5pct_governance,probability_weighted,5,dac_gross_threshold,USD,200000,69531260863,1776717.14801,340391.731835,11050.4593123,24416.0439222,88340.9056823,1219815.60284,3677476.96687,6971077.0013,1
compulsory_5pct_governance,probability_weighted,5,dac_incremental_funding_caused_by_bonus,USD,200000,69531260863,12.4546966176,0,0,0,0,1.15984911666,7.87953294075,21.230405863,0.41391
compulsory_5pct_governance,probability_weighted,5,dac_pledge_principal,USD,200000,69531260863,14224.0085711,2949.98151338,0,0,84.8744176862,11207.2778626,28417.3525361,57118.1289971,0.820495
compulsory_5pct_governance,probability_weighted,5,dac_project_funding,USD,200000,69531260863,5299.94215237,760.980928019,0,0,52.0911368367,3164.39500608,10765.6846814,21946.4453246,0.820495
compulsory_5pct_governance,probability_weighted,5,dac_project_target,USD,200000,69531260863,1600967.92727,317249.0424,10833.7836395,23904.69522,84454.2436499,1115133.97379,3323034.68532,6252541.26523,1
compulsory_5pct_governance,probability_weighted,5,dac_required_surcharge,USD_internal_threshold_component,200000,69531260863,175749.220735,14310.5969488,216.799650758,492.034634586,2137.65185887,90348.8007359,349507.37717,715430.921094,1
compulsory_5pct_governance,probability_weighted,5,dac_reserve_cash,USD_reserve_state,200000,69531260863,2801.19886488,2500,266.089053249,508.204495634,1621.92539733,2505.68770121,3135.41846248,5700.94931021,1
compulsory_5pct_governance,probability_weighted,5,dac_returned_or_cancelled_principal,USD,200000,69531260863,8202.25559059,1317.69485128,0,0,0,7380.15560794,17062.0110083,32224.798068,0.63241
compulsory_5pct_governance,probability_weighted,5,dac_surcharge_inflow,USD_internal_transfer,200000,69531260863,721.81082816,26.4333096262,0,0,1.04182273673,359.870052627,1492.89062601,3142.20564238,0.820495
compulsory_5pct_governance,probability_weighted,5,lapsed_dac_projects,projects,200000,69531260863,240.707322825,110.603411082,6.26272617059,12.841471122,38.7220364092,274.553117342,579.219135377,892.000704304,1
compulsory_5pct_governance,probability_weighted,5,successful_dac_projects,projects,200000,69531260863,1.88941483702,0.303123595555,0,0,0.0209903471338,0.998158461867,2.37520592753,4.05293692957,0.820495
