scenario,forecast_basis,horizon,metric,field,unit,draws,seed,mean,median,p05,p10,p90,p95,probability_zero,evidence_status
central,conditional,year_1,cause_directed_cash,factory_farming_reduction,USD,200000,69520260814,8246.53536566,4863.60376998,441.23263359,782.176802962,19972.3992911,27657.621236,4.5e-05,especially_prior_driven_appendix_only
central,conditional,year_1,cause_directed_cash,wild_animal_suffering,USD,200000,69520260814,1583.0092703,941.279268962,89.2077782605,157.425240133,3811.59746931,5261.51120094,3.5e-05,especially_prior_driven_appendix_only
central,conditional,year_1,cause_directed_cash,residual_existential_risk_prevention,USD,200000,69520260814,4994.48968853,3012.24288788,287.189335941,512.966377849,11978.4299298,16518.9068518,3.5e-05,especially_prior_driven_appendix_only
central,conditional,year_1,cause_directed_cash,preventing_extreme_power_concentration,USD,200000,69520260814,6558.15300991,3893.43094854,314.836713025,582.218409964,16024.7673809,21964.7382108,2.5e-05,especially_prior_driven_appendix_only
central,conditional,year_1,cause_directed_cash,biorisk_prevention,USD,200000,69520260814,3578.81878872,2132.78195619,196.304015767,350.354987965,8634.6066612,11926.5261076,2e-05,especially_prior_driven_appendix_only
central,conditional,year_1,cause_directed_cash,space_governance,USD,200000,69520260814,1860.06635704,1112.9758083,105.237179181,186.30427875,4470.80281374,6151.64540089,2.5e-05,especially_prior_driven_appendix_only
central,conditional,year_1,cause_directed_cash,global_health,USD,200000,69520260814,10107.5358843,6063.92270861,513.498300816,939.483420969,24568.3712127,33671.2291911,5e-06,especially_prior_driven_appendix_only
central,conditional,year_1,cause_directed_cash,strategic_reasoning,USD,200000,69520260814,2711.85549117,1618.25564414,156.47396566,278.700346264,6512.3726023,9033.18636485,1e-05,especially_prior_driven_appendix_only
central,conditional,year_1,cause_directed_cash,environmental_protection,USD,200000,69520260814,8535.0562451,5055.82708724,425.794185389,778.449738762,20751.6099947,28663.1314204,2.5e-05,especially_prior_driven_appendix_only
central,conditional,year_1,ordinary_action_hours,factory_farming_reduction,hours,200000,69520260814,31.3473554235,6.63562032474,0.0547260068291,0.250459490798,75.7165720132,135.802867478,0.03011,especially_prior_driven_appendix_only
central,conditional,year_1,ordinary_action_hours,wild_animal_suffering,hours,200000,69520260814,3.42581649963,0.713927076185,0.00570038649132,0.0264864724995,8.23701711311,14.8757709216,0.03008,especially_prior_driven_appendix_only
central,conditional,year_1,ordinary_action_hours,residual_existential_risk_prevention,hours,200000,69520260814,8.54198919921,1.77449111573,0.0149322257748,0.0665453838538,20.4844337249,36.9374690101,0.029525,especially_prior_driven_appendix_only
central,conditional,year_1,ordinary_action_hours,preventing_extreme_power_concentration,hours,200000,69520260814,5.14812678569,1.06809388004,0.00858015087265,0.0397551821279,12.3652564556,22.215390962,0.02995,especially_prior_driven_appendix_only
central,conditional,year_1,ordinary_action_hours,biorisk_prevention,hours,200000,69520260814,5.7123273698,1.18409364782,0.00963311394725,0.0441100844504,13.7070636186,24.58729588,0.030235,especially_prior_driven_appendix_only
central,conditional,year_1,ordinary_action_hours,space_governance,hours,200000,69520260814,2.96562736305,0.6147542652,0.00491548427871,0.0228778086101,7.11719321438,12.7669866201,0.030335,especially_prior_driven_appendix_only
central,conditional,year_1,ordinary_action_hours,global_health,hours,200000,69520260814,12.7828061189,2.684949448,0.0223718584936,0.101105946272,30.9227600354,55.2459049867,0.02989,especially_prior_driven_appendix_only
central,conditional,year_1,ordinary_action_hours,strategic_reasoning,hours,200000,69520260814,7.88368906395,1.6485358768,0.0130468306573,0.0611283627011,18.9469393565,34.1959885993,0.030425,especially_prior_driven_appendix_only
central,conditional,year_1,ordinary_action_hours,environmental_protection,hours,200000,69520260814,19.6311929861,4.12608555137,0.0337954554278,0.154022864431,47.4444343914,85.6892761043,0.030105,especially_prior_driven_appendix_only
central,conditional,year_1,skilled_work_hours,factory_farming_reduction,hours,200000,69520260814,6.93677282606,1.20269949093,0.0076776655185,0.0377034766952,16.2067272903,30.4786516552,0.03059,especially_prior_driven_appendix_only
central,conditional,year_1,skilled_work_hours,wild_animal_suffering,hours,200000,69520260814,1.06454926316,0.181354516887,0.00120866216352,0.00572641254664,2.49064600851,4.67068363784,0.029605,especially_prior_driven_appendix_only
central,conditional,year_1,skilled_work_hours,residual_existential_risk_prevention,hours,200000,69520260814,2.66066562336,0.455471509509,0.00298961893818,0.0142784750648,6.20133601713,11.7199737428,0.03005,especially_prior_driven_appendix_only
central,conditional,year_1,skilled_work_hours,preventing_extreme_power_concentration,hours,200000,69520260814,1.60337237406,0.273016948595,0.00178730204923,0.00851627986095,3.73485557595,6.9960974653,0.03004,especially_prior_driven_appendix_only
central,conditional,year_1,skilled_work_hours,biorisk_prevention,hours,200000,69520260814,1.95601920502,0.332469386878,0.00219685621603,0.0105218352962,4.56558625443,8.60363235935,0.029835,especially_prior_driven_appendix_only
central,conditional,year_1,skilled_work_hours,space_governance,hours,200000,69520260814,0.986505094102,0.168534536936,0.00106690933271,0.0052219106266,2.31243412641,4.34444126678,0.0305,especially_prior_driven_appendix_only
central,conditional,year_1,skilled_work_hours,global_health,hours,200000,69520260814,3.49211089589,0.599130015212,0.00385268671611,0.0188679237076,8.1662957518,15.3329265497,0.030465,especially_prior_driven_appendix_only
central,conditional,year_1,skilled_work_hours,strategic_reasoning,hours,200000,69520260814,2.31626512885,0.393066448039,0.00258588903135,0.0123636047034,5.38223412347,10.1399477295,0.030105,especially_prior_driven_appendix_only
central,conditional,year_1,skilled_work_hours,environmental_protection,hours,200000,69520260814,4.37037757024,0.747493623553,0.00495193069948,0.0236371304451,10.1979256784,19.2196579202,0.02992,especially_prior_driven_appendix_only
central,conditional,year_5_annual,cause_directed_cash,factory_farming_reduction,USD,200000,69520260814,67558.0744485,39242.1803551,3157.13103297,5815.85369575,164900.02084,228950.270384,4.5e-05,especially_prior_driven_appendix_only
central,conditional,year_5_annual,cause_directed_cash,wild_animal_suffering,USD,200000,69520260814,12827.7655224,7446.24000206,617.530121007,1122.47653114,31217.8516011,43325.3189049,3.5e-05,especially_prior_driven_appendix_only
central,conditional,year_5_annual,cause_directed_cash,residual_existential_risk_prevention,USD,200000,69520260814,40296.0133389,23702.7045394,1950.26865146,3618.55510618,97956.9145135,135591.051478,3.5e-05,especially_prior_driven_appendix_only
central,conditional,year_5_annual,cause_directed_cash,preventing_extreme_power_concentration,USD,200000,69520260814,54013.7316988,31729.9225341,2218.37264642,4383.6673858,132831.127854,182535.833237,2.5e-05,especially_prior_driven_appendix_only
central,conditional,year_5_annual,cause_directed_cash,biorisk_prevention,USD,200000,69520260814,29080.8858923,16986.7417799,1356.33166084,2516.25897799,70901.1474778,98402.5775157,2e-05,especially_prior_driven_appendix_only
central,conditional,year_5_annual,cause_directed_cash,space_governance,USD,200000,69520260814,15059.970375,8802.31740765,719.777822369,1322.28304146,36606.4081614,50609.5038058,2.5e-05,especially_prior_driven_appendix_only
central,conditional,year_5_annual,cause_directed_cash,global_health,USD,200000,69520260814,83022.990104,49198.5044316,3631.76705346,7021.87380919,203444.932427,279420.062441,5e-06,especially_prior_driven_appendix_only
central,conditional,year_5_annual,cause_directed_cash,strategic_reasoning,USD,200000,69520260814,21867.0741324,12698.0741311,1084.51641143,1968.2679965,53211.2754502,74134.3530603,1e-05,especially_prior_driven_appendix_only
central,conditional,year_5_annual,cause_directed_cash,environmental_protection,USD,200000,69520260814,70265.4338421,41098.5990388,3058.34813309,5882.36771224,172032.311161,238120.982001,2.5e-05,especially_prior_driven_appendix_only
central,conditional,year_5_annual,ordinary_action_hours,factory_farming_reduction,hours,200000,69520260814,262.835518551,55.6371242613,0.458856518797,2.10000649977,634.854334572,1138.65481193,0.03011,especially_prior_driven_appendix_only
central,conditional,year_5_annual,ordinary_action_hours,wild_animal_suffering,hours,200000,69520260814,28.7241537277,5.98600394647,0.0477955482733,0.222078884804,69.0642204099,124.727617727,0.03008,especially_prior_driven_appendix_only
central,conditional,year_5_annual,ordinary_action_hours,residual_existential_risk_prevention,hours,200000,69520260814,71.6212940549,14.8784255088,0.125200969958,0.557957449236,171.754098155,309.70647093,0.029525,especially_prior_driven_appendix_only
central,conditional,year_5_annual,ordinary_action_hours,preventing_extreme_power_concentration,hours,200000,69520260814,43.1650630492,8.9555563788,0.0719412650092,0.333331911688,103.677919512,186.267508836,0.02995,especially_prior_driven_appendix_only
central,conditional,year_5_annual,ordinary_action_hours,biorisk_prevention,hours,200000,69520260814,47.8956679468,9.92816981636,0.0807699554038,0.369846092699,114.928456494,206.155019302,0.030235,especially_prior_driven_appendix_only
central,conditional,year_5_annual,ordinary_action_hours,space_governance,hours,200000,69520260814,24.8656448133,5.15447806975,0.0412144451061,0.191821626038,59.6749277205,107.04627243,0.030335,especially_prior_driven_appendix_only
central,conditional,year_5_annual,ordinary_action_hours,global_health,hours,200000,69520260814,107.178912843,22.5122684486,0.187579428907,0.847734472589,259.275449528,463.215664888,0.02989,especially_prior_driven_appendix_only
central,conditional,year_5_annual,ordinary_action_hours,strategic_reasoning,hours,200000,69520260814,66.1017006131,13.8223392747,0.10939265705,0.51253781034,158.86279922,286.720212102,0.030425,especially_prior_driven_appendix_only
central,conditional,year_5_annual,ordinary_action_hours,environmental_protection,hours,200000,69520260814,164.600002729,34.5956403923,0.28336189551,1.29142247869,397.803334513,718.47162272,0.030105,especially_prior_driven_appendix_only
central,conditional,year_5_annual,skilled_work_hours,factory_farming_reduction,hours,200000,69520260814,58.162172157,10.0841726547,0.0643742724243,0.316129150752,135.887174973,255.551771571,0.03059,especially_prior_driven_appendix_only
central,conditional,year_5_annual,skilled_work_hours,wild_animal_suffering,hours,200000,69520260814,8.92583612955,1.52058787236,0.0101341673711,0.0480137667372,20.8831088406,39.1618858865,0.029605,especially_prior_driven_appendix_only
central,conditional,year_5_annual,skilled_work_hours,residual_existential_risk_prevention,hours,200000,69520260814,22.3086579189,3.81895342588,0.0250668049432,0.119719521697,51.9958173744,98.2674721514,0.03005,especially_prior_driven_appendix_only
central,conditional,year_5_annual,skilled_work_hours,preventing_extreme_power_concentration,hours,200000,69520260814,13.4436606748,2.28914210745,0.0149858402589,0.0714057311418,31.3153275214,58.6595864398,0.03004,especially_prior_driven_appendix_only
central,conditional,year_5_annual,skilled_work_hours,biorisk_prevention,hours,200000,69520260814,16.400468719,2.78762793613,0.0184197944267,0.0882215420989,38.2806847487,72.1381482437,0.029835,especially_prior_driven_appendix_only
central,conditional,year_5_annual,skilled_work_hours,space_governance,hours,200000,69520260814,8.27146578901,1.41309727124,0.00894562440502,0.0437837121769,19.3888707522,36.426469083,0.0305,especially_prior_driven_appendix_only
central,conditional,year_5_annual,skilled_work_hours,global_health,hours,200000,69520260814,29.2800067425,5.02347474293,0.032303296312,0.158200283395,68.4712489958,128.56069184,0.030465,especially_prior_driven_appendix_only
central,conditional,year_5_annual,skilled_work_hours,strategic_reasoning,hours,200000,69520260814,19.4209922342,3.29571098741,0.0216816849552,0.103664070205,45.1279630353,85.0195617323,0.030105,especially_prior_driven_appendix_only
central,conditional,year_5_annual,skilled_work_hours,environmental_protection,hours,200000,69520260814,36.643935012,6.26744653594,0.0415200343264,0.198188247578,85.5056845341,161.149439484,0.02992,especially_prior_driven_appendix_only
central,conditional,five_year_cumulative,cause_directed_cash,factory_farming_reduction,USD,200000,69520260814,189367.922695,110082.022538,9035.45072346,16489.5187461,461926.118042,641056.268849,4.5e-05,especially_prior_driven_appendix_only
central,conditional,five_year_cumulative,cause_directed_cash,wild_animal_suffering,USD,200000,69520260814,35986.583415,20926.6570932,1784.23336532,3200.36950754,87493.5866749,121392.909197,3.5e-05,especially_prior_driven_appendix_only
central,conditional,five_year_cumulative,cause_directed_cash,residual_existential_risk_prevention,USD,200000,69520260814,113084.070373,66628.194966,5658.8569065,10355.6879002,274537.270165,379930.828543,3.5e-05,especially_prior_driven_appendix_only
central,conditional,five_year_cumulative,cause_directed_cash,preventing_extreme_power_concentration,USD,200000,69520260814,151341.179916,88957.582827,6336.83891849,12398.6079871,371952.169042,511279.311483,2.5e-05,especially_prior_driven_appendix_only
central,conditional,five_year_cumulative,cause_directed_cash,biorisk_prevention,USD,200000,69520260814,81566.2245082,47729.5014819,3904.79786317,7160.73828478,198615.506601,275700.559275,2e-05,especially_prior_driven_appendix_only
central,conditional,five_year_cumulative,cause_directed_cash,space_governance,USD,200000,69520260814,42251.7112591,24737.5704705,2079.735028,3774.07014286,102599.361415,141793.321814,2.5e-05,especially_prior_driven_appendix_only
central,conditional,five_year_cumulative,cause_directed_cash,global_health,USD,200000,69520260814,232670.939561,138008.808926,10347.343133,19876.2622452,569622.155207,782251.168345,5e-06,especially_prior_driven_appendix_only
central,conditional,five_year_cumulative,cause_directed_cash,strategic_reasoning,USD,200000,69520260814,61368.9883542,35703.4759174,3134.19444265,5631.81735913,149091.775023,207660.18133,1e-05,especially_prior_driven_appendix_only
central,conditional,five_year_cumulative,cause_directed_cash,environmental_protection,USD,200000,69520260814,196883.928471,115261.796114,8720.12644286,16634.9929384,481903.826462,666609.575543,2.5e-05,especially_prior_driven_appendix_only
central,conditional,five_year_cumulative,ordinary_action_hours,factory_farming_reduction,hours,200000,69520260814,735.457184937,155.681861465,1.28395631407,5.87616497642,1776.42726646,3186.14419852,0.03011,especially_prior_driven_appendix_only
central,conditional,five_year_cumulative,ordinary_action_hours,wild_animal_suffering,hours,200000,69520260814,80.3749255682,16.7498275566,0.133739836912,0.621413393258,193.253093808,349.008471622,0.03008,especially_prior_driven_appendix_only
central,conditional,five_year_cumulative,ordinary_action_hours,residual_existential_risk_prevention,hours,200000,69520260814,200.408208135,41.6322915614,0.350332989331,1.56125708272,480.596329699,866.609849851,0.029525,especially_prior_driven_appendix_only
central,conditional,five_year_cumulative,ordinary_action_hours,preventing_extreme_power_concentration,hours,200000,69520260814,120.782974587,25.0591256471,0.201303539705,0.932717734539,290.10793992,521.207249494,0.02995,especially_prior_driven_appendix_only
central,conditional,five_year_cumulative,ordinary_action_hours,biorisk_prevention,hours,200000,69520260814,134.019988292,27.7806586605,0.226007673378,1.03489044287,321.588800283,576.855787955,0.030235,especially_prior_driven_appendix_only
central,conditional,five_year_cumulative,ordinary_action_hours,space_governance,hours,200000,69520260814,69.5781804408,14.4230808374,0.115324823462,0.536748586621,166.980302337,299.533147626,0.030335,especially_prior_driven_appendix_only
central,conditional,five_year_cumulative,ordinary_action_hours,global_health,hours,200000,69520260814,299.904297404,62.9930447416,0.524878218503,2.37210104715,725.495523907,1296.15392469,0.02989,especially_prior_driven_appendix_only
central,conditional,five_year_cumulative,ordinary_action_hours,strategic_reasoning,hours,200000,69520260814,184.963474193,38.6771878788,0.306098719267,1.4341654326,444.52434644,802.290501752,0.030425,especially_prior_driven_appendix_only
central,conditional,five_year_cumulative,ordinary_action_hours,environmental_protection,hours,200000,69520260814,460.577989288,96.8043148591,0.792893377343,3.61361335781,1113.11942226,2010.40224706,0.030105,especially_prior_driven_appendix_only
central,conditional,five_year_cumulative,skilled_work_hours,factory_farming_reduction,hours,200000,69520260814,162.747362458,28.2171803642,0.180129844857,0.884581568618,380.234755658,715.076058065,0.03059,especially_prior_driven_appendix_only
central,conditional,five_year_cumulative,skilled_work_hours,wild_animal_suffering,hours,200000,69520260814,24.9759634818,4.25485597311,0.0283570738365,0.13435044821,58.4343871228,109.581423811,0.029605,especially_prior_driven_appendix_only
central,conditional,five_year_cumulative,skilled_work_hours,residual_existential_risk_prevention,hours,200000,69520260814,62.4233088557,10.6860623385,0.0701410597034,0.334994991904,145.492883479,274.968614736,0.03005,especially_prior_driven_appendix_only
central,conditional,five_year_cumulative,skilled_work_hours,preventing_extreme_power_concentration,hours,200000,69520260814,37.6175826221,6.40539764011,0.0419328557704,0.199805027507,87.6254577434,164.139209763,0.03004,especially_prior_driven_appendix_only
central,conditional,five_year_cumulative,skilled_work_hours,biorisk_prevention,hours,200000,69520260814,45.89121981,7.80024330752,0.0515416266069,0.246858443488,107.115677508,201.854451508,0.029835,especially_prior_driven_appendix_only
central,conditional,five_year_cumulative,skilled_work_hours,space_governance,hours,200000,69520260814,23.1449272078,3.95407952043,0.0250313343443,0.122514057009,54.2532621965,101.927275875,0.0305,especially_prior_driven_appendix_only
central,conditional,five_year_cumulative,skilled_work_hours,global_health,hours,200000,69520260814,81.930294096,14.0565118954,0.0903899575703,0.442670517755,191.593861869,359.734045975,0.030465,especially_prior_driven_appendix_only
central,conditional,five_year_cumulative,skilled_work_hours,strategic_reasoning,hours,200000,69520260814,54.3431434075,9.22194358862,0.0606689349664,0.290069187271,126.275492897,237.898773655,0.030105,especially_prior_driven_appendix_only
central,conditional,five_year_cumulative,skilled_work_hours,environmental_protection,hours,200000,69520260814,102.535781456,17.5373503987,0.116179912565,0.554563445059,239.259025531,450.922743512,0.02992,especially_prior_driven_appendix_only
central,conditional,eoy5_annualized_run_rate,cause_directed_cash,factory_farming_reduction,USD,200000,69520260814,74382.941584,43210.3744307,3472.65717941,6402.76497571,181550.226985,252102.010028,4.5e-05,especially_prior_driven_appendix_only
central,conditional,eoy5_annualized_run_rate,cause_directed_cash,wild_animal_suffering,USD,200000,69520260814,14124.2970374,8200.66082738,678.214502647,1235.33944549,34370.6174412,47705.5703146,3.5e-05,especially_prior_driven_appendix_only
central,conditional,eoy5_annualized_run_rate,cause_directed_cash,residual_existential_risk_prevention,USD,200000,69520260814,44369.595975,26102.1964465,2146.91942817,3982.7976771,107847.462253,149286.21192,3.5e-05,especially_prior_driven_appendix_only
central,conditional,eoy5_annualized_run_rate,cause_directed_cash,preventing_extreme_power_concentration,USD,200000,69520260814,59469.0518151,34935.1281258,2440.45211412,4828.1851146,146244.223781,200970.122176,2.5e-05,especially_prior_driven_appendix_only
central,conditional,eoy5_annualized_run_rate,cause_directed_cash,biorisk_prevention,USD,200000,69520260814,32019.7224947,18705.0428945,1490.42040881,2767.56183585,78055.0216215,108335.751427,2e-05,especially_prior_driven_appendix_only
central,conditional,eoy5_annualized_run_rate,cause_directed_cash,space_governance,USD,200000,69520260814,16582.1709358,9692.70220608,792.024345481,1455.6072602,40305.7740142,55723.0595519,2.5e-05,especially_prior_driven_appendix_only
central,conditional,eoy5_annualized_run_rate,cause_directed_cash,global_health,USD,200000,69520260814,91408.9179899,54169.1158643,3991.51823397,7734.06027689,223960.838075,307697.830809,5e-06,especially_prior_driven_appendix_only
central,conditional,eoy5_annualized_run_rate,cause_directed_cash,strategic_reasoning,USD,200000,69520260814,24077.6890096,13983.1705328,1190.30806536,2166.39712247,58589.4293008,81629.4503885,1e-05,especially_prior_driven_appendix_only
central,conditional,eoy5_annualized_run_rate,cause_directed_cash,environmental_protection,USD,200000,69520260814,77362.1649419,45255.63537,3365.20069183,6477.64927552,189398.668419,262156.159907,2.5e-05,especially_prior_driven_appendix_only
central,conditional,eoy5_annualized_run_rate,ordinary_action_hours,factory_farming_reduction,hours,200000,69520260814,289.36020391,61.2518799207,0.50516313996,2.31193376122,698.922203199,1253.56493057,0.03011,especially_prior_driven_appendix_only
central,conditional,eoy5_annualized_run_rate,ordinary_action_hours,wild_animal_suffering,hours,200000,69520260814,31.622921535,6.59009608786,0.0526189522275,0.24449051538,76.034004121,137.314808507,0.03008,especially_prior_driven_appendix_only
central,conditional,eoy5_annualized_run_rate,ordinary_action_hours,residual_existential_risk_prevention,hours,200000,69520260814,78.8491310696,16.3799179914,0.137835930229,0.614265081727,189.087080537,340.9612524,0.029525,especially_prior_driven_appendix_only
central,conditional,eoy5_annualized_run_rate,ordinary_action_hours,preventing_extreme_power_concentration,hours,200000,69520260814,47.5211703294,9.85932812345,0.0792013926707,0.36697091195,114.140828821,205.065147342,0.02995,especially_prior_driven_appendix_only
central,conditional,eoy5_annualized_run_rate,ordinary_action_hours,biorisk_prevention,hours,200000,69520260814,52.7291757213,10.9300952107,0.0889210518207,0.407170010311,126.526741095,226.959654277,0.030235,especially_prior_driven_appendix_only
central,conditional,eoy5_annualized_run_rate,ordinary_action_hours,space_governance,hours,200000,69520260814,27.3750218128,5.67465475569,0.0453737010343,0.211179771785,65.6971681327,117.849107263,0.030335,especially_prior_driven_appendix_only
central,conditional,eoy5_annualized_run_rate,ordinary_action_hours,global_health,hours,200000,69520260814,117.995133405,24.7841487508,0.206509463017,0.933285657896,285.440861865,509.962199877,0.02989,especially_prior_driven_appendix_only
central,conditional,eoy5_annualized_run_rate,ordinary_action_hours,strategic_reasoning,hours,200000,69520260814,72.7725144364,15.2172542474,0.12043228299,0.564261809548,174.894824829,315.655279378,0.030425,especially_prior_driven_appendix_only
central,conditional,eoy5_annualized_run_rate,ordinary_action_hours,environmental_protection,hours,200000,69520260814,181.211012179,38.0869435511,0.311958050102,1.42174951783,437.948625152,790.97793327,0.030105,especially_prior_driven_appendix_only
central,conditional,eoy5_annualized_run_rate,skilled_work_hours,factory_farming_reduction,hours,200000,69520260814,64.0317491636,11.1018414548,0.0708707586323,0.348032092571,149.600559603,281.341399894,0.03059,especially_prior_driven_appendix_only
central,conditional,eoy5_annualized_run_rate,skilled_work_hours,wild_animal_suffering,hours,200000,69520260814,9.82660858299,1.67404169434,0.0111568815095,0.0528591927382,22.9905785401,43.1140028108,0.029605,especially_prior_driven_appendix_only
central,conditional,eoy5_annualized_run_rate,skilled_work_hours,residual_existential_risk_prevention,hours,200000,69520260814,24.5599903694,4.20435239547,0.0275964825062,0.13180130829,57.2431016966,108.184373011,0.03005,especially_prior_driven_appendix_only
central,conditional,eoy5_annualized_run_rate,skilled_work_hours,preventing_extreme_power_concentration,hours,200000,69520260814,14.8003603759,2.52015644857,0.0164981727621,0.0786118141011,34.4755899318,64.5793612182,0.03004,especially_prior_driven_appendix_only
central,conditional,eoy5_annualized_run_rate,skilled_work_hours,biorisk_prevention,hours,200000,69520260814,18.0555618924,3.06894818656,0.0202786727634,0.0971246335034,42.1438731178,79.4181448555,0.029835,especially_prior_driven_appendix_only
central,conditional,eoy5_annualized_run_rate,skilled_work_hours,space_governance,hours,200000,69520260814,9.10620086863,1.55570341787,0.00984839384039,0.0482022519378,21.3455457822,40.1025347703,0.0305,especially_prior_driven_appendix_only
central,conditional,eoy5_annualized_run_rate,skilled_work_hours,global_health,hours,200000,69520260814,32.2348698083,5.53043090965,0.0355632619949,0.174165449609,75.381191555,141.534706613,0.030465,especially_prior_driven_appendix_only
central,conditional,eoy5_annualized_run_rate,skilled_work_hours,strategic_reasoning,hours,200000,69520260814,21.3809088817,3.62830567421,0.0238697449048,0.114125581877,49.6821611398,93.5995175035,0.030105,especially_prior_driven_appendix_only
central,conditional,eoy5_annualized_run_rate,skilled_work_hours,environmental_protection,hours,200000,69520260814,40.3419468022,6.89994114049,0.0457101295337,0.218188896417,94.1346985696,177.412226955,0.02992,especially_prior_driven_appendix_only
central,probability_weighted,year_1,cause_directed_cash,factory_farming_reduction,USD,200000,69530260833,3656.77513463,959.044752317,0,0,10486.6162388,16471.8406957,0.18175,especially_prior_driven_appendix_only
central,probability_weighted,year_1,cause_directed_cash,wild_animal_suffering,USD,200000,69530260833,705.468228479,192.253053133,0,0,2010.87062633,3155.93048496,0.18175,especially_prior_driven_appendix_only
central,probability_weighted,year_1,cause_directed_cash,residual_existential_risk_prevention,USD,200000,69530260833,2231.97256126,620.106564839,0,0,6385.62793862,10008.7039432,0.181755,especially_prior_driven_appendix_only
central,probability_weighted,year_1,cause_directed_cash,preventing_extreme_power_concentration,USD,200000,69530260833,2904.18183064,739.893396964,0,0,8377.53474461,13282.3739316,0.181745,especially_prior_driven_appendix_only
central,probability_weighted,year_1,cause_directed_cash,biorisk_prevention,USD,200000,69530260833,1593.0299657,431.189531424,0,0,4576.28795403,7152.15777896,0.181755,especially_prior_driven_appendix_only
central,probability_weighted,year_1,cause_directed_cash,space_governance,USD,200000,69530260833,829.620777686,226.492403467,0,0,2382.77508217,3716.03608391,0.18173,especially_prior_driven_appendix_only
central,probability_weighted,year_1,cause_directed_cash,global_health,USD,200000,69530260833,4482.07737811,1167.07368859,0,0,12996.3577683,20455.0908413,0.181735,especially_prior_driven_appendix_only
central,probability_weighted,year_1,cause_directed_cash,strategic_reasoning,USD,200000,69530260833,1214.1065241,334.163274784,0,0,3462.34317689,5424.29762823,0.181745,especially_prior_driven_appendix_only
central,probability_weighted,year_1,cause_directed_cash,environmental_protection,USD,200000,69530260833,3767.75012025,969.985988799,0,0,10926.0443215,17134.2227353,0.181745,especially_prior_driven_appendix_only
central,probability_weighted,year_1,ordinary_action_hours,factory_farming_reduction,hours,200000,69530260833,13.6136789296,0.845554424989,0,0,29.5900486967,62.1770065905,0.20651,especially_prior_driven_appendix_only
central,probability_weighted,year_1,ordinary_action_hours,wild_animal_suffering,hours,200000,69530260833,1.49671460542,0.0904507114791,0,0,3.22321296679,6.78849391724,0.206455,especially_prior_driven_appendix_only
central,probability_weighted,year_1,ordinary_action_hours,residual_existential_risk_prevention,hours,200000,69530260833,3.74017675546,0.225957094875,0,0,8.06113861439,17.0689075946,0.20646,especially_prior_driven_appendix_only
central,probability_weighted,year_1,ordinary_action_hours,preventing_extreme_power_concentration,hours,200000,69530260833,2.24378367939,0.135628640632,0,0,4.82742100261,10.2453058493,0.20624,especially_prior_driven_appendix_only
central,probability_weighted,year_1,ordinary_action_hours,biorisk_prevention,hours,200000,69530260833,2.50433417722,0.150831926288,0,0,5.3821468673,11.3592507726,0.205945,especially_prior_driven_appendix_only
central,probability_weighted,year_1,ordinary_action_hours,space_governance,hours,200000,69530260833,1.29745454933,0.0778958280616,0,0,2.77856974492,5.92482242856,0.2065,especially_prior_driven_appendix_only
central,probability_weighted,year_1,ordinary_action_hours,global_health,hours,200000,69530260833,5.57622814837,0.33945554354,0,0,12.1051523208,25.5548342483,0.20703,especially_prior_driven_appendix_only
central,probability_weighted,year_1,ordinary_action_hours,strategic_reasoning,hours,200000,69530260833,3.45285017164,0.207947394513,0,0,7.41395246034,15.6846949928,0.20658,especially_prior_driven_appendix_only
central,probability_weighted,year_1,ordinary_action_hours,environmental_protection,hours,200000,69530260833,8.55976455634,0.526185753599,0,0,18.5512689241,39.2339156935,0.206375,especially_prior_driven_appendix_only
central,probability_weighted,year_1,skilled_work_hours,factory_farming_reduction,hours,200000,69530260833,3.02730531069,0.147768734357,0,0,6.13307281943,13.3803148683,0.205725,especially_prior_driven_appendix_only
central,probability_weighted,year_1,skilled_work_hours,wild_animal_suffering,hours,200000,69530260833,0.461583746238,0.0221910884744,0,0,0.936017429454,2.04587996413,0.2066,especially_prior_driven_appendix_only
central,probability_weighted,year_1,skilled_work_hours,residual_existential_risk_prevention,hours,200000,69530260833,1.16308113136,0.0559650364414,0,0,2.33315913985,5.15683710112,0.206245,especially_prior_driven_appendix_only
central,probability_weighted,year_1,skilled_work_hours,preventing_extreme_power_concentration,hours,200000,69530260833,0.699301424363,0.0333515583076,0,0,1.39797232673,3.0775091182,0.20651,especially_prior_driven_appendix_only
central,probability_weighted,year_1,skilled_work_hours,biorisk_prevention,hours,200000,69530260833,0.845570621299,0.0405830105523,0,0,1.69797309169,3.75284937828,0.20616,especially_prior_driven_appendix_only
central,probability_weighted,year_1,skilled_work_hours,space_governance,hours,200000,69530260833,0.43217643092,0.020669994629,0,0,0.866946489949,1.91031450644,0.206185,especially_prior_driven_appendix_only
central,probability_weighted,year_1,skilled_work_hours,global_health,hours,200000,69530260833,1.52693786111,0.073955709145,0,0,3.08661816172,6.7284361764,0.20582,especially_prior_driven_appendix_only
central,probability_weighted,year_1,skilled_work_hours,strategic_reasoning,hours,200000,69530260833,1.00012499778,0.0480808203192,0,0,2.00037554565,4.43965960972,0.206015,especially_prior_driven_appendix_only
central,probability_weighted,year_1,skilled_work_hours,environmental_protection,hours,200000,69530260833,1.89069348253,0.0910628480864,0,0,3.81019061688,8.40584456821,0.206265,especially_prior_driven_appendix_only
central,probability_weighted,year_5_annual,cause_directed_cash,factory_farming_reduction,USD,200000,69530260833,29710.2850527,7208.18426178,0,0,85772.1099835,135967.861592,0.18175,especially_prior_driven_appendix_only
central,probability_weighted,year_5_annual,cause_directed_cash,wild_animal_suffering,USD,200000,69530260833,5646.90570701,1393.08328572,0,0,16254.1846895,25751.347908,0.18175,especially_prior_driven_appendix_only
central,probability_weighted,year_5_annual,cause_directed_cash,residual_existential_risk_prevention,USD,200000,69530260833,17765.6855251,4431.77561335,0,0,51291.4305028,81241.9980831,0.181755,especially_prior_driven_appendix_only
central,probability_weighted,year_5_annual,cause_directed_cash,preventing_extreme_power_concentration,USD,200000,69530260833,23765.501399,5694.94802485,0,0,68972.2838178,109716.341177,0.181745,especially_prior_driven_appendix_only
central,probability_weighted,year_5_annual,cause_directed_cash,biorisk_prevention,USD,200000,69530260833,12799.4231136,3159.20637383,0,0,37096.6542047,58572.5662531,0.181755,especially_prior_driven_appendix_only
central,probability_weighted,year_5_annual,cause_directed_cash,space_governance,USD,200000,69530260833,6634.00453723,1633.3044418,0,0,19181.7583021,30339.9634706,0.18173,especially_prior_driven_appendix_only
central,probability_weighted,year_5_annual,cause_directed_cash,global_health,USD,200000,69530260833,36543.256152,8890.84496705,0,0,106617.855849,169022.737727,0.181735,especially_prior_driven_appendix_only
central,probability_weighted,year_5_annual,cause_directed_cash,strategic_reasoning,USD,200000,69530260833,9657.45333735,2389.84027851,0,0,27751.83576,44102.5303684,0.181745,especially_prior_driven_appendix_only
central,probability_weighted,year_5_annual,cause_directed_cash,environmental_protection,USD,200000,69530260833,30812.8933874,7448.94672861,0,0,89803.8571283,141759.099432,0.181745,especially_prior_driven_appendix_only
central,probability_weighted,year_5_annual,ordinary_action_hours,factory_farming_reduction,hours,200000,69530260833,114.145461794,7.08964864029,0,0,248.101177534,521.330286028,0.20651,especially_prior_driven_appendix_only
central,probability_weighted,year_5_annual,ordinary_action_hours,wild_animal_suffering,hours,200000,69530260833,12.549376307,0.758394427017,0,0,27.0254010292,56.9189105369,0.206455,especially_prior_driven_appendix_only
central,probability_weighted,year_5_annual,ordinary_action_hours,residual_existential_risk_prevention,hours,200000,69530260833,31.359943565,1.89456333395,0,0,67.5895468438,143.116225216,0.20646,especially_prior_driven_appendix_only
central,probability_weighted,year_5_annual,ordinary_action_hours,preventing_extreme_power_concentration,hours,200000,69530260833,18.813263158,1.13719398684,0,0,40.4760684065,85.902949044,0.20624,especially_prior_driven_appendix_only
central,probability_weighted,year_5_annual,ordinary_action_hours,biorisk_prevention,hours,200000,69530260833,20.9978788706,1.26466768964,0,0,45.1272314258,95.2429487859,0.205945,especially_prior_driven_appendix_only
central,probability_weighted,year_5_annual,ordinary_action_hours,space_governance,hours,200000,69530260833,10.8786573752,0.653126558362,0,0,23.2972386305,49.6773572856,0.2065,especially_prior_driven_appendix_only
central,probability_weighted,year_5_annual,ordinary_action_hours,global_health,hours,200000,69530260833,46.7545283209,2.84620417276,0,0,101.497046382,214.26745639,0.20703,especially_prior_driven_appendix_only
central,probability_weighted,year_5_annual,ordinary_action_hours,strategic_reasoning,hours,200000,69530260833,28.9508206699,1.74355892322,0,0,62.1631398598,131.51013494,0.20658,especially_prior_driven_appendix_only
central,probability_weighted,year_5_annual,ordinary_action_hours,environmental_protection,hours,200000,69530260833,71.7703335878,4.41186516479,0,0,155.545254825,328.961293123,0.206375,especially_prior_driven_appendix_only
central,probability_weighted,year_5_annual,skilled_work_hours,factory_farming_reduction,hours,200000,69530260833,25.3827906819,1.23898400345,0,0,51.4234567168,112.188793896,0.205725,especially_prior_driven_appendix_only
central,probability_weighted,year_5_annual,skilled_work_hours,wild_animal_suffering,hours,200000,69530260833,3.87020218,0.186063741824,0,0,7.84814613927,17.1539166223,0.2066,especially_prior_driven_appendix_only
central,probability_weighted,year_5_annual,skilled_work_hours,residual_existential_risk_prevention,hours,200000,69530260833,9.75198794759,0.469245305547,0,0,19.5626420187,43.238095694,0.206245,especially_prior_driven_appendix_only
central,probability_weighted,year_5_annual,skilled_work_hours,preventing_extreme_power_concentration,hours,200000,69530260833,5.86337348119,0.279639988887,0,0,11.7214602779,25.8037302988,0.20651,especially_prior_driven_appendix_only
central,probability_weighted,year_5_annual,skilled_work_hours,biorisk_prevention,hours,200000,69530260833,7.08978444012,0.340272934631,0,0,14.2368513072,31.4661986332,0.20616,especially_prior_driven_appendix_only
central,probability_weighted,year_5_annual,skilled_work_hours,space_governance,hours,200000,69530260833,3.62363315156,0.173309954967,0,0,7.26901287726,16.0172524002,0.206185,especially_prior_driven_appendix_only
central,probability_weighted,year_5_annual,skilled_work_hours,global_health,hours,200000,69530260833,12.8027866816,0.620090176677,0,0,25.8801061252,56.415349479,0.20582,especially_prior_driven_appendix_only
central,probability_weighted,year_5_annual,skilled_work_hours,strategic_reasoning,hours,200000,69530260833,8.38566344289,0.403139185753,0,0,16.7723795751,37.2248382661,0.206015,especially_prior_driven_appendix_only
central,probability_weighted,year_5_annual,skilled_work_hours,environmental_protection,hours,200000,69530260833,15.8527376612,0.763526957033,0,0,31.9469828646,70.4797736873,0.206265,especially_prior_driven_appendix_only
central,probability_weighted,five_year_cumulative,cause_directed_cash,factory_farming_reduction,USD,200000,69530260833,83373.9690229,20474.4025832,0,0,240483.653983,380836.448771,0.18175,especially_prior_driven_appendix_only
central,probability_weighted,five_year_cumulative,cause_directed_cash,wild_animal_suffering,USD,200000,69530260833,15868.7233203,3978.74820181,0,0,45598.4614812,72200.6550384,0.18175,especially_prior_driven_appendix_only
central,probability_weighted,five_year_cumulative,cause_directed_cash,residual_existential_risk_prevention,USD,200000,69530260833,49950.2293266,12686.4061656,0,0,144060.650082,227807.159279,0.181755,especially_prior_driven_appendix_only
central,probability_weighted,five_year_cumulative,cause_directed_cash,preventing_extreme_power_concentration,USD,200000,69530260833,66647.4172625,16111.2830547,0,0,193243.071625,307266.955796,0.181745,especially_prior_driven_appendix_only
central,probability_weighted,five_year_cumulative,cause_directed_cash,biorisk_prevention,USD,200000,69530260833,35955.9619541,8999.26720506,0,0,104081.179515,164016.125903,0.181755,especially_prior_driven_appendix_only
central,probability_weighted,five_year_cumulative,cause_directed_cash,space_governance,USD,200000,69530260833,18644.3772434,4667.5952269,0,0,53810.1105215,85015.5889536,0.18173,especially_prior_driven_appendix_only
central,probability_weighted,five_year_cumulative,cause_directed_cash,global_health,USD,200000,69530260833,102516.357557,25173.622935,0,0,298742.084579,473304.536744,0.181735,especially_prior_driven_appendix_only
central,probability_weighted,five_year_cumulative,cause_directed_cash,strategic_reasoning,USD,200000,69530260833,27155.0125176,6846.72972213,0,0,77864.6734803,123653.796766,0.181745,especially_prior_driven_appendix_only
central,probability_weighted,five_year_cumulative,cause_directed_cash,environmental_protection,USD,200000,69530260833,86415.7705359,21056.0977539,0,0,251673.985277,396939.655281,0.181745,especially_prior_driven_appendix_only
central,probability_weighted,five_year_cumulative,ordinary_action_hours,factory_farming_reduction,hours,200000,69530260833,319.39785181,19.8380076632,0,0,694.228065577,1458.76823155,0.20651,especially_prior_driven_appendix_only
central,probability_weighted,five_year_cumulative,ordinary_action_hours,wild_animal_suffering,hours,200000,69530260833,35.115227281,2.12211284624,0,0,75.6215349901,159.268511135,0.206455,especially_prior_driven_appendix_only
central,probability_weighted,five_year_cumulative,ordinary_action_hours,residual_existential_risk_prevention,hours,200000,69530260833,87.7503008011,5.30130107206,0,0,189.126713645,400.462832027,0.20646,especially_prior_driven_appendix_only
central,probability_weighted,five_year_cumulative,ordinary_action_hours,preventing_extreme_power_concentration,hours,200000,69530260833,52.6426170934,3.18205656868,0,0,113.258723523,240.370637233,0.20624,especially_prior_driven_appendix_only
central,probability_weighted,five_year_cumulative,ordinary_action_hours,biorisk_prevention,hours,200000,69530260833,58.7555326195,3.53874903983,0,0,126.273445733,266.505498896,0.205945,especially_prior_driven_appendix_only
central,probability_weighted,five_year_cumulative,ordinary_action_hours,space_governance,hours,200000,69530260833,30.4402798112,1.82755596606,0,0,65.1895209386,139.005449285,0.2065,especially_prior_driven_appendix_only
central,probability_weighted,five_year_cumulative,ordinary_action_hours,global_health,hours,200000,69530260833,130.826891173,7.96414929075,0,0,284.005496758,599.555726595,0.20703,especially_prior_driven_appendix_only
central,probability_weighted,five_year_cumulative,ordinary_action_hours,strategic_reasoning,hours,200000,69530260833,81.0091771038,4.87876579434,0,0,173.9427308,367.987074831,0.20658,especially_prior_driven_appendix_only
central,probability_weighted,five_year_cumulative,ordinary_action_hours,environmental_protection,hours,200000,69530260833,200.82524536,12.345127296,0,0,435.241309373,920.48802204,0.206375,especially_prior_driven_appendix_only
central,probability_weighted,five_year_cumulative,skilled_work_hours,factory_farming_reduction,hours,200000,69530260833,71.0252399815,3.46688184453,0,0,143.891323841,313.92277191,0.205725,especially_prior_driven_appendix_only
central,probability_weighted,five_year_cumulative,skilled_work_hours,wild_animal_suffering,hours,200000,69530260833,10.8294648156,0.520637075746,0,0,21.9604089218,47.9994914661,0.2066,especially_prior_driven_appendix_only
central,probability_weighted,five_year_cumulative,skilled_work_hours,residual_existential_risk_prevention,hours,200000,69530260833,27.2876726974,1.31302585497,0,0,54.7395028965,120.987331988,0.206245,especially_prior_driven_appendix_only
central,probability_weighted,five_year_cumulative,skilled_work_hours,preventing_extreme_power_concentration,hours,200000,69530260833,16.4066872639,0.782478867987,0,0,32.7985815117,72.2030985424,0.20651,especially_prior_driven_appendix_only
central,probability_weighted,five_year_cumulative,skilled_work_hours,biorisk_prevention,hours,200000,69530260833,19.8383876536,0.952139862958,0,0,39.8370609973,88.0476200288,0.20616,especially_prior_driven_appendix_only
central,probability_weighted,five_year_cumulative,skilled_work_hours,space_governance,hours,200000,69530260833,10.1395239562,0.484949873989,0,0,20.339898418,44.8189172665,0.206185,especially_prior_driven_appendix_only
central,probability_weighted,five_year_cumulative,skilled_work_hours,global_health,hours,200000,69530260833,35.8243113567,1.73511471456,0,0,72.4168107173,157.859464139,0.20582,especially_prior_driven_appendix_only
central,probability_weighted,five_year_cumulative,skilled_work_hours,strategic_reasoning,hours,200000,69530260833,23.4644711017,1.12805001518,0,0,46.9318878018,104.16124469,0.206015,especially_prior_driven_appendix_only
central,probability_weighted,five_year_cumulative,skilled_work_hours,environmental_protection,hours,200000,69530260833,44.3585778593,2.1364745128,0,0,89.3929337037,197.214045639,0.206265,especially_prior_driven_appendix_only
central,probability_weighted,eoy5_annualized_run_rate,cause_directed_cash,factory_farming_reduction,USD,200000,69530260833,32707.6504634,7929.85226931,0,0,94457.7267655,149719.149096,0.18175,especially_prior_driven_appendix_only
central,probability_weighted,eoy5_annualized_run_rate,cause_directed_cash,wild_animal_suffering,USD,200000,69530260833,6216.54693106,1532.51747402,0,0,17898.2966717,28350.804435,0.18175,especially_prior_driven_appendix_only
central,probability_weighted,eoy5_annualized_run_rate,cause_directed_cash,residual_existential_risk_prevention,USD,200000,69530260833,19557.696221,4872.10346177,0,0,56495.6184304,89423.9348928,0.181755,especially_prior_driven_appendix_only
central,probability_weighted,eoy5_annualized_run_rate,cause_directed_cash,preventing_extreme_power_concentration,USD,200000,69530260833,26163.3413044,6262.96630303,0,0,75936.4724949,120816.82266,0.181745,especially_prior_driven_appendix_only
central,probability_weighted,eoy5_annualized_run_rate,cause_directed_cash,biorisk_prevention,USD,200000,69530260833,14090.4920146,3474.48348914,0,0,40849.9246819,64480.9644808,0.181755,especially_prior_driven_appendix_only
central,probability_weighted,eoy5_annualized_run_rate,cause_directed_cash,space_governance,USD,200000,69530260833,7303.18635175,1795.19121581,0,0,21125.261039,33411.7545862,0.18173,especially_prior_driven_appendix_only
central,probability_weighted,eoy5_annualized_run_rate,cause_directed_cash,global_health,USD,200000,69530260833,40229.8843307,9784.02765544,0,0,117383.659201,186102.740254,0.181735,especially_prior_driven_appendix_only
central,probability_weighted,eoy5_annualized_run_rate,cause_directed_cash,strategic_reasoning,USD,200000,69530260833,10631.5924239,2626.58801396,0,0,30567.0307486,48555.6001451,0.181745,especially_prior_driven_appendix_only
central,probability_weighted,eoy5_annualized_run_rate,cause_directed_cash,environmental_protection,USD,200000,69530260833,33921.6840257,8193.37558311,0,0,98872.8888473,156101.364474,0.181745,especially_prior_driven_appendix_only
central,probability_weighted,eoy5_annualized_run_rate,ordinary_action_hours,factory_farming_reduction,hours,200000,69530260833,125.664728581,7.80511776913,0,0,273.138911047,573.941599297,0.20651,especially_prior_driven_appendix_only
central,probability_weighted,eoy5_annualized_run_rate,ordinary_action_hours,wild_animal_suffering,hours,200000,69530260833,13.8158271269,0.834929644422,0,0,29.7527350781,62.6630207745,0.206455,especially_prior_driven_appendix_only
central,probability_weighted,eoy5_annualized_run_rate,ordinary_action_hours,residual_existential_risk_prevention,hours,200000,69530260833,34.5247085119,2.08575779884,0,0,74.4105102867,157.559147027,0.20646,especially_prior_driven_appendix_only
central,probability_weighted,eoy5_annualized_run_rate,ordinary_action_hours,preventing_extreme_power_concentration,hours,200000,69530260833,20.7118493482,1.25195668276,0,0,44.5608092549,94.5720539934,0.20624,especially_prior_driven_appendix_only
central,probability_weighted,eoy5_annualized_run_rate,ordinary_action_hours,biorisk_prevention,hours,200000,69530260833,23.1169308667,1.39229470419,0,0,49.6813556981,104.854622517,0.205945,especially_prior_driven_appendix_only
central,probability_weighted,eoy5_annualized_run_rate,ordinary_action_hours,space_governance,hours,200000,69530260833,11.9765035323,0.719038412876,0,0,25.648336107,54.6906685713,0.2065,especially_prior_driven_appendix_only
central,probability_weighted,eoy5_annualized_run_rate,ordinary_action_hours,global_health,hours,200000,69530260833,51.4728752157,3.13343578652,0,0,111.739867577,235.890777677,0.20703,especially_prior_driven_appendix_only
central,probability_weighted,eoy5_annualized_run_rate,ordinary_action_hours,strategic_reasoning,hours,200000,69530260833,31.8724631228,1.91951441089,0,0,68.4364842493,144.781799934,0.20658,especially_prior_driven_appendix_only
central,probability_weighted,eoy5_annualized_run_rate,ordinary_action_hours,environmental_protection,hours,200000,69530260833,79.0132112893,4.85709926399,0,0,171.242482376,362.159221786,0.206375,especially_prior_driven_appendix_only
central,probability_weighted,eoy5_annualized_run_rate,skilled_work_hours,factory_farming_reduction,hours,200000,69530260833,27.944356714,1.36401908637,0,0,56.6129798717,123.510598784,0.205725,especially_prior_driven_appendix_only
central,probability_weighted,eoy5_annualized_run_rate,skilled_work_hours,wild_animal_suffering,hours,200000,69530260833,4.2607730422,0.204840816687,0,0,8.64016088727,18.8850458227,0.2066,especially_prior_driven_appendix_only
central,probability_weighted,eoy5_annualized_run_rate,skilled_work_hours,residual_existential_risk_prevention,hours,200000,69530260833,10.7361335203,0.516600336382,0,0,21.5368535986,47.6015732411,0.206245,especially_prior_driven_appendix_only
central,probability_weighted,eoy5_annualized_run_rate,skilled_work_hours,preventing_extreme_power_concentration,hours,200000,69530260833,6.45509007104,0.307860538224,0,0,12.904359939,28.4077764757,0.20651,especially_prior_driven_appendix_only
central,probability_weighted,eoy5_annualized_run_rate,skilled_work_hours,biorisk_prevention,hours,200000,69530260833,7.80526727353,0.374612405098,0,0,15.6735977694,34.6416865687,0.20616,especially_prior_driven_appendix_only
central,probability_weighted,eoy5_annualized_run_rate,skilled_work_hours,space_governance,hours,200000,69530260833,3.9893209008,0.190799950422,0,0,8.00258298414,17.6336723671,0.206185,especially_prior_driven_appendix_only
central,probability_weighted,eoy5_annualized_run_rate,skilled_work_hours,global_health,hours,200000,69530260833,14.0948110256,0.682668084416,0,0,28.4918599543,62.1086416283,0.20582,especially_prior_driven_appendix_only
central,probability_weighted,eoy5_annualized_run_rate,skilled_work_hours,strategic_reasoning,hours,200000,69530260833,9.23192305639,0.443822956792,0,0,18.4650050368,40.9814733205,0.206015,especially_prior_driven_appendix_only
central,probability_weighted,eoy5_annualized_run_rate,skilled_work_hours,environmental_protection,hours,200000,69530260833,17.4525552233,0.840580136183,0,0,35.1709903097,77.5924113989,0.206265,especially_prior_driven_appendix_only
thin_market,conditional,year_1,cause_directed_cash,factory_farming_reduction,USD,200000,69520360817,2743.14268261,1588.43138328,157.107572835,278.486652974,6594.1150813,9251.34495472,1e-05,especially_prior_driven_appendix_only
thin_market,conditional,year_1,cause_directed_cash,wild_animal_suffering,USD,200000,69520360817,542.911173173,321.091486677,32.7575294601,57.6202801704,1289.58033762,1807.97429354,5e-05,especially_prior_driven_appendix_only
thin_market,conditional,year_1,cause_directed_cash,residual_existential_risk_prevention,USD,200000,69520360817,1745.42819925,1051.07939924,107.47365528,188.839441566,4135.79455141,5741.08375993,3e-05,especially_prior_driven_appendix_only
thin_market,conditional,year_1,cause_directed_cash,preventing_extreme_power_concentration,USD,200000,69520360817,2188.43753677,1253.08731813,113.299545787,208.956168847,5296.20940742,7433.31601995,1e-05,especially_prior_driven_appendix_only
thin_market,conditional,year_1,cause_directed_cash,biorisk_prevention,USD,200000,69520360817,1226.94906291,725.168593139,73.0784931406,128.89955742,2919.00618287,4076.83446242,2.5e-05,especially_prior_driven_appendix_only
thin_market,conditional,year_1,cause_directed_cash,space_governance,USD,200000,69520360817,643.381303809,382.497039327,38.4658897595,68.2743722254,1528.2830615,2135.3502808,5e-05,especially_prior_driven_appendix_only
thin_market,conditional,year_1,cause_directed_cash,global_health,USD,200000,69520360817,3388.43911396,1962.32592327,187.556581604,335.153612926,8183.06731617,11464.1071935,2e-05,especially_prior_driven_appendix_only
thin_market,conditional,year_1,cause_directed_cash,strategic_reasoning,USD,200000,69520360817,938.301222796,561.637978777,58.5714176845,101.614462702,2215.6600162,3097.29783547,3e-05,especially_prior_driven_appendix_only
thin_market,conditional,year_1,cause_directed_cash,environmental_protection,USD,200000,69520360817,2828.62546505,1619.22650885,154.626751148,276.212447561,6840.52272145,9614.2337592,3e-05,especially_prior_driven_appendix_only
thin_market,conditional,year_1,ordinary_action_hours,factory_farming_reduction,hours,200000,69520360817,8.37254941457,1.64537708572,0.0128005830579,0.0597177054555,19.8799473324,36.7718823818,0.030355,especially_prior_driven_appendix_only
thin_market,conditional,year_1,ordinary_action_hours,wild_animal_suffering,hours,200000,69520360817,0.924005721922,0.176335054299,0.0013605117936,0.00630555298472,2.16156262364,4.03572808145,0.030165,especially_prior_driven_appendix_only
thin_market,conditional,year_1,ordinary_action_hours,residual_existential_risk_prevention,hours,200000,69520360817,2.29024702723,0.440361798605,0.00347202768494,0.0158281573037,5.404021393,9.98484405723,0.02979,especially_prior_driven_appendix_only
thin_market,conditional,year_1,ordinary_action_hours,preventing_extreme_power_concentration,hours,200000,69520360817,1.3854178212,0.26587830006,0.00213772471656,0.00960302996389,3.27746283344,6.04545516089,0.02931,especially_prior_driven_appendix_only
thin_market,conditional,year_1,ordinary_action_hours,biorisk_prevention,hours,200000,69520360817,1.53368202067,0.293385120342,0.00228869889517,0.0104012776621,3.59985188752,6.73124827457,0.030175,especially_prior_driven_appendix_only
thin_market,conditional,year_1,ordinary_action_hours,space_governance,hours,200000,69520360817,0.795316314471,0.151913520015,0.00116279455612,0.00542702513768,1.8710064965,3.48513091936,0.03013,especially_prior_driven_appendix_only
thin_market,conditional,year_1,ordinary_action_hours,global_health,hours,200000,69520360817,3.45117662741,0.663133495415,0.0052069898385,0.0238670523955,8.10013953871,15.012972818,0.02995,especially_prior_driven_appendix_only
thin_market,conditional,year_1,ordinary_action_hours,strategic_reasoning,hours,200000,69520360817,2.1212122357,0.406197034314,0.00313305762947,0.0145733093821,5.01051458968,9.29346339502,0.03029,especially_prior_driven_appendix_only
thin_market,conditional,year_1,ordinary_action_hours,environmental_protection,hours,200000,69520360817,5.24092636868,1.02185217951,0.00820041297125,0.0369570925761,12.4460345055,22.9652423604,0.02961,especially_prior_driven_appendix_only
thin_market,conditional,year_1,skilled_work_hours,factory_farming_reduction,hours,200000,69520360817,1.8680606049,0.301712666898,0.00200600894329,0.0094656423957,4.22400097639,8.09785216231,0.02889,especially_prior_driven_appendix_only
thin_market,conditional,year_1,skilled_work_hours,wild_animal_suffering,hours,200000,69520360817,0.286023539143,0.0450245023924,0.00026939879333,0.00135499009882,0.63964094913,1.24038926954,0.03087,especially_prior_driven_appendix_only
thin_market,conditional,year_1,skilled_work_hours,residual_existential_risk_prevention,hours,200000,69520360817,0.713530694846,0.113870520776,0.000706285140772,0.00345099050661,1.60747057234,3.104712631,0.030135,especially_prior_driven_appendix_only
thin_market,conditional,year_1,skilled_work_hours,preventing_extreme_power_concentration,hours,200000,69520360817,0.430357631122,0.0678933214036,0.000406975934671,0.00205069234793,0.968845693279,1.86111950734,0.030825,especially_prior_driven_appendix_only
thin_market,conditional,year_1,skilled_work_hours,biorisk_prevention,hours,200000,69520360817,0.522525090497,0.0831927740828,0.000521282560637,0.00253687014899,1.17857327536,2.27652117718,0.029925,especially_prior_driven_appendix_only
thin_market,conditional,year_1,skilled_work_hours,space_governance,hours,200000,69520360817,0.266560162924,0.0422005944642,0.000264726363053,0.00128740028675,0.598123788522,1.16066625615,0.0299,especially_prior_driven_appendix_only
thin_market,conditional,year_1,skilled_work_hours,global_health,hours,200000,69520360817,0.943586464912,0.150777445366,0.000935881905264,0.00456921691609,2.11833900834,4.10732953651,0.030165,especially_prior_driven_appendix_only
thin_market,conditional,year_1,skilled_work_hours,strategic_reasoning,hours,200000,69520360817,0.618344168922,0.0981873896766,0.000609969612113,0.00300298643152,1.39673296257,2.68474969289,0.030115,especially_prior_driven_appendix_only
thin_market,conditional,year_1,skilled_work_hours,environmental_protection,hours,200000,69520360817,1.16287866838,0.186666734206,0.00116267020195,0.00572397682355,2.6407734471,5.04662370264,0.03026,especially_prior_driven_appendix_only
thin_market,conditional,year_5_annual,cause_directed_cash,factory_farming_reduction,USD,200000,69520360817,21760.5954225,12054.9028516,1073.89975208,1909.41862231,53202.2709082,75389.3095181,1e-05,especially_prior_driven_appendix_only
thin_market,conditional,year_5_annual,cause_directed_cash,wild_animal_suffering,USD,200000,69520360817,4202.97413718,2347.29988639,220.998721904,385.549147064,10180.126974,14500.0658714,5e-05,especially_prior_driven_appendix_only
thin_market,conditional,year_5_annual,cause_directed_cash,residual_existential_risk_prevention,USD,200000,69520360817,13394.8464242,7575.94412012,717.355071754,1250.85116521,32464.8186858,45714.0221946,3e-05,especially_prior_driven_appendix_only
thin_market,conditional,year_5_annual,cause_directed_cash,preventing_extreme_power_concentration,USD,200000,69520360817,17583.0241571,9744.43103226,761.423465945,1432.65276557,43214.0308005,61062.7987883,1e-05,especially_prior_driven_appendix_only
thin_market,conditional,year_5_annual,cause_directed_cash,biorisk_prevention,USD,200000,69520360817,9559.11453325,5358.00239724,490.965399957,860.836074765,23255.9018492,32785.2904331,2.5e-05,especially_prior_driven_appendix_only
thin_market,conditional,year_5_annual,cause_directed_cash,space_governance,USD,200000,69520360817,4975.65069975,2791.38162004,260.637718562,455.562629703,12092.5090493,17118.740454,5e-05,especially_prior_driven_appendix_only
thin_market,conditional,year_5_annual,cause_directed_cash,global_health,USD,200000,69520360817,27057.3467848,15092.3090245,1256.21006707,2305.06256812,66520.0045872,93830.4572437,2e-05,especially_prior_driven_appendix_only
thin_market,conditional,year_5_annual,cause_directed_cash,strategic_reasoning,USD,200000,69520360817,7184.8124251,4034.43451865,397.284339726,681.862405981,17371.2583432,24603.8611636,3e-05,especially_prior_driven_appendix_only
thin_market,conditional,year_5_annual,cause_directed_cash,environmental_protection,USD,200000,69520360817,22701.4492509,12567.930127,1049.74046139,1911.0210843,55684.1396387,78881.0730119,3e-05,especially_prior_driven_appendix_only
thin_market,conditional,year_5_annual,ordinary_action_hours,factory_farming_reduction,hours,200000,69520360817,70.2006066299,13.7958540264,0.107327965639,0.500709991896,166.685712249,308.31809074,0.030355,especially_prior_driven_appendix_only
thin_market,conditional,year_5_annual,ordinary_action_hours,wild_animal_suffering,hours,200000,69520360817,7.7474325915,1.47850160912,0.0114073681156,0.0528696365642,18.123871229,33.8380277599,0.030165,especially_prior_driven_appendix_only
thin_market,conditional,year_5_annual,ordinary_action_hours,residual_existential_risk_prevention,hours,200000,69520360817,19.2028404591,3.69226431138,0.029111616743,0.132713011239,45.3106409105,83.7190770952,0.02979,especially_prior_driven_appendix_only
thin_market,conditional,year_5_annual,ordinary_action_hours,preventing_extreme_power_concentration,hours,200000,69520360817,11.6161955778,2.22928728512,0.0179239995466,0.0805177127741,27.4802652958,50.688816349,0.02931,especially_prior_driven_appendix_only
thin_market,conditional,year_5_annual,ordinary_action_hours,biorisk_prevention,hours,200000,69520360817,12.8593338657,2.45992139364,0.0191898599672,0.087210712705,30.1833735184,56.4389278406,0.030175,especially_prior_driven_appendix_only
thin_market,conditional,year_5_annual,ordinary_action_hours,space_governance,hours,200000,69520360817,6.66842140595,1.27373643704,0.00974958512441,0.0455035184621,15.6876698553,29.2214823239,0.03013,especially_prior_driven_appendix_only
thin_market,conditional,year_5_annual,ordinary_action_hours,global_health,hours,200000,69520360817,28.9367886452,5.56011930771,0.0436586071074,0.2001160547,67.9165545938,125.878002859,0.02995,especially_prior_driven_appendix_only
thin_market,conditional,year_5_annual,ordinary_action_hours,strategic_reasoning,hours,200000,69520360817,17.7855487455,3.40580590309,0.0262694832009,0.12219159405,42.0112377134,77.9221161583,0.03029,especially_prior_driven_appendix_only
thin_market,conditional,year_5_annual,ordinary_action_hours,environmental_protection,hours,200000,69520360817,43.9431518604,8.56783750509,0.0687573087589,0.309871006984,104.355212392,192.554724406,0.02961,especially_prior_driven_appendix_only
thin_market,conditional,year_5_annual,skilled_work_hours,factory_farming_reduction,hours,200000,69520360817,15.6629696872,2.5297446686,0.0168196134476,0.0793657708562,35.4166235713,67.8973758225,0.02889,especially_prior_driven_appendix_only
thin_market,conditional,year_5_annual,skilled_work_hours,wild_animal_suffering,hours,200000,69520360817,2.39819736666,0.377513135444,0.00225880526715,0.0113610708286,5.3631433427,10.4001869523,0.03087,especially_prior_driven_appendix_only
thin_market,conditional,year_5_annual,skilled_work_hours,residual_existential_risk_prevention,hours,200000,69520360817,5.9826804414,0.954760520354,0.00592192925724,0.0289352280939,13.4780224912,26.0318212907,0.030135,especially_prior_driven_appendix_only
thin_market,conditional,year_5_annual,skilled_work_hours,preventing_extreme_power_concentration,hours,200000,69520360817,3.60838321479,0.569259387153,0.00341233668301,0.0171942666095,8.12339850518,15.6047712538,0.030825,especially_prior_driven_appendix_only
thin_market,conditional,year_5_annual,skilled_work_hours,biorisk_prevention,hours,200000,69520360817,4.38117191263,0.697539413463,0.00437075377765,0.02127068048,9.88188361644,19.0877544856,0.029925,especially_prior_driven_appendix_only
thin_market,conditional,year_5_annual,skilled_work_hours,space_governance,hours,200000,69520360817,2.23500444298,0.353835753585,0.00221962873637,0.0107943562504,5.01503791914,9.73174014774,0.0299,especially_prior_driven_appendix_only
thin_market,conditional,year_5_annual,skilled_work_hours,global_health,hours,200000,69520360817,7.91160959042,1.26421088807,0.00784700982106,0.0383111264503,17.7614578391,34.4383784215,0.030165,especially_prior_driven_appendix_only
thin_market,conditional,year_5_annual,skilled_work_hours,strategic_reasoning,hours,200000,69520360817,5.18457803173,0.823263498057,0.00511436059387,0.0251788862335,11.7110686862,22.5105935789,0.030115,especially_prior_driven_appendix_only
thin_market,conditional,year_5_annual,skilled_work_hours,environmental_protection,hours,200000,69520360817,9.75029037333,1.56512877142,0.00974854246249,0.047993344136,22.1418696718,42.3139987375,0.03026,especially_prior_driven_appendix_only
thin_market,conditional,five_year_cumulative,cause_directed_cash,factory_farming_reduction,USD,200000,69520360817,61160.3818051,33998.2907157,3167.57823863,5520.99579258,149225.028546,211386.35958,1e-05,especially_prior_driven_appendix_only
thin_market,conditional,five_year_cumulative,cause_directed_cash,wild_animal_suffering,USD,200000,69520360817,11837.0808228,6649.11552699,663.992761323,1130.27522476,28615.240571,40701.5495596,5e-05,especially_prior_driven_appendix_only
thin_market,conditional,five_year_cumulative,cause_directed_cash,residual_existential_risk_prevention,USD,200000,69520360817,37752.3529122,21485.5437414,2166.27695657,3676.88347408,91183.6181216,128355.545775,3e-05,especially_prior_driven_appendix_only
thin_market,conditional,five_year_cumulative,cause_directed_cash,preventing_extreme_power_concentration,USD,200000,69520360817,49367.4412178,27427.3409774,2238.52254235,4119.69456843,121092.05215,171129.16187,1e-05,especially_prior_driven_appendix_only
thin_market,conditional,five_year_cumulative,cause_directed_cash,biorisk_prevention,USD,200000,69520360817,26907.4050997,15148.908633,1468.46631965,2521.95879724,65257.0058358,91972.1609835,2.5e-05,especially_prior_driven_appendix_only
thin_market,conditional,five_year_cumulative,cause_directed_cash,space_governance,USD,200000,69520360817,14014.3872054,7897.21568255,783.552152972,1336.62492886,33962.146084,48039.455,5e-05,especially_prior_driven_appendix_only
thin_market,conditional,five_year_cumulative,cause_directed_cash,global_health,USD,200000,69520360817,76007.6452927,42540.8157324,3707.27315453,6652.28338045,186526.821281,263021.874355,2e-05,especially_prior_driven_appendix_only
thin_market,conditional,five_year_cumulative,cause_directed_cash,strategic_reasoning,USD,200000,69520360817,20253.7838867,11437.0159608,1192.28805453,2010.35862625,48805.4201487,69053.6581414,3e-05,especially_prior_driven_appendix_only
thin_market,conditional,five_year_cumulative,cause_directed_cash,environmental_protection,USD,200000,69520360817,63744.0662016,35370.5207084,3077.92398129,5494.40073463,156140.756538,221001.907763,3e-05,especially_prior_driven_appendix_only
thin_market,conditional,five_year_cumulative,ordinary_action_hours,factory_farming_reduction,hours,200000,69520360817,196.432890111,38.6030777804,0.300321371743,1.40106924338,466.414148954,862.724932804,0.030355,especially_prior_driven_appendix_only
thin_market,conditional,five_year_cumulative,ordinary_action_hours,wild_animal_suffering,hours,200000,69520360817,21.6785957836,4.13709165856,0.0319196997729,0.147937973872,50.7135846316,94.6843896033,0.030165,especially_prior_driven_appendix_only
thin_market,conditional,five_year_cumulative,ordinary_action_hours,residual_existential_risk_prevention,hours,200000,69520360817,53.7327187157,10.331565275,0.0814591110698,0.371352921356,126.786655759,234.259802881,0.02979,especially_prior_driven_appendix_only
thin_market,conditional,five_year_cumulative,ordinary_action_hours,preventing_extreme_power_concentration,hours,200000,69520360817,32.5040334974,6.23791396294,0.0501543106578,0.225301856845,76.8943203231,141.835678775,0.02931,especially_prior_driven_appendix_only
thin_market,conditional,five_year_cumulative,ordinary_action_hours,biorisk_prevention,hours,200000,69520360817,35.9825397158,6.88326628494,0.0536963971559,0.244029975918,84.4580635149,157.925440288,0.030175,especially_prior_driven_appendix_only
thin_market,conditional,five_year_cumulative,ordinary_action_hours,space_governance,hours,200000,69520360817,18.659344301,3.56412489265,0.0272809492013,0.127326358999,43.8966908795,81.7665331081,0.03013,especially_prior_driven_appendix_only
thin_market,conditional,five_year_cumulative,ordinary_action_hours,global_health,hours,200000,69520360817,80.9699131816,15.5581320078,0.122163992365,0.55995776774,190.041735331,352.227439193,0.02995,especially_prior_driven_appendix_only
thin_market,conditional,five_year_cumulative,ordinary_action_hours,strategic_reasoning,hours,200000,69520360817,49.7669024529,9.53000734351,0.073506352076,0.341912258579,117.554380758,218.038948883,0.03029,especially_prior_driven_appendix_only
thin_market,conditional,five_year_cumulative,ordinary_action_hours,environmental_protection,hours,200000,69520360817,122.960195573,23.9742242115,0.192394304325,0.867070248901,292.003117244,538.799916916,0.02961,especially_prior_driven_appendix_only
thin_market,conditional,five_year_cumulative,skilled_work_hours,factory_farming_reduction,hours,200000,69520360817,43.8275757304,7.07864333875,0.0470640559772,0.22207853313,99.1015613692,189.988069962,0.02889,especially_prior_driven_appendix_only
thin_market,conditional,five_year_cumulative,skilled_work_hours,wild_animal_suffering,hours,200000,69520360817,6.71055226451,1.05634409459,0.00632051015119,0.0317901523185,15.0069607296,29.1014405545,0.03087,especially_prior_driven_appendix_only
thin_market,conditional,five_year_cumulative,skilled_work_hours,residual_existential_risk_prevention,hours,200000,69520360817,16.7405278406,2.67157760282,0.016570535995,0.0809655465012,37.7137326588,72.8413348042,0.030135,especially_prior_driven_appendix_only
thin_market,conditional,five_year_cumulative,skilled_work_hours,preventing_extreme_power_concentration,hours,200000,69520360817,10.0968521148,1.59288177139,0.00954828154421,0.0481123973936,22.7306104961,43.6647269029,0.030825,especially_prior_driven_appendix_only
thin_market,conditional,five_year_cumulative,skilled_work_hours,biorisk_prevention,hours,200000,69520360817,12.2592425078,1.95183046887,0.0122300908457,0.0595188765725,27.6511422295,53.4106891569,0.029925,especially_prior_driven_appendix_only
thin_market,conditional,five_year_cumulative,skilled_work_hours,space_governance,hours,200000,69520360817,6.25391151476,0.990090870123,0.00621088774856,0.0302043913429,14.0329042692,27.2310160097,0.0299,especially_prior_driven_appendix_only
thin_market,conditional,five_year_cumulative,skilled_work_hours,global_health,hours,200000,69520360817,22.1379901383,3.53747083359,0.0219572293158,0.107200858416,49.6994921187,96.3642698951,0.030165,especially_prior_driven_appendix_only
thin_market,conditional,five_year_cumulative,skilled_work_hours,strategic_reasoning,hours,200000,69520360817,14.5073055016,2.30362721933,0.014310825515,0.0704546816625,32.7695041219,62.9883581794,0.030115,especially_prior_driven_appendix_only
thin_market,conditional,five_year_cumulative,skilled_work_hours,environmental_protection,hours,200000,69520360817,27.2829226043,4.37948876407,0.0272780316611,0.134293302399,61.9566077973,118.4015561,0.03026,especially_prior_driven_appendix_only
thin_market,conditional,eoy5_annualized_run_rate,cause_directed_cash,factory_farming_reduction,USD,200000,69520360817,23960.8116666,13272.5268412,1178.06628096,2096.00936167,58580.397639,83020.1036733,1e-05,especially_prior_driven_appendix_only
thin_market,conditional,eoy5_annualized_run_rate,cause_directed_cash,wild_animal_suffering,USD,200000,69520360817,4628.32934436,2585.01657135,241.412756635,422.74355622,11217.1716464,15966.4921068,5e-05,especially_prior_driven_appendix_only
thin_market,conditional,eoy5_annualized_run_rate,cause_directed_cash,residual_existential_risk_prevention,USD,200000,69520360817,14750.7482008,8343.06971564,783.593937219,1371.40597705,35749.6618055,50345.0938149,3e-05,especially_prior_driven_appendix_only
thin_market,conditional,eoy5_annualized_run_rate,cause_directed_cash,preventing_extreme_power_concentration,USD,200000,69520360817,19360.1216023,10729.2139531,837.357941506,1575.59630789,47587.3927511,67231.610416,1e-05,especially_prior_driven_appendix_only
thin_market,conditional,eoy5_annualized_run_rate,cause_directed_cash,biorisk_prevention,USD,200000,69520360817,10526.3296399,5901.52988242,536.726025565,945.525096012,25609.6361991,36099.5829125,2.5e-05,especially_prior_driven_appendix_only
thin_market,conditional,eoy5_annualized_run_rate,cause_directed_cash,space_governance,USD,200000,69520360817,5479.1953669,3073.77334143,284.573273682,500.268834849,13315.6992124,18849.6393991,5e-05,especially_prior_driven_appendix_only
thin_market,conditional,eoy5_annualized_run_rate,cause_directed_cash,global_health,USD,200000,69520360817,29792.4131722,16622.3282045,1379.97549165,2531.48301244,73239.7388862,103300.668363,2e-05,especially_prior_driven_appendix_only
thin_market,conditional,eoy5_annualized_run_rate,cause_directed_cash,strategic_reasoning,USD,200000,69520360817,7912.25861952,4444.53404112,433.195534314,748.870230203,19137.2450073,27103.9070129,3e-05,especially_prior_driven_appendix_only
thin_market,conditional,eoy5_annualized_run_rate,cause_directed_cash,environmental_protection,USD,200000,69520360817,24995.8829185,13838.4937794,1152.23441771,2101.04795969,61315.4930594,86847.1632573,3e-05,especially_prior_driven_appendix_only
thin_market,conditional,eoy5_annualized_run_rate,ordinary_action_hours,factory_farming_reduction,hours,200000,69520360817,77.2850715191,15.1880961759,0.118159228227,0.551240358051,183.507206146,339.432760447,0.030355,especially_prior_driven_appendix_only
thin_market,conditional,eoy5_annualized_run_rate,ordinary_action_hours,wild_animal_suffering,hours,200000,69520360817,8.52928358697,1.62770819353,0.0125585704025,0.0582051044743,19.9528857567,37.252874598,0.030165,especially_prior_driven_appendix_only
thin_market,conditional,eoy5_annualized_run_rate,ordinary_action_hours,residual_existential_risk_prevention,hours,200000,69520360817,21.1407417898,4.06487814097,0.0320494863226,0.146106067419,49.8832743969,92.1677912975,0.02979,especially_prior_driven_appendix_only
thin_market,conditional,eoy5_annualized_run_rate,ordinary_action_hours,preventing_extreme_power_concentration,hours,200000,69520360817,12.7884721957,2.45426123132,0.0197328435375,0.0886433535128,30.2535030779,55.8042014852,0.02931,especially_prior_driven_appendix_only
thin_market,conditional,eoy5_annualized_run_rate,ordinary_action_hours,biorisk_prevention,hours,200000,69520360817,14.1570648062,2.70817034162,0.02112645134,0.0960117938037,33.2294020387,62.1345994576,0.030175,especially_prior_driven_appendix_only
thin_market,conditional,eoy5_annualized_run_rate,ordinary_action_hours,space_governance,hours,200000,69520360817,7.34138136434,1.40227864629,0.0107334882104,0.0500956166555,17.2708291985,32.1704392557,0.03013,especially_prior_driven_appendix_only
thin_market,conditional,eoy5_annualized_run_rate,ordinary_action_hours,global_health,hours,200000,69520360817,31.8570150223,6.12123226537,0.0480645215862,0.220311252881,74.7705188189,138.581287551,0.02995,especially_prior_driven_appendix_only
thin_market,conditional,eoy5_annualized_run_rate,ordinary_action_hours,strategic_reasoning,hours,200000,69520360817,19.5804206372,3.74951108597,0.0289205319643,0.134522855834,46.2509039047,85.7858159541,0.03029,especially_prior_driven_appendix_only
thin_market,conditional,eoy5_annualized_run_rate,ordinary_action_hours,environmental_protection,hours,200000,69520360817,48.3777818647,9.43248165698,0.0756961197346,0.34114239301,114.886472358,211.986852557,0.02961,especially_prior_driven_appendix_only
thin_market,conditional,eoy5_annualized_run_rate,skilled_work_hours,factory_farming_reduction,hours,200000,69520360817,17.2436363529,2.78504000213,0.0185170056304,0.0873751605757,38.9907782436,74.7494045752,0.02889,especially_prior_driven_appendix_only
thin_market,conditional,eoy5_annualized_run_rate,skilled_work_hours,wild_animal_suffering,hours,200000,69520360817,2.6402172844,0.415610791314,0.00248675809227,0.0125076009122,5.90437799197,11.4497471034,0.03087,especially_prior_driven_appendix_only
thin_market,conditional,eoy5_annualized_run_rate,skilled_work_hours,residual_existential_risk_prevention,hours,200000,69520360817,6.5864371832,1.05111249947,0.00651955514559,0.0318552969841,14.8381898986,28.6588858246,0.030135,especially_prior_driven_appendix_only
thin_market,conditional,eoy5_annualized_run_rate,skilled_work_hours,preventing_extreme_power_concentration,hours,200000,69520360817,3.97253197958,0.626707582187,0.00375670093543,0.018929467827,8.94319101488,17.1795646831,0.030825,especially_prior_driven_appendix_only
thin_market,conditional,eoy5_annualized_run_rate,skilled_work_hours,biorisk_prevention,hours,200000,69520360817,4.82330852767,0.767933299226,0.00481183902127,0.0234172629138,10.8791379264,21.0140416355,0.029925,especially_prior_driven_appendix_only
thin_market,conditional,eoy5_annualized_run_rate,skilled_work_hours,space_governance,hours,200000,69520360817,2.46055535007,0.389543948901,0.00244362796665,0.0118836949546,5.52114266328,10.7138423645,0.0299,especially_prior_driven_appendix_only
thin_market,conditional,eoy5_annualized_run_rate,skilled_work_hours,global_health,hours,200000,69520360817,8.71002890688,1.39179180338,0.00863890989474,0.0421773869178,19.5538985385,37.9138111063,0.030165,especially_prior_driven_appendix_only
thin_market,conditional,eoy5_annualized_run_rate,skilled_work_hours,strategic_reasoning,hours,200000,69520360817,5.70779232851,0.906345135476,0.0056304887272,0.0277198747525,12.8929196545,24.7823048575,0.030115,especially_prior_driven_appendix_only
thin_market,conditional,eoy5_annualized_run_rate,skilled_work_hours,environmental_protection,hours,200000,69520360817,10.7342646312,1.72307754652,0.0107323403257,0.0528367091405,24.3763702809,46.5842187936,0.03026,especially_prior_driven_appendix_only
thin_market,probability_weighted,year_1,cause_directed_cash,factory_farming_reduction,USD,200000,69530360836,1232.89264142,334.984661731,0,0,3450.62170024,5511.80858915,0.18031,especially_prior_driven_appendix_only
thin_market,probability_weighted,year_1,cause_directed_cash,wild_animal_suffering,USD,200000,69530360836,246.466318517,70.8846896375,0,0,684.700480022,1088.16716402,0.180305,especially_prior_driven_appendix_only
thin_market,probability_weighted,year_1,cause_directed_cash,residual_existential_risk_prevention,USD,200000,69530360836,794.27797698,233.163345135,0,0,2221.04210327,3473.1231432,0.18033,especially_prior_driven_appendix_only
thin_market,probability_weighted,year_1,cause_directed_cash,preventing_extreme_power_concentration,USD,200000,69530360836,974.673321302,256.316812041,0,0,2737.78200455,4368.12656773,0.180315,especially_prior_driven_appendix_only
thin_market,probability_weighted,year_1,cause_directed_cash,biorisk_prevention,USD,200000,69530360836,555.51510149,157.872747775,0,0,1546.69712117,2452.60017539,0.1803,especially_prior_driven_appendix_only
thin_market,probability_weighted,year_1,cause_directed_cash,space_governance,USD,200000,69530360836,292.74003423,83.9027427117,0,0,815.734212389,1286.70149765,0.1803,especially_prior_driven_appendix_only
thin_market,probability_weighted,year_1,cause_directed_cash,global_health,USD,200000,69530360836,1511.50394428,409.238434543,0,0,4253.52012915,6801.46876577,0.180335,especially_prior_driven_appendix_only
thin_market,probability_weighted,year_1,cause_directed_cash,strategic_reasoning,USD,200000,69530360836,427.411236905,124.758821873,0,0,1185.85969173,1871.39349543,0.180305,especially_prior_driven_appendix_only
thin_market,probability_weighted,year_1,cause_directed_cash,environmental_protection,USD,200000,69530360836,1260.90629121,335.400357512,0,0,3524.89328797,5657.82132894,0.180305,especially_prior_driven_appendix_only
thin_market,probability_weighted,year_1,ordinary_action_hours,factory_farming_reduction,hours,200000,69530360836,3.61536735178,0.199765229074,0,0,7.53562321377,16.3833745999,0.20487,especially_prior_driven_appendix_only
thin_market,probability_weighted,year_1,ordinary_action_hours,wild_animal_suffering,hours,200000,69530360836,0.398106761085,0.0214964365166,0,0,0.825180065779,1.80524189633,0.204285,especially_prior_driven_appendix_only
thin_market,probability_weighted,year_1,ordinary_action_hours,residual_existential_risk_prevention,hours,200000,69530360836,0.988455553512,0.0535128578244,0,0,2.03529190632,4.42893920829,0.204845,especially_prior_driven_appendix_only
thin_market,probability_weighted,year_1,ordinary_action_hours,preventing_extreme_power_concentration,hours,200000,69530360836,0.595535570607,0.032316147494,0,0,1.23529627001,2.67312253278,0.204395,especially_prior_driven_appendix_only
thin_market,probability_weighted,year_1,ordinary_action_hours,biorisk_prevention,hours,200000,69530360836,0.663322374765,0.0358314295233,0,0,1.37161189101,2.99901242825,0.20449,especially_prior_driven_appendix_only
thin_market,probability_weighted,year_1,ordinary_action_hours,space_governance,hours,200000,69530360836,0.344287841224,0.0185243861897,0,0,0.708766748947,1.55192664888,0.205025,especially_prior_driven_appendix_only
thin_market,probability_weighted,year_1,ordinary_action_hours,global_health,hours,200000,69530360836,1.48956253645,0.0808426970835,0,0,3.09316185354,6.76212620133,0.204605,especially_prior_driven_appendix_only
thin_market,probability_weighted,year_1,ordinary_action_hours,strategic_reasoning,hours,200000,69530360836,0.915609564144,0.0496961266833,0,0,1.8989820949,4.15029416485,0.20461,especially_prior_driven_appendix_only
thin_market,probability_weighted,year_1,ordinary_action_hours,environmental_protection,hours,200000,69530360836,2.27319295385,0.125093848539,0,0,4.74664215955,10.2760043124,0.20429,especially_prior_driven_appendix_only
thin_market,probability_weighted,year_1,skilled_work_hours,factory_farming_reduction,hours,200000,69530360836,0.796127509199,0.0355965142476,0,0,1.56537823072,3.50509592138,0.20458,especially_prior_driven_appendix_only
thin_market,probability_weighted,year_1,skilled_work_hours,wild_animal_suffering,hours,200000,69530360836,0.122276234173,0.00534346068045,0,0,0.237905269343,0.532357369153,0.20499,especially_prior_driven_appendix_only
thin_market,probability_weighted,year_1,skilled_work_hours,residual_existential_risk_prevention,hours,200000,69530360836,0.304736112461,0.0133960611945,0,0,0.590440379522,1.33000427461,0.204585,especially_prior_driven_appendix_only
thin_market,probability_weighted,year_1,skilled_work_hours,preventing_extreme_power_concentration,hours,200000,69530360836,0.185921894214,0.00810772535148,0,0,0.357168310311,0.807562742811,0.204305,especially_prior_driven_appendix_only
thin_market,probability_weighted,year_1,skilled_work_hours,biorisk_prevention,hours,200000,69530360836,0.224444794639,0.00983415376328,0,0,0.435036456842,0.974945569932,0.20469,especially_prior_driven_appendix_only
thin_market,probability_weighted,year_1,skilled_work_hours,space_governance,hours,200000,69530360836,0.114363914408,0.00500623926582,0,0,0.222668708772,0.49700174237,0.204205,especially_prior_driven_appendix_only
thin_market,probability_weighted,year_1,skilled_work_hours,global_health,hours,200000,69530360836,0.4043791197,0.0177945706991,0,0,0.78401095647,1.76021187389,0.205265,especially_prior_driven_appendix_only
thin_market,probability_weighted,year_1,skilled_work_hours,strategic_reasoning,hours,200000,69530360836,0.264864635773,0.0115656679965,0,0,0.514381086886,1.15299463131,0.205125,especially_prior_driven_appendix_only
thin_market,probability_weighted,year_1,skilled_work_hours,environmental_protection,hours,200000,69530360836,0.501229213948,0.0220907923749,0,0,0.974847794184,2.19761273058,0.204615,especially_prior_driven_appendix_only
thin_market,probability_weighted,year_5_annual,cause_directed_cash,factory_farming_reduction,USD,200000,69530360836,9571.23887472,2257.97211413,0,0,26945.0854896,43925.6458792,0.18031,especially_prior_driven_appendix_only
thin_market,probability_weighted,year_5_annual,cause_directed_cash,wild_animal_suffering,USD,200000,69530360836,1851.1806955,454.952436439,0,0,5177.29181339,8469.41488723,0.180305,especially_prior_driven_appendix_only
thin_market,probability_weighted,year_5_annual,cause_directed_cash,residual_existential_risk_prevention,USD,200000,69530360836,5895.39630503,1476.86452212,0,0,16633.152592,26760.338545,0.18033,especially_prior_driven_appendix_only
thin_market,probability_weighted,year_5_annual,cause_directed_cash,preventing_extreme_power_concentration,USD,200000,69530360836,7704.46860412,1775.99835647,0,0,21843.0173439,35412.6171515,0.180315,especially_prior_driven_appendix_only
thin_market,probability_weighted,year_5_annual,cause_directed_cash,biorisk_prevention,USD,200000,69530360836,4210.6217684,1025.93905782,0,0,11829.2210046,19207.5008342,0.1803,especially_prior_driven_appendix_only
thin_market,probability_weighted,year_5_annual,cause_directed_cash,space_governance,USD,200000,69530360836,2195.75215197,538.981993501,0,0,6161.47771422,9962.04907648,0.1803,especially_prior_driven_appendix_only
thin_market,probability_weighted,year_5_annual,cause_directed_cash,global_health,USD,200000,69530360836,11841.8581579,2792.29289462,0,0,33605.2375343,54580.7649138,0.180335,especially_prior_driven_appendix_only
thin_market,probability_weighted,year_5_annual,cause_directed_cash,strategic_reasoning,USD,200000,69530360836,3166.09451638,788.737956271,0,0,8834.52975912,14371.0666799,0.180305,especially_prior_driven_appendix_only
thin_market,probability_weighted,year_5_annual,cause_directed_cash,environmental_protection,USD,200000,69530360836,9946.03897706,2322.64097704,0,0,28042.7543169,45727.045107,0.180305,especially_prior_driven_appendix_only
thin_market,probability_weighted,year_5_annual,ordinary_action_hours,factory_farming_reduction,hours,200000,69530360836,30.3134647188,1.67495461301,0,0,63.1833023309,137.368294723,0.20487,especially_prior_driven_appendix_only
thin_market,probability_weighted,year_5_annual,ordinary_action_hours,wild_animal_suffering,hours,200000,69530360836,3.33797207372,0.180239352331,0,0,6.91881747461,15.1362589769,0.204285,especially_prior_driven_appendix_only
thin_market,probability_weighted,year_5_annual,ordinary_action_hours,residual_existential_risk_prevention,hours,200000,69530360836,8.28781964098,0.448684730989,0,0,17.06513983,37.1349518234,0.204845,especially_prior_driven_appendix_only
thin_market,probability_weighted,year_5_annual,ordinary_action_hours,preventing_extreme_power_concentration,hours,200000,69530360836,4.9933367074,0.270958467449,0,0,10.3574841101,22.4131043133,0.204395,especially_prior_driven_appendix_only
thin_market,probability_weighted,year_5_annual,ordinary_action_hours,biorisk_prevention,hours,200000,69530360836,5.56170298842,0.300432755233,0,0,11.500438163,25.1455657445,0.20449,especially_prior_driven_appendix_only
thin_market,probability_weighted,year_5_annual,ordinary_action_hours,space_governance,hours,200000,69530360836,2.88672113026,0.155319853437,0,0,5.94273658732,13.012308056,0.205025,especially_prior_driven_appendix_only
thin_market,probability_weighted,year_5_annual,ordinary_action_hours,global_health,hours,200000,69530360836,12.4894089595,0.6778349217,0,0,25.9349724643,56.6978273804,0.204605,especially_prior_driven_appendix_only
thin_market,probability_weighted,year_5_annual,ordinary_action_hours,strategic_reasoning,hours,200000,69530360836,7.67703403782,0.416682908345,0,0,15.922234488,34.7986203053,0.20461,especially_prior_driven_appendix_only
thin_market,probability_weighted,year_5_annual,ordinary_action_hours,environmental_protection,hours,200000,69530360836,19.0598486131,1.04886380698,0,0,39.7987688762,86.1603438505,0.20429,especially_prior_driven_appendix_only
thin_market,probability_weighted,year_5_annual,skilled_work_hours,factory_farming_reduction,hours,200000,69530360836,6.67522296174,0.298463080999,0,0,13.1250943961,29.3888811869,0.20458,especially_prior_driven_appendix_only
thin_market,probability_weighted,year_5_annual,skilled_work_hours,wild_animal_suffering,hours,200000,69530360836,1.02523919422,0.0448028626284,0,0,1.99474418142,4.46361178751,0.20499,especially_prior_driven_appendix_only
thin_market,probability_weighted,year_5_annual,skilled_work_hours,residual_existential_risk_prevention,hours,200000,69530360836,2.55509509679,0.112320820784,0,0,4.95061548984,11.1515743025,0.204585,especially_prior_driven_appendix_only
thin_market,probability_weighted,year_5_annual,skilled_work_hours,preventing_extreme_power_concentration,hours,200000,69530360836,1.55888357456,0.0679801587163,0,0,2.99471890953,6.77110299741,0.204305,especially_prior_driven_appendix_only
thin_market,probability_weighted,year_5_annual,skilled_work_hours,biorisk_prevention,hours,200000,69530360836,1.88188327813,0.0824555969383,0,0,3.64761336891,8.17454362482,0.20469,especially_prior_driven_appendix_only
thin_market,probability_weighted,year_5_annual,skilled_work_hours,space_governance,hours,200000,69530360836,0.958897436189,0.0419753907672,0,0,1.86699148124,4.16716845525,0.204205,especially_prior_driven_appendix_only
thin_market,probability_weighted,year_5_annual,skilled_work_hours,global_health,hours,200000,69530360836,3.39056338826,0.149200631247,0,0,6.57363032733,14.758699558,0.205265,especially_prior_driven_appendix_only
thin_market,probability_weighted,year_5_annual,skilled_work_hours,strategic_reasoning,hours,200000,69530360836,2.22078809994,0.0969736778169,0,0,4.31288757466,9.66741652403,0.205125,especially_prior_driven_appendix_only
thin_market,probability_weighted,year_5_annual,skilled_work_hours,environmental_protection,hours,200000,69530360836,4.20261417849,0.185222797605,0,0,8.17372381278,18.4261375103,0.204615,especially_prior_driven_appendix_only
thin_market,probability_weighted,five_year_cumulative,cause_directed_cash,factory_farming_reduction,USD,200000,69530360836,26984.4488671,6569.63291809,0,0,75751.7056303,123282.713971,0.18031,especially_prior_driven_appendix_only
thin_market,probability_weighted,five_year_cumulative,cause_directed_cash,wild_animal_suffering,USD,200000,69530360836,5236.89921657,1341.374881,0,0,14587.0158819,23803.2651148,0.180305,especially_prior_driven_appendix_only
thin_market,probability_weighted,five_year_cumulative,cause_directed_cash,residual_existential_risk_prevention,USD,200000,69530360836,16699.032195,4370.84513561,0,0,46875.9399962,75308.1367645,0.18033,especially_prior_driven_appendix_only
thin_market,probability_weighted,five_year_cumulative,cause_directed_cash,preventing_extreme_power_concentration,USD,200000,69530360836,21682.268037,5115.05834533,0,0,61312.0800782,99342.1242864,0.180315,especially_prior_driven_appendix_only
thin_market,probability_weighted,five_year_cumulative,cause_directed_cash,biorisk_prevention,USD,200000,69530360836,11900.3767691,3013.27058956,0,0,33314.9146337,53968.767044,0.1803,especially_prior_driven_appendix_only
thin_market,probability_weighted,five_year_cumulative,cause_directed_cash,space_governance,USD,200000,69530360836,6212.59477442,1590.16589979,0,0,17371.7142936,28012.4319176,0.1803,especially_prior_driven_appendix_only
thin_market,probability_weighted,five_year_cumulative,cause_directed_cash,global_health,USD,200000,69530360836,33355.3053804,8083.12273792,0,0,94456.4029752,153159.581546,0.180335,especially_prior_driven_appendix_only
thin_market,probability_weighted,five_year_cumulative,cause_directed_cash,strategic_reasoning,USD,200000,69530360836,8969.80324262,2341.65782285,0,0,24947.1257016,40440.5334095,0.180305,especially_prior_driven_appendix_only
thin_market,probability_weighted,five_year_cumulative,cause_directed_cash,environmental_protection,USD,200000,69530360836,27996.9826784,6688.90980766,0,0,78755.6458511,128252.251307,0.180305,especially_prior_driven_appendix_only
thin_market,probability_weighted,five_year_cumulative,ordinary_action_hours,factory_farming_reduction,hours,200000,69530360836,84.8220801764,4.6867996052,0,0,176.797313862,384.379173306,0.20487,especially_prior_driven_appendix_only
thin_market,probability_weighted,five_year_cumulative,ordinary_action_hours,wild_animal_suffering,hours,200000,69530360836,9.340197087,0.504339472119,0,0,19.359993851,42.3537521832,0.204285,especially_prior_driven_appendix_only
thin_market,probability_weighted,five_year_cumulative,ordinary_action_hours,residual_existential_risk_prevention,hours,200000,69530360836,23.1906879862,1.25549397203,0,0,47.7510793407,103.909727579,0.204845,especially_prior_driven_appendix_only
thin_market,probability_weighted,five_year_cumulative,ordinary_action_hours,preventing_extreme_power_concentration,hours,200000,69530360836,13.972180695,0.758186537359,0,0,28.9819509503,62.7155671152,0.204395,especially_prior_driven_appendix_only
thin_market,probability_weighted,five_year_cumulative,ordinary_action_hours,biorisk_prevention,hours,200000,69530360836,15.562563408,0.840660461892,0,0,32.1801251351,70.3614454319,0.20449,especially_prior_driven_appendix_only
thin_market,probability_weighted,five_year_cumulative,ordinary_action_hours,space_governance,hours,200000,69530360836,8.07752242871,0.434610599066,0,0,16.6287583407,36.4105867622,0.205025,especially_prior_driven_appendix_only
thin_market,probability_weighted,five_year_cumulative,ordinary_action_hours,global_health,hours,200000,69530360836,34.9474287399,1.89669404696,0,0,72.5703357946,158.649883954,0.204605,especially_prior_driven_appendix_only
thin_market,probability_weighted,five_year_cumulative,ordinary_action_hours,strategic_reasoning,hours,200000,69530360836,21.4816090049,1.16594758757,0,0,44.5530414573,97.3722861753,0.20461,especially_prior_driven_appendix_only
thin_market,probability_weighted,five_year_cumulative,ordinary_action_hours,environmental_protection,hours,200000,69530360836,53.3326039173,2.93489413881,0,0,111.36352759,241.090870407,0.20429,especially_prior_driven_appendix_only
thin_market,probability_weighted,five_year_cumulative,skilled_work_hours,factory_farming_reduction,hours,200000,69530360836,18.6783761774,0.835148988116,0,0,36.726181567,82.2349427708,0.20458,especially_prior_driven_appendix_only
thin_market,probability_weighted,five_year_cumulative,skilled_work_hours,wild_animal_suffering,hours,200000,69530360836,2.86878857097,0.125365808272,0,0,5.5816236269,12.4899228917,0.20499,especially_prior_driven_appendix_only
thin_market,probability_weighted,five_year_cumulative,skilled_work_hours,residual_existential_risk_prevention,hours,200000,69530360836,7.14957802313,0.314292204947,0,0,13.8526396734,31.2039464428,0.204585,especially_prior_driven_appendix_only
thin_market,probability_weighted,five_year_cumulative,skilled_work_hours,preventing_extreme_power_concentration,hours,200000,69530360836,4.36201367194,0.190219710169,0,0,8.3797180496,18.9466643506,0.204305,especially_prior_driven_appendix_only
thin_market,probability_weighted,five_year_cumulative,skilled_work_hours,biorisk_prevention,hours,200000,69530360836,5.26582018193,0.230724376754,0,0,10.2066245644,22.8737229869,0.20469,especially_prior_driven_appendix_only
thin_market,probability_weighted,five_year_cumulative,skilled_work_hours,space_governance,hours,200000,69530360836,2.68315337649,0.117454075083,0,0,5.22415047503,11.6604254941,0.204205,especially_prior_driven_appendix_only
thin_market,probability_weighted,five_year_cumulative,skilled_work_hours,global_health,hours,200000,69530360836,9.48735626989,0.417488004864,0,0,18.3941032095,41.2972785798,0.205265,especially_prior_driven_appendix_only
thin_market,probability_weighted,five_year_cumulative,skilled_work_hours,strategic_reasoning,hours,200000,69530360836,6.21413183929,0.271348364534,0,0,12.0681716539,27.0510278883,0.205125,especially_prior_driven_appendix_only
thin_market,probability_weighted,five_year_cumulative,skilled_work_hours,environmental_protection,hours,200000,69530360836,11.7596084811,0.518283974949,0,0,22.8714290174,51.5593756021,0.204615,especially_prior_driven_appendix_only
thin_market,probability_weighted,eoy5_annualized_run_rate,cause_directed_cash,factory_farming_reduction,USD,200000,69530360836,10534.835583,2475.52838661,0,0,29667.8805812,48354.7238922,0.18031,especially_prior_driven_appendix_only
thin_market,probability_weighted,eoy5_annualized_run_rate,cause_directed_cash,wild_animal_suffering,USD,200000,69530360836,2037.39658526,498.530398482,0,0,5701.12171883,9329.39901817,0.180305,especially_prior_driven_appendix_only
thin_market,probability_weighted,eoy5_annualized_run_rate,cause_directed_cash,residual_existential_risk_prevention,USD,200000,69530360836,6488.17474528,1618.17848045,0,0,18313.9387934,29481.4781994,0.18033,especially_prior_driven_appendix_only
thin_market,probability_weighted,eoy5_annualized_run_rate,cause_directed_cash,preventing_extreme_power_concentration,USD,200000,69530360836,8480.66465718,1950.8567543,0,0,24044.7343365,38994.5823767,0.180315,especially_prior_driven_appendix_only
thin_market,probability_weighted,eoy5_annualized_run_rate,cause_directed_cash,biorisk_prevention,USD,200000,69530360836,4634.26295942,1124.47632714,0,0,13027.7271926,21153.200923,0.1803,especially_prior_driven_appendix_only
thin_market,probability_weighted,eoy5_annualized_run_rate,cause_directed_cash,space_governance,USD,200000,69530360836,2416.61387858,590.105312752,0,0,6787.66540851,10971.3252587,0.1803,especially_prior_driven_appendix_only
thin_market,probability_weighted,eoy5_annualized_run_rate,cause_directed_cash,global_health,USD,200000,69530360836,13034.5887069,3064.79007112,0,0,37005.2617411,60098.7715063,0.180335,especially_prior_driven_appendix_only
thin_market,probability_weighted,eoy5_annualized_run_rate,cause_directed_cash,strategic_reasoning,USD,200000,69530360836,3484.43521646,864.310172632,0,0,9734.30348571,15827.5261399,0.180305,especially_prior_driven_appendix_only
thin_market,probability_weighted,eoy5_annualized_run_rate,cause_directed_cash,environmental_protection,USD,200000,69530360836,10947.9022564,2549.67684142,0,0,30890.7599451,50354.8839086,0.180305,especially_prior_driven_appendix_only
thin_market,probability_weighted,eoy5_annualized_run_rate,ordinary_action_hours,factory_farming_reduction,hours,200000,69530360836,33.3726217088,1.84398672991,0,0,69.5595988964,151.231150153,0.20487,especially_prior_driven_appendix_only
thin_market,probability_weighted,eoy5_annualized_run_rate,ordinary_action_hours,wild_animal_suffering,hours,200000,69530360836,3.67483164079,0.198428644768,0,0,7.61704676104,16.6637713508,0.204285,especially_prior_driven_appendix_only
thin_market,probability_weighted,eoy5_annualized_run_rate,ordinary_action_hours,residual_existential_risk_prevention,hours,200000,69530360836,9.12420510934,0.493964841456,0,0,18.7873099045,40.8825157689,0.204845,especially_prior_driven_appendix_only
thin_market,probability_weighted,eoy5_annualized_run_rate,ordinary_action_hours,preventing_extreme_power_concentration,hours,200000,69530360836,5.49725142099,0.298302899944,0,0,11.4027348001,24.6749772257,0.204395,especially_prior_driven_appendix_only
thin_market,probability_weighted,eoy5_annualized_run_rate,ordinary_action_hours,biorisk_prevention,hours,200000,69530360836,6.12297576706,0.330751657138,0,0,12.66103284,27.6831916453,0.20449,especially_prior_driven_appendix_only
thin_market,probability_weighted,eoy5_annualized_run_rate,ordinary_action_hours,space_governance,hours,200000,69530360836,3.1780416113,0.170994334059,0,0,6.54246229797,14.3254767589,0.205025,especially_prior_driven_appendix_only
thin_market,probability_weighted,eoy5_annualized_run_rate,ordinary_action_hours,global_health,hours,200000,69530360836,13.7498080288,0.74624028077,0,0,28.5522632635,62.4196264738,0.204605,especially_prior_driven_appendix_only
thin_market,probability_weighted,eoy5_annualized_run_rate,ordinary_action_hours,strategic_reasoning,hours,200000,69530360836,8.4517805921,0.458733477077,0,0,17.5290654914,38.3104076755,0.20461,especially_prior_driven_appendix_only
thin_market,probability_weighted,eoy5_annualized_run_rate,ordinary_action_hours,environmental_protection,hours,200000,69530360836,20.983319574,1.15471244806,0,0,43.8151583959,94.8554244226,0.20429,especially_prior_driven_appendix_only
thin_market,probability_weighted,eoy5_annualized_run_rate,skilled_work_hours,factory_farming_reduction,hours,200000,69530360836,7.34886931568,0.328583208439,0,0,14.4496452067,32.354731582,0.20458,especially_prior_driven_appendix_only
thin_market,probability_weighted,eoy5_annualized_run_rate,skilled_work_hours,wild_animal_suffering,hours,200000,69530360836,1.12870370006,0.0493242524349,0,0,2.19604864009,4.91406802295,0.20499,especially_prior_driven_appendix_only
thin_market,probability_weighted,eoy5_annualized_run_rate,skilled_work_hours,residual_existential_risk_prevention,hours,200000,69530360836,2.81294873041,0.123655949487,0,0,5.45021888789,12.2769625349,0.204585,especially_prior_driven_appendix_only
thin_market,probability_weighted,eoy5_annualized_run_rate,skilled_work_hours,preventing_extreme_power_concentration,hours,200000,69530360836,1.71620210043,0.074840541706,0,0,3.29693824902,7.45442531825,0.204305,especially_prior_driven_appendix_only
thin_market,probability_weighted,eoy5_annualized_run_rate,skilled_work_hours,biorisk_prevention,hours,200000,69530360836,2.07179810436,0.0907768039687,0,0,4.01572114008,8.99949756861,0.20469,especially_prior_driven_appendix_only
thin_market,probability_weighted,eoy5_annualized_run_rate,skilled_work_hours,space_governance,hours,200000,69530360836,1.05566690223,0.0462114393768,0,0,2.05540346559,4.5877083911,0.204205,especially_prior_driven_appendix_only
thin_market,probability_weighted,eoy5_annualized_run_rate,skilled_work_hours,global_health,hours,200000,69530360836,3.73273033569,0.164257575684,0,0,7.23702421357,16.2481096052,0.205265,especially_prior_driven_appendix_only
thin_market,probability_weighted,eoy5_annualized_run_rate,skilled_work_hours,strategic_reasoning,hours,200000,69530360836,2.44490433021,0.106760012275,0,0,4.74813310972,10.6430273659,0.205125,especially_prior_driven_appendix_only
thin_market,probability_weighted,eoy5_annualized_run_rate,skilled_work_hours,environmental_protection,hours,200000,69530360836,4.62673120568,0.203915006537,0,0,8.99859502324,20.2856559746,0.204615,especially_prior_driven_appendix_only
trust_evidence_failure,conditional,year_1,cause_directed_cash,factory_farming_reduction,USD,200000,69520460820,3484.12566632,1986.82509899,157.307589009,293.317165784,8555.14191964,11940.1968942,2e-05,especially_prior_driven_appendix_only
trust_evidence_failure,conditional,year_1,cause_directed_cash,wild_animal_suffering,USD,200000,69520460820,683.317972279,391.75811021,32.1029591554,59.3023281466,1672.81580471,2337.8689426,2.5e-05,especially_prior_driven_appendix_only
trust_evidence_failure,conditional,year_1,cause_directed_cash,residual_existential_risk_prevention,USD,200000,69520460820,2199.38884773,1271.91264261,106.241790313,195.74682455,5337.7739561,7434.10472729,1.5e-05,especially_prior_driven_appendix_only
trust_evidence_failure,conditional,year_1,cause_directed_cash,preventing_extreme_power_concentration,USD,200000,69520460820,3003.3379097,1707.24725642,116.808523804,233.399059111,7392.89640242,10311.18162,1e-05,especially_prior_driven_appendix_only
trust_evidence_failure,conditional,year_1,cause_directed_cash,biorisk_prevention,USD,200000,69520460820,1579.64451366,903.573465204,72.2996495347,134.782067597,3862.23660155,5381.47892237,3.5e-05,especially_prior_driven_appendix_only
trust_evidence_failure,conditional,year_1,cause_directed_cash,space_governance,USD,200000,69520460820,822.041287262,471.022929252,37.9109675148,70.8016723057,2012.56770261,2802.7437462,2.5e-05,especially_prior_driven_appendix_only
trust_evidence_failure,conditional,year_1,cause_directed_cash,global_health,USD,200000,69520460820,4554.2100817,2605.03224409,187.748283461,366.14197887,11216.1528999,15556.0633254,4.5e-05,especially_prior_driven_appendix_only
trust_evidence_failure,conditional,year_1,cause_directed_cash,strategic_reasoning,USD,200000,69520460820,1139.85900533,661.048421967,56.5739355733,103.614645623,2764.33792484,3876.27061446,3e-05,especially_prior_driven_appendix_only
trust_evidence_failure,conditional,year_1,cause_directed_cash,environmental_protection,USD,200000,69520460820,3768.29264718,2141.77846264,156.272622499,300.914728131,9297.24556495,12908.7532791,3.5e-05,especially_prior_driven_appendix_only
trust_evidence_failure,conditional,year_1,ordinary_action_hours,factory_farming_reduction,hours,200000,69520460820,4.8351667583,0.913895551882,0.00708897758089,0.0324123076791,11.3726257708,21.2720781677,0.02938,especially_prior_driven_appendix_only
trust_evidence_failure,conditional,year_1,ordinary_action_hours,wild_animal_suffering,hours,200000,69520460820,0.531547789164,0.0976037314469,0.000739155821321,0.00339262450713,1.23908992823,2.32810702405,0.02977,especially_prior_driven_appendix_only
trust_evidence_failure,conditional,year_1,ordinary_action_hours,residual_existential_risk_prevention,hours,200000,69520460820,1.30964246071,0.243862593194,0.00185173491153,0.00851638837602,3.06183215804,5.75350213616,0.029655,especially_prior_driven_appendix_only
trust_evidence_failure,conditional,year_1,ordinary_action_hours,preventing_extreme_power_concentration,hours,200000,69520460820,0.796407373433,0.146538251638,0.00111614281726,0.00513021234872,1.85278378739,3.48620206281,0.02953,especially_prior_driven_appendix_only
trust_evidence_failure,conditional,year_1,ordinary_action_hours,biorisk_prevention,hours,200000,69520460820,0.877885112887,0.161339839148,0.00114820258611,0.00556945236708,2.04515843242,3.84221727405,0.030715,especially_prior_driven_appendix_only
trust_evidence_failure,conditional,year_1,ordinary_action_hours,space_governance,hours,200000,69520460820,0.457531845089,0.0843176251792,0.000642559871503,0.0029333229767,1.06792913617,1.99902003323,0.02963,especially_prior_driven_appendix_only
trust_evidence_failure,conditional,year_1,ordinary_action_hours,global_health,hours,200000,69520460820,1.9763558744,0.366976196903,0.00262185107023,0.0127075615172,4.60621223589,8.68205529681,0.030915,especially_prior_driven_appendix_only
trust_evidence_failure,conditional,year_1,ordinary_action_hours,strategic_reasoning,hours,200000,69520460820,1.21485032582,0.226249093344,0.00169952260936,0.00787537656546,2.84088032222,5.3503983472,0.029575,especially_prior_driven_appendix_only
trust_evidence_failure,conditional,year_1,ordinary_action_hours,environmental_protection,hours,200000,69520460820,3.01340364372,0.564002379437,0.00417924420349,0.0195556643068,7.09028323345,13.1774212605,0.030425,especially_prior_driven_appendix_only
trust_evidence_failure,conditional,year_1,skilled_work_hours,factory_farming_reduction,hours,200000,69520460820,1.06092590979,0.166160245333,0.000992696023033,0.0049753333367,2.36348161398,4.61077412772,0.02999,especially_prior_driven_appendix_only
trust_evidence_failure,conditional,year_1,skilled_work_hours,wild_animal_suffering,hours,200000,69520460820,0.163058986308,0.025025694957,0.000149005812387,0.000735166411937,0.361482127357,0.705462112006,0.02996,especially_prior_driven_appendix_only
trust_evidence_failure,conditional,year_1,skilled_work_hours,residual_existential_risk_prevention,hours,200000,69520460820,0.409533893935,0.062701055012,0.000375436151455,0.00185572773051,0.908601511297,1.77966977439,0.02972,especially_prior_driven_appendix_only
trust_evidence_failure,conditional,year_1,skilled_work_hours,preventing_extreme_power_concentration,hours,200000,69520460820,0.245072265171,0.0377394792793,0.0002208251468,0.0011082864134,0.542217770621,1.06284643806,0.03012,especially_prior_driven_appendix_only
trust_evidence_failure,conditional,year_1,skilled_work_hours,biorisk_prevention,hours,200000,69520460820,0.298610945363,0.0456895537522,0.000275024851413,0.00135503882245,0.663975414353,1.28972468656,0.02997,especially_prior_driven_appendix_only
trust_evidence_failure,conditional,year_1,skilled_work_hours,space_governance,hours,200000,69520460820,0.151873055896,0.0232899623113,0.000139159681467,0.000686767909297,0.335565701632,0.657589705318,0.029845,especially_prior_driven_appendix_only
trust_evidence_failure,conditional,year_1,skilled_work_hours,global_health,hours,200000,69520460820,0.540469181125,0.0831335681749,0.000499587841177,0.00246842364521,1.19411379824,2.33661747648,0.02979,especially_prior_driven_appendix_only
trust_evidence_failure,conditional,year_1,skilled_work_hours,strategic_reasoning,hours,200000,69520460820,0.353171259576,0.0544442194448,0.000322689176301,0.00160360495732,0.785603278083,1.5326012528,0.029995,especially_prior_driven_appendix_only
trust_evidence_failure,conditional,year_1,skilled_work_hours,environmental_protection,hours,200000,69520460820,0.66381675946,0.102461921722,0.000585802226109,0.00301748490916,1.48241872769,2.8704437359,0.030815,especially_prior_driven_appendix_only
trust_evidence_failure,conditional,year_5_annual,cause_directed_cash,factory_farming_reduction,USD,200000,69520460820,28843.4919517,16284.4892574,1231.52085609,2314.03880143,71133.5294338,99515.9998776,2e-05,especially_prior_driven_appendix_only
trust_evidence_failure,conditional,year_5_annual,cause_directed_cash,wild_animal_suffering,USD,200000,69520460820,5625.19187235,3183.8611353,248.829519701,463.206628066,13852.7596059,19411.8205277,2.5e-05,especially_prior_driven_appendix_only
trust_evidence_failure,conditional,year_5_annual,cause_directed_cash,residual_existential_risk_prevention,USD,200000,69520460820,18072.9368257,10282.7953504,817.645143959,1523.3032579,44148.6608811,61683.8752368,1.5e-05,especially_prior_driven_appendix_only
trust_evidence_failure,conditional,year_5_annual,cause_directed_cash,preventing_extreme_power_concentration,USD,200000,69520460820,24954.2197177,14083.1258096,896.541714682,1852.85754089,61625.9153553,86139.119571,1e-05,especially_prior_driven_appendix_only
trust_evidence_failure,conditional,year_5_annual,cause_directed_cash,biorisk_prevention,USD,200000,69520460820,13027.4129662,7359.22183466,559.88241425,1055.44917711,32022.1206213,44745.2495731,3.5e-05,especially_prior_driven_appendix_only
trust_evidence_failure,conditional,year_5_annual,cause_directed_cash,space_governance,USD,200000,69520460820,6767.40477485,3824.75516316,293.751732758,552.39268395,16665.9731049,23290.2168007,2.5e-05,especially_prior_driven_appendix_only
trust_evidence_failure,conditional,year_5_annual,cause_directed_cash,global_health,USD,200000,69520460820,37783.6209562,21451.7043192,1438.66771519,2880.44084914,93333.5039852,129805.397535,4.5e-05,especially_prior_driven_appendix_only
trust_evidence_failure,conditional,year_5_annual,cause_directed_cash,strategic_reasoning,USD,200000,69520460820,9354.16951068,5332.73789678,441.033946125,808.143962063,22854.3143731,32095.1876399,3e-05,especially_prior_driven_appendix_only
trust_evidence_failure,conditional,year_5_annual,cause_directed_cash,environmental_protection,USD,200000,69520460820,31291.4825431,17668.3571569,1215.42038605,2389.81321023,77460.3807437,107754.277146,3.5e-05,especially_prior_driven_appendix_only
trust_evidence_failure,conditional,year_5_annual,ordinary_action_hours,factory_farming_reduction,hours,200000,69520460820,40.5410135889,7.66266270424,0.0594383504859,0.271764733617,95.3550930017,178.358193868,0.02938,especially_prior_driven_appendix_only
trust_evidence_failure,conditional,year_5_annual,ordinary_action_hours,wild_animal_suffering,hours,200000,69520460820,4.45682377069,0.818369748285,0.00619753727107,0.0284458516367,10.3892924752,19.5202819709,0.02977,especially_prior_driven_appendix_only
trust_evidence_failure,conditional,year_5_annual,ordinary_action_hours,residual_existential_risk_prevention,hours,200000,69520460820,10.9808483244,2.04469405063,0.0155260850275,0.0714066409989,25.6722850174,48.2409025262,0.029655,especially_prior_driven_appendix_only
trust_evidence_failure,conditional,year_5_annual,ordinary_action_hours,preventing_extreme_power_concentration,hours,200000,69520460820,6.67756951571,1.22866687912,0.009358428237,0.0430148573854,15.5348794481,29.2304634497,0.02953,especially_prior_driven_appendix_only
trust_evidence_failure,conditional,year_5_annual,ordinary_action_hours,biorisk_prevention,hours,200000,69520460820,7.36072902344,1.35277249747,0.00962723706817,0.0466977160009,17.1478668564,32.215514067,0.030715,especially_prior_driven_appendix_only
trust_evidence_failure,conditional,year_5_annual,ordinary_action_hours,space_governance,hours,200000,69520460820,3.83622854729,0.706970857272,0.00538761738414,0.0245947849585,8.95417506483,16.7610141247,0.02963,especially_prior_driven_appendix_only
trust_evidence_failure,conditional,year_5_annual,ordinary_action_hours,global_health,hours,200000,69520460820,16.57098387,3.07695426634,0.0219832128196,0.106548015798,38.6213179778,72.7956944117,0.030915,especially_prior_driven_appendix_only
trust_evidence_failure,conditional,year_5_annual,ordinary_action_hours,strategic_reasoning,hours,200000,69520460820,10.1860527319,1.89701162881,0.0142498434169,0.0660320035104,23.8196888556,44.8610322958,0.029575,especially_prior_driven_appendix_only
trust_evidence_failure,conditional,year_5_annual,ordinary_action_hours,environmental_protection,hours,200000,69520460820,25.2662305512,4.72894302759,0.0350413552446,0.163966723803,59.4492978804,110.48760903,0.030425,especially_prior_driven_appendix_only
trust_evidence_failure,conditional,year_5_annual,skilled_work_hours,factory_farming_reduction,hours,200000,69520460820,8.89545570518,1.39318974933,0.00832337434697,0.0417162564385,19.8168843019,38.6595676862,0.02999,especially_prior_driven_appendix_only
trust_evidence_failure,conditional,year_5_annual,skilled_work_hours,wild_animal_suffering,hours,200000,69520460820,1.3671868852,0.209830826947,0.00124935642693,0.00616408760778,3.0308886063,5.91502847759,0.02996,especially_prior_driven_appendix_only
trust_evidence_failure,conditional,year_5_annual,skilled_work_hours,residual_existential_risk_prevention,hours,200000,69520460820,3.43378418761,0.525724230485,0.00314788773143,0.0155595632789,7.61827421011,14.9218465699,0.02972,especially_prior_driven_appendix_only
trust_evidence_failure,conditional,year_5_annual,skilled_work_hours,preventing_extreme_power_concentration,hours,200000,69520460820,2.0548366849,0.316431018573,0.00185153392317,0.00929255531236,4.54628746136,8.91155859602,0.03012,especially_prior_driven_appendix_only
trust_evidence_failure,conditional,year_5_annual,skilled_work_hours,biorisk_prevention,hours,200000,69520460820,2.5037379265,0.383089335307,0.00230597760031,0.0113614793575,5.56717847419,10.8138454489,0.02997,especially_prior_driven_appendix_only
trust_evidence_failure,conditional,year_5_annual,skilled_work_hours,space_governance,hours,200000,69520460820,1.27339716097,0.195277376302,0.00116680040615,0.00575828477796,2.81358934445,5.51363675998,0.029845,especially_prior_driven_appendix_only
trust_evidence_failure,conditional,year_5_annual,skilled_work_hours,global_health,hours,200000,69520460820,4.53162621097,0.697042994697,0.0041888518991,0.0206967828714,10.0121849237,19.5916388412,0.02979,especially_prior_driven_appendix_only
trust_evidence_failure,conditional,year_5_annual,skilled_work_hours,strategic_reasoning,hours,200000,69520460820,2.96120517645,0.45649383996,0.00270562463207,0.013445610796,6.58698133162,12.8502720427,0.029995,especially_prior_driven_appendix_only
trust_evidence_failure,conditional,year_5_annual,skilled_work_hours,environmental_protection,hours,200000,69520460820,5.56584821394,0.859103805205,0.00491172635738,0.0253004503922,12.4295108707,24.0675667087,0.030815,especially_prior_driven_appendix_only
trust_evidence_failure,conditional,five_year_cumulative,cause_directed_cash,factory_farming_reduction,USD,200000,69520460820,80805.0184828,45664.1980977,3502.59556038,6530.26500805,199143.467954,278570.32528,2e-05,especially_prior_driven_appendix_only
trust_evidence_failure,conditional,five_year_cumulative,cause_directed_cash,wild_animal_suffering,USD,200000,69520460820,15767.4088623,8934.74756029,711.908753969,1314.79578829,38783.3887214,54359.6683524,2.5e-05,especially_prior_driven_appendix_only
trust_evidence_failure,conditional,five_year_cumulative,cause_directed_cash,residual_existential_risk_prevention,USD,200000,69520460820,50666.9213673,28868.5665397,2344.40190887,4326.75450961,123642.358853,172697.328235,1.5e-05,especially_prior_driven_appendix_only
trust_evidence_failure,conditional,five_year_cumulative,cause_directed_cash,preventing_extreme_power_concentration,USD,200000,69520460820,69885.3910294,39474.9402723,2543.41997068,5225.0496699,172515.063369,241062.392481,1e-05,especially_prior_driven_appendix_only
trust_evidence_failure,conditional,five_year_cumulative,cause_directed_cash,biorisk_prevention,USD,200000,69520460820,36509.7350188,20653.6083399,1597.90572803,2989.61228161,89692.1920112,125279.351108,3.5e-05,especially_prior_driven_appendix_only
trust_evidence_failure,conditional,five_year_cumulative,cause_directed_cash,space_governance,USD,200000,69520460820,18968.9994039,10736.4917545,838.486706256,1567.30060577,46675.5531124,65224.5607502,2.5e-05,especially_prior_driven_appendix_only
trust_evidence_failure,conditional,five_year_cumulative,cause_directed_cash,global_health,USD,200000,69520460820,105829.456235,60129.564529,4106.67513423,8136.0996465,261346.10917,363330.336753,4.5e-05,especially_prior_driven_appendix_only
trust_evidence_failure,conditional,five_year_cumulative,cause_directed_cash,strategic_reasoning,USD,200000,69520460820,26227.4532783,14986.9536933,1260.60950007,2295.86677159,64032.0499961,89880.1713341,3e-05,especially_prior_driven_appendix_only
trust_evidence_failure,conditional,five_year_cumulative,cause_directed_cash,environmental_protection,USD,200000,69520460820,87638.3561769,49518.4775514,3452.37105748,6742.86676962,216841.880879,301760.360888,3.5e-05,especially_prior_driven_appendix_only
trust_evidence_failure,conditional,five_year_cumulative,ordinary_action_hours,factory_farming_reduction,hours,200000,69520460820,113.440450868,21.4413956403,0.166318320167,0.76044260324,266.819296931,499.075680089,0.02938,especially_prior_driven_appendix_only
trust_evidence_failure,conditional,five_year_cumulative,ordinary_action_hours,wild_animal_suffering,hours,200000,69520460820,12.4709288996,2.28993369933,0.017341732731,0.0795961903595,29.0709560085,54.6209724873,0.02977,especially_prior_driven_appendix_only
trust_evidence_failure,conditional,five_year_cumulative,ordinary_action_hours,residual_existential_risk_prevention,hours,200000,69520460820,30.7262269628,5.72139160956,0.0434445498475,0.199807573437,71.8352929387,134.986011656,0.029655,especially_prior_driven_appendix_only
trust_evidence_failure,conditional,five_year_cumulative,ordinary_action_hours,preventing_extreme_power_concentration,hours,200000,69520460820,18.6849422229,3.4380128269,0.0261864276356,0.120362674335,43.4691580887,81.7916637813,0.02953,especially_prior_driven_appendix_only
trust_evidence_failure,conditional,five_year_cumulative,ordinary_action_hours,biorisk_prevention,hours,200000,69520460820,20.5965353408,3.78528084155,0.0269385991357,0.13066792092,47.9825632221,90.1443283526,0.030715,especially_prior_driven_appendix_only
trust_evidence_failure,conditional,five_year_cumulative,ordinary_action_hours,space_governance,hours,200000,69520460820,10.7344009809,1.97822120613,0.0150754431391,0.0688202698379,25.0552605025,46.9000853949,0.02963,especially_prior_driven_appendix_only
trust_evidence_failure,conditional,five_year_cumulative,ordinary_action_hours,global_health,hours,200000,69520460820,46.368349361,8.6098261581,0.0615126597245,0.298138943288,108.068825534,203.694374271,0.030915,especially_prior_driven_appendix_only
trust_evidence_failure,conditional,five_year_cumulative,ordinary_action_hours,strategic_reasoning,hours,200000,69520460820,28.5022576443,5.30815180538,0.0398734150657,0.18476845019,66.6514229445,125.528576607,0.029575,especially_prior_driven_appendix_only
trust_evidence_failure,conditional,five_year_cumulative,ordinary_action_hours,environmental_protection,hours,200000,69520460820,70.6990854873,13.2323635176,0.0980514986202,0.458805970274,166.348952785,309.162575727,0.030425,especially_prior_driven_appendix_only
trust_evidence_failure,conditional,five_year_cumulative,skilled_work_hours,factory_farming_reduction,hours,200000,69520460820,24.8909540374,3.89837498667,0.023290175925,0.116728974438,55.4509147896,108.175854535,0.02999,especially_prior_driven_appendix_only
trust_evidence_failure,conditional,five_year_cumulative,skilled_work_hours,wild_animal_suffering,hours,200000,69520460820,3.82561467876,0.58714130476,0.0034959055983,0.0172481350493,8.48092683413,16.551226474,0.02996,especially_prior_driven_appendix_only
trust_evidence_failure,conditional,five_year_cumulative,skilled_work_hours,residual_existential_risk_prevention,hours,200000,69520460820,9.60829520385,1.47106321374,0.00880830970721,0.0435382275235,21.3171893035,41.7537908606,0.02972,especially_prior_driven_appendix_only
trust_evidence_failure,conditional,five_year_cumulative,skilled_work_hours,preventing_extreme_power_concentration,hours,200000,69520460820,5.74977237517,0.885426244631,0.00518089767492,0.0260021043144,12.72126308,24.9360125852,0.03012,especially_prior_driven_appendix_only
trust_evidence_failure,conditional,five_year_cumulative,skilled_work_hours,biorisk_prevention,hours,200000,69520460820,7.00587217966,1.07194722265,0.00645250612931,0.0317912954499,15.5778847214,30.2589253385,0.02997,especially_prior_driven_appendix_only
trust_evidence_failure,conditional,five_year_cumulative,skilled_work_hours,space_governance,hours,200000,69520460820,3.56317554217,0.546418346533,0.00326490021904,0.0161126317181,7.87288761522,15.4280661632,0.029845,especially_prior_driven_appendix_only
trust_evidence_failure,conditional,five_year_cumulative,skilled_work_hours,global_health,hours,200000,69520460820,12.6802384802,1.95044140718,0.0117210993507,0.0579130162916,28.015746805,54.8206407943,0.02979,especially_prior_driven_appendix_only
trust_evidence_failure,conditional,five_year_cumulative,skilled_work_hours,strategic_reasoning,hours,200000,69520460820,8.28594109006,1.27734514851,0.00757078452092,0.0376230393833,18.4314615243,35.9571832389,0.029995,especially_prior_driven_appendix_only
trust_evidence_failure,conditional,five_year_cumulative,skilled_work_hours,environmental_protection,hours,200000,69520460820,15.5741624335,2.40391431732,0.0137438214587,0.0707948382533,34.7798239959,67.3450261116,0.030815,especially_prior_driven_appendix_only
trust_evidence_failure,conditional,eoy5_annualized_run_rate,cause_directed_cash,factory_farming_reduction,USD,200000,69520460820,31756.8179055,17931.7703231,1352.16907769,2543.36600455,78316.5627737,109569.994852,2e-05,especially_prior_driven_appendix_only
trust_evidence_failure,conditional,eoy5_annualized_run_rate,cause_directed_cash,wild_animal_suffering,USD,200000,69520460820,6193.56683404,3506.28924138,272.908403227,509.222273567,15251.5648044,21381.496108,2.5e-05,especially_prior_driven_appendix_only
trust_evidence_failure,conditional,eoy5_annualized_run_rate,cause_directed_cash,residual_existential_risk_prevention,USD,200000,69520460820,19899.2758785,11324.6724369,897.352972826,1673.56320462,48603.9529116,67925.3094558,1.5e-05,especially_prior_driven_appendix_only
trust_evidence_failure,conditional,eoy5_annualized_run_rate,cause_directed_cash,preventing_extreme_power_concentration,USD,200000,69520460820,27474.0670628,15506.1554624,984.455498737,2039.61536111,67843.9120715,94845.0970233,1e-05,especially_prior_driven_appendix_only
trust_evidence_failure,conditional,eoy5_annualized_run_rate,cause_directed_cash,biorisk_prevention,USD,200000,69520460820,14343.5555514,8102.90085402,613.399233189,1159.95408606,35264.3890411,49267.4218031,3.5e-05,especially_prior_driven_appendix_only
trust_evidence_failure,conditional,eoy5_annualized_run_rate,cause_directed_cash,space_governance,USD,200000,69520460820,7451.18474882,4211.93200514,322.20175652,607.132480883,18350.9805378,25643.0188964,2.5e-05,especially_prior_driven_appendix_only
trust_evidence_failure,conditional,eoy5_annualized_run_rate,cause_directed_cash,global_health,USD,200000,69520460820,41599.3401635,23622.5571536,1581.66464234,3169.58983602,102760.096012,142907.530161,4.5e-05,especially_prior_driven_appendix_only
trust_evidence_failure,conditional,eoy5_annualized_run_rate,cause_directed_cash,strategic_reasoning,USD,200000,69520460820,10299.5457603,5872.14598017,483.545107159,888.086010491,25163.8964915,35345.6830151,3e-05,especially_prior_driven_appendix_only
trust_evidence_failure,conditional,eoy5_annualized_run_rate,cause_directed_cash,environmental_protection,USD,200000,69520460820,34451.3954992,19453.2563969,1336.26744135,2629.00192933,85280.158985,118633.481111,3.5e-05,especially_prior_driven_appendix_only
trust_evidence_failure,conditional,eoy5_annualized_run_rate,ordinary_action_hours,factory_farming_reduction,hours,200000,69520460820,44.6323085382,8.43595894045,0.0654367161313,0.299190532422,104.978084039,196.357644625,0.02938,especially_prior_driven_appendix_only
trust_evidence_failure,conditional,eoy5_annualized_run_rate,ordinary_action_hours,wild_animal_suffering,hours,200000,69520460820,4.9065949769,0.900957521048,0.00682297681219,0.0313165339119,11.4377531837,21.4902186835,0.02977,especially_prior_driven_appendix_only
trust_evidence_failure,conditional,eoy5_annualized_run_rate,ordinary_action_hours,residual_existential_risk_prevention,hours,200000,69520460820,12.0890073296,2.25103932179,0.0170929376449,0.0786128157786,28.2630660742,53.1092504876,0.029655,especially_prior_driven_appendix_only
trust_evidence_failure,conditional,eoy5_annualized_run_rate,ordinary_action_hours,preventing_extreme_power_concentration,hours,200000,69520460820,7.35145267785,1.35266078435,0.0103028567747,0.0473558062959,17.1026195759,32.1803267336,0.02953,especially_prior_driven_appendix_only
trust_evidence_failure,conditional,eoy5_annualized_run_rate,ordinary_action_hours,biorisk_prevention,hours,200000,69520460820,8.10355488819,1.4892908229,0.0105987931026,0.0514103295423,18.87838553,35.4666209912,0.030715,especially_prior_driven_appendix_only
trust_evidence_failure,conditional,eoy5_annualized_run_rate,ordinary_action_hours,space_governance,hours,200000,69520460820,4.22337087775,0.778316540116,0.0059313218908,0.0270768274772,9.85780741082,18.4524926144,0.02963,especially_prior_driven_appendix_only
trust_evidence_failure,conditional,eoy5_annualized_run_rate,ordinary_action_hours,global_health,hours,200000,69520460820,18.2432849945,3.3874725868,0.0242017021867,0.117300567851,42.5188821774,80.1420488937,0.030915,especially_prior_driven_appendix_only
trust_evidence_failure,conditional,eoy5_annualized_run_rate,ordinary_action_hours,strategic_reasoning,hours,200000,69520460820,11.2140030076,2.08845316933,0.0156879010095,0.0726957836812,26.2235106667,49.3882924357,0.029575,especially_prior_driven_appendix_only
trust_evidence_failure,conditional,eoy5_annualized_run_rate,ordinary_action_hours,environmental_protection,hours,200000,69520460820,27.8160336343,5.20617581019,0.0385776388014,0.18051382437,65.4487683087,121.637734712,0.030425,especially_prior_driven_appendix_only
trust_evidence_failure,conditional,eoy5_annualized_run_rate,skilled_work_hours,factory_farming_reduction,hours,200000,69520460820,9.79316224424,1.53378688,0.00916334790492,0.0459261538772,21.8167533598,42.5609919482,0.02999,especially_prior_driven_appendix_only
trust_evidence_failure,conditional,eoy5_annualized_run_rate,skilled_work_hours,wild_animal_suffering,hours,200000,69520460820,1.50515987361,0.231006414987,0.00137543826818,0.0067861514948,3.33675809868,6.51195795698,0.02996,especially_prior_driven_appendix_only
trust_evidence_failure,conditional,eoy5_annualized_run_rate,skilled_work_hours,residual_existential_risk_prevention,hours,200000,69520460820,3.78031286709,0.578778969342,0.00346556447497,0.0171297944355,8.38709087351,16.4277209943,0.02972,especially_prior_driven_appendix_only
trust_evidence_failure,conditional,eoy5_annualized_run_rate,skilled_work_hours,preventing_extreme_power_concentration,hours,200000,69520460820,2.26220552466,0.348364424117,0.00203838597046,0.0102303361237,5.00508711343,9.81089019746,0.03012,especially_prior_driven_appendix_only
trust_evidence_failure,conditional,eoy5_annualized_run_rate,skilled_work_hours,biorisk_prevention,hours,200000,69520460820,2.75640872643,0.421749726943,0.00253869093612,0.0125080506688,6.12900382479,11.9051509529,0.02997,especially_prior_driven_appendix_only
trust_evidence_failure,conditional,eoy5_annualized_run_rate,skilled_work_hours,space_governance,hours,200000,69520460820,1.40190513135,0.214984267489,0.00128455090585,0.00633939608582,3.09752955353,6.07005881832,0.029845,especially_prior_driven_appendix_only
trust_evidence_failure,conditional,eoy5_annualized_run_rate,skilled_work_hours,global_health,hours,200000,69520460820,4.98894628731,0.767386783153,0.0046115800724,0.0227854490327,11.0225889069,21.5687767059,0.02979,especially_prior_driven_appendix_only
trust_evidence_failure,conditional,eoy5_annualized_run_rate,skilled_work_hours,strategic_reasoning,hours,200000,69520460820,3.26004239609,0.502562025645,0.0029786693197,0.0148025072983,7.25172256692,14.1470884874,0.029995,especially_prior_driven_appendix_only
trust_evidence_failure,conditional,eoy5_annualized_run_rate,skilled_work_hours,environmental_protection,hours,200000,69520460820,6.1275393181,0.945802354354,0.00540740516408,0.0278537068537,13.6838651787,26.496403716,0.030815,especially_prior_driven_appendix_only
trust_evidence_failure,probability_weighted,year_1,cause_directed_cash,factory_farming_reduction,USD,200000,69530460839,1508.71692701,364.007695534,0,0,4318.96998426,6925.08600655,0.179465,especially_prior_driven_appendix_only
trust_evidence_failure,probability_weighted,year_1,cause_directed_cash,wild_animal_suffering,USD,200000,69530460839,296.961134711,73.5429177362,0,0,847.27476048,1356.29285049,0.17948,especially_prior_driven_appendix_only
trust_evidence_failure,probability_weighted,year_1,cause_directed_cash,residual_existential_risk_prevention,USD,200000,69530460839,956.94669529,240.330876716,0,0,2740.27506967,4347.13063295,0.17949,especially_prior_driven_appendix_only
trust_evidence_failure,probability_weighted,year_1,cause_directed_cash,preventing_extreme_power_concentration,USD,200000,69530460839,1302.33499955,306.278211508,0,0,3746.2267001,5992.97407921,0.179505,especially_prior_driven_appendix_only
trust_evidence_failure,probability_weighted,year_1,cause_directed_cash,biorisk_prevention,USD,200000,69530460839,685.144906832,168.363045585,0,0,1965.56040498,3137.69413404,0.17948,especially_prior_driven_appendix_only
trust_evidence_failure,probability_weighted,year_1,cause_directed_cash,space_governance,USD,200000,69530460839,356.902311142,88.2646737528,0,0,1016.69674389,1624.99393439,0.17949,especially_prior_driven_appendix_only
trust_evidence_failure,probability_weighted,year_1,cause_directed_cash,global_health,USD,200000,69530460839,1971.14959202,471.684385515,0,0,5696.77487074,9052.81200759,0.179495,especially_prior_driven_appendix_only
trust_evidence_failure,probability_weighted,year_1,cause_directed_cash,strategic_reasoning,USD,200000,69530460839,495.977084879,125.033126967,0,0,1422.11949246,2249.18637788,0.179505,especially_prior_driven_appendix_only
trust_evidence_failure,probability_weighted,year_1,cause_directed_cash,environmental_protection,USD,200000,69530460839,1634.46806719,385.371468104,0,0,4685.34384296,7528.88144358,0.179465,especially_prior_driven_appendix_only
trust_evidence_failure,probability_weighted,year_1,ordinary_action_hours,factory_farming_reduction,hours,200000,69530460839,2.01739985611,0.109303340409,0,0,4.20355312958,9.21142094429,0.20406,especially_prior_driven_appendix_only
trust_evidence_failure,probability_weighted,year_1,ordinary_action_hours,wild_animal_suffering,hours,200000,69530460839,0.221343412313,0.0116858525568,0,0,0.459297426966,1.00549618839,0.20352,especially_prior_driven_appendix_only
trust_evidence_failure,probability_weighted,year_1,ordinary_action_hours,residual_existential_risk_prevention,hours,200000,69530460839,0.548734622711,0.0291745839057,0,0,1.13897757105,2.49150435691,0.20381,especially_prior_driven_appendix_only
trust_evidence_failure,probability_weighted,year_1,ordinary_action_hours,preventing_extreme_power_concentration,hours,200000,69530460839,0.332315172316,0.0174121727111,0,0,0.685905458495,1.50670423966,0.203845,especially_prior_driven_appendix_only
trust_evidence_failure,probability_weighted,year_1,ordinary_action_hours,biorisk_prevention,hours,200000,69530460839,0.37095298837,0.0194698438397,0,0,0.761130749818,1.66174834431,0.204095,especially_prior_driven_appendix_only
trust_evidence_failure,probability_weighted,year_1,ordinary_action_hours,space_governance,hours,200000,69530460839,0.192477582168,0.010042667718,0,0,0.394212609356,0.865572272716,0.20414,especially_prior_driven_appendix_only
trust_evidence_failure,probability_weighted,year_1,ordinary_action_hours,global_health,hours,200000,69530460839,0.827310480299,0.0438865642617,0,0,1.71257455928,3.75956494871,0.20408,especially_prior_driven_appendix_only
trust_evidence_failure,probability_weighted,year_1,ordinary_action_hours,strategic_reasoning,hours,200000,69530460839,0.508763665913,0.0269538880064,0,0,1.0477800817,2.30581302709,0.20439,especially_prior_driven_appendix_only
trust_evidence_failure,probability_weighted,year_1,ordinary_action_hours,environmental_protection,hours,200000,69530460839,1.27158540658,0.0675570935369,0,0,2.62558869264,5.79052468696,0.204235,especially_prior_driven_appendix_only
trust_evidence_failure,probability_weighted,year_1,skilled_work_hours,factory_farming_reduction,hours,200000,69530460839,0.453016242066,0.019384442259,0,0,0.861875333741,1.96755310918,0.204385,especially_prior_driven_appendix_only
trust_evidence_failure,probability_weighted,year_1,skilled_work_hours,wild_animal_suffering,hours,200000,69530460839,0.0690256018255,0.00290602791006,0,0,0.131495421141,0.300932001032,0.204475,especially_prior_driven_appendix_only
trust_evidence_failure,probability_weighted,year_1,skilled_work_hours,residual_existential_risk_prevention,hours,200000,69530460839,0.173103386134,0.0073624486481,0,0,0.331171446024,0.753157565337,0.20382,especially_prior_driven_appendix_only
trust_evidence_failure,probability_weighted,year_1,skilled_work_hours,preventing_extreme_power_concentration,hours,200000,69530460839,0.103849654881,0.00438935585412,0,0,0.197950061087,0.449784242598,0.20363,especially_prior_driven_appendix_only
trust_evidence_failure,probability_weighted,year_1,skilled_work_hours,biorisk_prevention,hours,200000,69530460839,0.126866188799,0.00533587755306,0,0,0.241703011709,0.548923351956,0.20453,especially_prior_driven_appendix_only
trust_evidence_failure,probability_weighted,year_1,skilled_work_hours,space_governance,hours,200000,69530460839,0.0640093688874,0.0027166420351,0,0,0.121331994951,0.276561343086,0.20369,especially_prior_driven_appendix_only
trust_evidence_failure,probability_weighted,year_1,skilled_work_hours,global_health,hours,200000,69530460839,0.22804892556,0.00963062974787,0,0,0.434332086745,0.992154371342,0.20378,especially_prior_driven_appendix_only
trust_evidence_failure,probability_weighted,year_1,skilled_work_hours,strategic_reasoning,hours,200000,69530460839,0.149464390329,0.00633093162219,0,0,0.284236946239,0.653948665719,0.204625,especially_prior_driven_appendix_only
trust_evidence_failure,probability_weighted,year_1,skilled_work_hours,environmental_protection,hours,200000,69530460839,0.280727175891,0.0119689735582,0,0,0.539265667241,1.22462572322,0.204345,especially_prior_driven_appendix_only
trust_evidence_failure,probability_weighted,year_5_annual,cause_directed_cash,factory_farming_reduction,USD,200000,69530460839,12452.7588577,2913.37118709,0,0,35727.7900745,57410.9633592,0.179465,especially_prior_driven_appendix_only
trust_evidence_failure,probability_weighted,year_5_annual,cause_directed_cash,wild_animal_suffering,USD,200000,69530460839,2434.30220032,580.713703786,0,0,6956.00215356,11180.5726883,0.17948,especially_prior_driven_appendix_only
trust_evidence_failure,probability_weighted,year_5_annual,cause_directed_cash,residual_existential_risk_prevention,USD,200000,69530460839,7826.46760294,1889.28037146,0,0,22459.5858613,35906.3821416,0.17949,especially_prior_driven_appendix_only
trust_evidence_failure,probability_weighted,year_5_annual,cause_directed_cash,preventing_extreme_power_concentration,USD,200000,69530460839,10798.0137512,2477.06598519,0,0,31119.5069886,49928.2597331,0.179505,especially_prior_driven_appendix_only
trust_evidence_failure,probability_weighted,year_5_annual,cause_directed_cash,biorisk_prevention,USD,200000,69530460839,5629.71567099,1332.8570178,0,0,16208.0985153,25993.7765038,0.17948,especially_prior_driven_appendix_only
trust_evidence_failure,probability_weighted,year_5_annual,cause_directed_cash,space_governance,USD,200000,69530460839,2926.06010361,696.706458742,0,0,8352.19509461,13420.4549046,0.17949,especially_prior_driven_appendix_only
trust_evidence_failure,probability_weighted,year_5_annual,cause_directed_cash,global_health,USD,200000,69530460839,16312.5409304,3786.69786524,0,0,47209.5968902,75375.8838118,0.179495,especially_prior_driven_appendix_only
trust_evidence_failure,probability_weighted,year_5_annual,cause_directed_cash,strategic_reasoning,USD,200000,69530460839,4050.13706493,982.958226302,0,0,11642.2699532,18499.4108241,0.179505,especially_prior_driven_appendix_only
trust_evidence_failure,probability_weighted,year_5_annual,cause_directed_cash,environmental_protection,USD,200000,69530460839,13543.1876676,3106.33354617,0,0,38920.0087476,62581.8864634,0.179465,especially_prior_driven_appendix_only
trust_evidence_failure,probability_weighted,year_5_annual,ordinary_action_hours,factory_farming_reduction,hours,200000,69530460839,16.9151218704,0.916466469581,0,0,35.2451762403,77.2342217636,0.20406,especially_prior_driven_appendix_only
trust_evidence_failure,probability_weighted,year_5_annual,ordinary_action_hours,wild_animal_suffering,hours,200000,69530460839,1.85587938016,0.0979813791304,0,0,3.85103227225,8.43069881037,0.20352,especially_prior_driven_appendix_only
trust_evidence_failure,probability_weighted,year_5_annual,ordinary_action_hours,residual_existential_risk_prevention,hours,200000,69530460839,4.60092875965,0.244617665056,0,0,9.54988886498,20.8903057617,0.20381,especially_prior_driven_appendix_only
trust_evidence_failure,probability_weighted,year_5_annual,ordinary_action_hours,preventing_extreme_power_concentration,hours,200000,69530460839,2.78633490634,0.145994371193,0,0,5.75105345969,12.6331355479,0.203845,especially_prior_driven_appendix_only
trust_evidence_failure,probability_weighted,year_5_annual,ordinary_action_hours,biorisk_prevention,hours,200000,69530460839,3.11029813326,0.163247152194,0,0,6.38178859463,13.9331207331,0.204095,especially_prior_driven_appendix_only
trust_evidence_failure,probability_weighted,year_5_annual,ordinary_action_hours,space_governance,hours,200000,69530460839,1.61385049664,0.0842039062507,0,0,3.30532110921,7.25749059431,0.20414,especially_prior_driven_appendix_only
trust_evidence_failure,probability_weighted,year_5_annual,ordinary_action_hours,global_health,hours,200000,69530460839,6.93668018097,0.367971961886,0,0,14.359278997,31.5225061084,0.20408,especially_prior_driven_appendix_only
trust_evidence_failure,probability_weighted,year_5_annual,ordinary_action_hours,strategic_reasoning,hours,200000,69530460839,4.26578766035,0.225997984054,0,0,8.7852329927,19.333355381,0.20439,especially_prior_driven_appendix_only
trust_evidence_failure,probability_weighted,year_5_annual,ordinary_action_hours,environmental_protection,hours,200000,69530460839,10.6617545628,0.566440245809,0,0,22.014551346,48.5513223752,0.204235,especially_prior_driven_appendix_only
trust_evidence_failure,probability_weighted,year_5_annual,skilled_work_hours,factory_farming_reduction,hours,200000,69530460839,3.79836695271,0.162531092787,0,0,7.2264931829,16.4971760693,0.204385,especially_prior_driven_appendix_only
trust_evidence_failure,probability_weighted,year_5_annual,skilled_work_hours,wild_animal_suffering,hours,200000,69530460839,0.578753122999,0.0243659263228,0,0,1.1025385311,2.52319908557,0.204475,especially_prior_driven_appendix_only
trust_evidence_failure,probability_weighted,year_5_annual,skilled_work_hours,residual_existential_risk_prevention,hours,200000,69530460839,1.45140531451,0.0617313002033,0,0,2.77674520128,6.31493650936,0.20382,especially_prior_driven_appendix_only
trust_evidence_failure,probability_weighted,year_5_annual,skilled_work_hours,preventing_extreme_power_concentration,hours,200000,69530460839,0.870739413998,0.036803060623,0,0,1.65973512758,3.77126788025,0.20363,especially_prior_driven_appendix_only
trust_evidence_failure,probability_weighted,year_5_annual,skilled_work_hours,biorisk_prevention,hours,200000,69530460839,1.06372419839,0.0447392810218,0,0,2.02658679048,4.60251118179,0.20453,especially_prior_driven_appendix_only
trust_evidence_failure,probability_weighted,year_5_annual,skilled_work_hours,space_governance,hours,200000,69530460839,0.536693939133,0.022777998602,0,0,1.01732211151,2.31886049203,0.20369,especially_prior_driven_appendix_only
trust_evidence_failure,probability_weighted,year_5_annual,skilled_work_hours,global_health,hours,200000,69530460839,1.9121025297,0.0807491263476,0,0,3.64170749656,8.31883280587,0.20378,especially_prior_driven_appendix_only
trust_evidence_failure,probability_weighted,year_5_annual,skilled_work_hours,strategic_reasoning,hours,200000,69530460839,1.2532014266,0.0530824266783,0,0,2.38321747231,5.48310804333,0.204625,especially_prior_driven_appendix_only
trust_evidence_failure,probability_weighted,year_5_annual,skilled_work_hours,environmental_protection,hours,200000,69530460839,2.35378939785,0.100355239834,0,0,4.52153520995,10.2680156793,0.204345,especially_prior_driven_appendix_only
trust_evidence_failure,probability_weighted,five_year_cumulative,cause_directed_cash,factory_farming_reduction,USD,200000,69530460839,34904.3322015,8215.41708712,0,0,100071.783678,160812.57966,0.179465,especially_prior_driven_appendix_only
trust_evidence_failure,probability_weighted,five_year_cumulative,cause_directed_cash,wild_animal_suffering,USD,200000,69530460839,6828.41632251,1643.58929784,0,0,19501.8361268,31331.2988662,0.17948,especially_prior_driven_appendix_only
trust_evidence_failure,probability_weighted,five_year_cumulative,cause_directed_cash,residual_existential_risk_prevention,USD,200000,69530460839,21959.2789037,5350.27282713,0,0,62944.260825,100609.02406,0.17949,especially_prior_driven_appendix_only
trust_evidence_failure,probability_weighted,five_year_cumulative,cause_directed_cash,preventing_extreme_power_concentration,USD,200000,69530460839,30251.398058,6970.3761457,0,0,87157.7374699,139730.316299,0.179505,especially_prior_driven_appendix_only
trust_evidence_failure,probability_weighted,five_year_cumulative,cause_directed_cash,biorisk_prevention,USD,200000,69530460839,15787.7130782,3762.77666778,0,0,45402.9867902,72820.6802676,0.17948,especially_prior_driven_appendix_only
trust_evidence_failure,probability_weighted,five_year_cumulative,cause_directed_cash,space_governance,USD,200000,69530460839,8207.65096611,1970.83933534,0,0,23409.2479679,37609.206651,0.17949,especially_prior_driven_appendix_only
trust_evidence_failure,probability_weighted,five_year_cumulative,cause_directed_cash,global_health,USD,200000,69530460839,45710.0995965,10662.2063918,0,0,132238.144895,211024.317448,0.179495,especially_prior_driven_appendix_only
trust_evidence_failure,probability_weighted,five_year_cumulative,cause_directed_cash,strategic_reasoning,USD,200000,69530460839,11365.7213525,2784.76115178,0,0,32646.8489634,51852.3484249,0.179505,especially_prior_driven_appendix_only
trust_evidence_failure,probability_weighted,five_year_cumulative,cause_directed_cash,environmental_protection,USD,200000,69530460839,37944.7566815,8740.75132828,0,0,108996.598153,175282.836473,0.179465,especially_prior_driven_appendix_only
trust_evidence_failure,probability_weighted,five_year_cumulative,ordinary_action_hours,factory_farming_reduction,hours,200000,69530460839,47.3313043164,2.56442452497,0,0,98.6218234247,216.11410677,0.20406,especially_prior_driven_appendix_only
trust_evidence_failure,probability_weighted,five_year_cumulative,ordinary_action_hours,wild_animal_suffering,hours,200000,69530460839,5.19305698119,0.274168079218,0,0,10.775824248,23.5904874969,0.20352,especially_prior_driven_appendix_only
trust_evidence_failure,probability_weighted,five_year_cumulative,ordinary_action_hours,residual_existential_risk_prevention,hours,200000,69530460839,12.8741584559,0.684480622403,0,0,26.7221660901,58.4545252966,0.20381,especially_prior_driven_appendix_only
trust_evidence_failure,probability_weighted,five_year_cumulative,ordinary_action_hours,preventing_extreme_power_concentration,hours,200000,69530460839,7.79662519665,0.408516359761,0,0,16.0923972955,35.3495994689,0.203845,especially_prior_driven_appendix_only
trust_evidence_failure,probability_weighted,five_year_cumulative,ordinary_action_hours,biorisk_prevention,hours,200000,69530460839,8.70312780407,0.456792490084,0,0,17.8572983611,38.9871726934,0.204095,especially_prior_driven_appendix_only
trust_evidence_failure,probability_weighted,five_year_cumulative,ordinary_action_hours,space_governance,hours,200000,69530460839,4.51582019703,0.235616434922,0,0,9.24883429642,20.3076571676,0.20414,especially_prior_driven_appendix_only
trust_evidence_failure,probability_weighted,five_year_cumulative,ordinary_action_hours,global_health,hours,200000,69530460839,19.4099766532,1.02964631537,0,0,40.1796338907,88.2051776428,0.20408,especially_prior_driven_appendix_only
trust_evidence_failure,probability_weighted,five_year_cumulative,ordinary_action_hours,strategic_reasoning,hours,200000,69530460839,11.9363783157,0.632379680151,0,0,24.582532686,54.0979210202,0.20439,especially_prior_driven_appendix_only
trust_evidence_failure,probability_weighted,five_year_cumulative,ordinary_action_hours,environmental_protection,hours,200000,69530460839,29.8333499235,1.58499334837,0,0,61.6003500966,135.854617656,0.204235,especially_prior_driven_appendix_only
trust_evidence_failure,probability_weighted,five_year_cumulative,skilled_work_hours,factory_farming_reduction,hours,200000,69530460839,10.6284579869,0.454788837614,0,0,20.2209212916,46.1618229461,0.204385,especially_prior_driven_appendix_only
trust_evidence_failure,probability_weighted,five_year_cumulative,skilled_work_hours,wild_animal_suffering,hours,200000,69530460839,1.61944681206,0.0681798855821,0,0,3.08508488061,7.06032771651,0.204475,especially_prior_driven_appendix_only
trust_evidence_failure,probability_weighted,five_year_cumulative,skilled_work_hours,residual_existential_risk_prevention,hours,200000,69530460839,4.06127175162,0.172734372129,0,0,7.76979161826,17.6702351867,0.20382,especially_prior_driven_appendix_only
trust_evidence_failure,probability_weighted,five_year_cumulative,skilled_work_hours,preventing_extreme_power_concentration,hours,200000,69530460839,2.4364726722,0.102981041193,0,0,4.64421297166,10.5526303071,0.20363,especially_prior_driven_appendix_only
trust_evidence_failure,probability_weighted,five_year_cumulative,skilled_work_hours,biorisk_prevention,hours,200000,69530460839,2.97647596798,0.125187896437,0,0,5.67072450548,12.8785863344,0.20453,especially_prior_driven_appendix_only
trust_evidence_failure,probability_weighted,five_year_cumulative,skilled_work_hours,space_governance,hours,200000,69530460839,1.50175827005,0.0637366015928,0,0,2.84663526616,6.4885545878,0.20369,especially_prior_driven_appendix_only
trust_evidence_failure,probability_weighted,five_year_cumulative,skilled_work_hours,global_health,hours,200000,69530460839,5.35037863814,0.225949390239,0,0,10.1900989583,23.277467943,0.20378,especially_prior_driven_appendix_only
trust_evidence_failure,probability_weighted,five_year_cumulative,skilled_work_hours,strategic_reasoning,hours,200000,69530460839,3.50666454232,0.148533395751,0,0,6.66863604638,15.3426417726,0.204625,especially_prior_driven_appendix_only
trust_evidence_failure,probability_weighted,five_year_cumulative,skilled_work_hours,environmental_protection,hours,200000,69530460839,6.58629143436,0.280810533481,0,0,12.652002193,28.7316035063,0.204345,especially_prior_driven_appendix_only
trust_evidence_failure,probability_weighted,eoy5_annualized_run_rate,cause_directed_cash,factory_farming_reduction,USD,200000,69530460839,13709.1881381,3205.18098524,0,0,39344.3897902,63208.5545979,0.179465,especially_prior_driven_appendix_only
trust_evidence_failure,probability_weighted,eoy5_annualized_run_rate,cause_directed_cash,wild_animal_suffering,USD,200000,69530460839,2679.88886657,638.181785417,0,0,7658.88843572,12313.3631856,0.17948,especially_prior_driven_appendix_only
trust_evidence_failure,probability_weighted,eoy5_annualized_run_rate,cause_directed_cash,residual_existential_risk_prevention,USD,200000,69530460839,8616.02843337,2076.81325221,0,0,24734.2445152,39536.9092376,0.17949,especially_prior_driven_appendix_only
trust_evidence_failure,probability_weighted,eoy5_annualized_run_rate,cause_directed_cash,preventing_extreme_power_concentration,USD,200000,69530460839,11887.5589662,2727.05786877,0,0,34273.5553641,54960.3994524,0.179505,especially_prior_driven_appendix_only
trust_evidence_failure,probability_weighted,eoy5_annualized_run_rate,cause_directed_cash,biorisk_prevention,USD,200000,69530460839,6197.67728371,1465.14541056,0,0,17844.3102762,28618.384639,0.17948,especially_prior_driven_appendix_only
trust_evidence_failure,probability_weighted,eoy5_annualized_run_rate,cause_directed_cash,space_governance,USD,200000,69530460839,3221.26602181,766.139961387,0,0,9198.06251487,14777.711289,0.17949,especially_prior_driven_appendix_only
trust_evidence_failure,probability_weighted,eoy5_annualized_run_rate,cause_directed_cash,global_health,USD,200000,69530460839,17958.4588635,4165.54993524,0,0,51976.5150002,82989.2265284,0.179495,especially_prior_driven_appendix_only
trust_evidence_failure,probability_weighted,eoy5_annualized_run_rate,cause_directed_cash,strategic_reasoning,USD,200000,69530460839,4458.71863144,1080.20664376,0,0,12818.5594767,20374.8997134,0.179505,especially_prior_driven_appendix_only
trust_evidence_failure,probability_weighted,eoy5_annualized_run_rate,cause_directed_cash,environmental_protection,USD,200000,69530460839,14909.7066135,3417.80924478,0,0,42842.4003215,68902.4009115,0.179465,especially_prior_driven_appendix_only
trust_evidence_failure,probability_weighted,eoy5_annualized_run_rate,ordinary_action_hours,factory_farming_reduction,hours,200000,69530460839,18.6221525179,1.00895391147,0,0,38.8020288884,85.0285010242,0.20406,especially_prior_driven_appendix_only
trust_evidence_failure,probability_weighted,eoy5_annualized_run_rate,ordinary_action_hours,wild_animal_suffering,hours,200000,69530460839,2.04316995981,0.107869408217,0,0,4.23966855661,9.28150327747,0.20352,especially_prior_driven_appendix_only
trust_evidence_failure,probability_weighted,eoy5_annualized_run_rate,ordinary_action_hours,residual_existential_risk_prevention,hours,200000,69530460839,5.06524267118,0.269303851437,0,0,10.5136391174,22.998501756,0.20381,especially_prior_driven_appendix_only
trust_evidence_failure,probability_weighted,eoy5_annualized_run_rate,ordinary_action_hours,preventing_extreme_power_concentration,hours,200000,69530460839,3.06752466753,0.160727748103,0,0,6.33143500149,13.9080391353,0.203845,especially_prior_driven_appendix_only
trust_evidence_failure,probability_weighted,eoy5_annualized_run_rate,ordinary_action_hours,biorisk_prevention,hours,200000,69530460839,3.42418143111,0.179721635443,0,0,7.02582230602,15.3392154859,0.204095,especially_prior_driven_appendix_only
trust_evidence_failure,probability_weighted,eoy5_annualized_run_rate,ordinary_action_hours,space_governance,hours,200000,69530460839,1.77671614309,0.092701548166,0,0,3.63888562482,7.989897902,0.20414,especially_prior_driven_appendix_only
trust_evidence_failure,probability_weighted,eoy5_annualized_run_rate,ordinary_action_hours,global_health,hours,200000,69530460839,7.63671212583,0.405106747031,0,0,15.8083805472,34.7036764496,0.20408,especially_prior_driven_appendix_only
trust_evidence_failure,probability_weighted,eoy5_annualized_run_rate,ordinary_action_hours,strategic_reasoning,hours,200000,69530460839,4.69627999305,0.248805120059,0,0,9.67181613876,21.2844279424,0.20439,especially_prior_driven_appendix_only
trust_evidence_failure,probability_weighted,eoy5_annualized_run_rate,ordinary_action_hours,environmental_protection,hours,200000,69530460839,11.7377114453,0.623603940341,0,0,24.2362033167,53.4509971104,0.204235,especially_prior_driven_appendix_only
trust_evidence_failure,probability_weighted,eoy5_annualized_run_rate,skilled_work_hours,factory_farming_reduction,hours,200000,69530460839,4.1816883883,0.17893331316,0,0,7.95577231145,18.1620287001,0.204385,especially_prior_driven_appendix_only
trust_evidence_failure,probability_weighted,eoy5_annualized_run_rate,skilled_work_hours,wild_animal_suffering,hours,200000,69530460839,0.637159401466,0.0268248730159,0,0,1.21380388745,2.77783385568,0.204475,especially_prior_driven_appendix_only
trust_evidence_failure,probability_weighted,eoy5_annualized_run_rate,skilled_work_hours,residual_existential_risk_prevention,hours,200000,69530460839,1.59787741047,0.067961064444,0,0,3.05696719407,6.95222368003,0.20382,especially_prior_driven_appendix_only
trust_evidence_failure,probability_weighted,eoy5_annualized_run_rate,skilled_work_hours,preventing_extreme_power_concentration,hours,200000,69530460839,0.958612198897,0.0405171309611,0,0,1.82723133311,4.15185454706,0.20363,especially_prior_driven_appendix_only
trust_evidence_failure,probability_weighted,eoy5_annualized_run_rate,skilled_work_hours,biorisk_prevention,hours,200000,69530460839,1.17107251199,0.0492542543359,0,0,2.23110472347,5.06698478729,0.20453,especially_prior_driven_appendix_only
trust_evidence_failure,probability_weighted,eoy5_annualized_run_rate,skilled_work_hours,space_governance,hours,200000,69530460839,0.590855712807,0.0250766957086,0,0,1.1199876457,2.55287393618,0.20369,especially_prior_driven_appendix_only
trust_evidence_failure,probability_weighted,eoy5_annualized_run_rate,skilled_work_hours,global_health,hours,200000,69530460839,2.10506700517,0.0888981207496,0,0,4.00921926226,9.15834804315,0.20378,especially_prior_driven_appendix_only
trust_evidence_failure,probability_weighted,eoy5_annualized_run_rate,skilled_work_hours,strategic_reasoning,hours,200000,69530460839,1.37967129534,0.0584393688202,0,0,2.62372565759,6.03644922202,0.204625,especially_prior_driven_appendix_only
trust_evidence_failure,probability_weighted,eoy5_annualized_run_rate,skilled_work_hours,environmental_protection,hours,200000,69530460839,2.59132777745,0.110482832845,0,0,4.97783692838,11.3042374451,0.204345,especially_prior_driven_appendix_only
redirect_dominant,conditional,year_1,cause_directed_cash,factory_farming_reduction,USD,200000,69520560823,13914.1503108,8395.34432102,630.042605143,1208.79591413,33643.6842346,45787.6709691,2e-05,especially_prior_driven_appendix_only
redirect_dominant,conditional,year_1,cause_directed_cash,wild_animal_suffering,USD,200000,69520560823,2716.57044394,1637.20103345,128.010860513,241.02975746,6575.75591924,8975.79306764,2e-05,especially_prior_driven_appendix_only
redirect_dominant,conditional,year_1,cause_directed_cash,residual_existential_risk_prevention,USD,200000,69520560823,8719.93933616,5283.90160633,415.50012427,788.986475713,21074.1803398,28629.9756243,3.5e-05,especially_prior_driven_appendix_only
redirect_dominant,conditional,year_1,cause_directed_cash,preventing_extreme_power_concentration,USD,200000,69520560823,12171.2339332,7347.82593255,460.68206505,973.423467457,29568.9958901,40257.2669297,5e-05,especially_prior_driven_appendix_only
redirect_dominant,conditional,year_1,cause_directed_cash,biorisk_prevention,USD,200000,69520560823,6314.2135472,3811.25195196,286.706837187,553.042267661,15240.3425981,20769.74227,2.5e-05,especially_prior_driven_appendix_only
redirect_dominant,conditional,year_1,cause_directed_cash,space_governance,USD,200000,69520560823,3274.74524064,1973.78664068,151.370301659,290.057094537,7920.77482611,10769.9613895,3.5e-05,especially_prior_driven_appendix_only
redirect_dominant,conditional,year_1,cause_directed_cash,global_health,USD,200000,69520560823,18398.5395148,11190.7219149,748.059009404,1536.70025878,44758.8090599,60612.4775413,3.5e-05,especially_prior_driven_appendix_only
redirect_dominant,conditional,year_1,cause_directed_cash,strategic_reasoning,USD,200000,69520560823,4508.88780996,2728.68870051,223.943938112,418.279896588,10879.5345051,14821.6776912,2.5e-05,especially_prior_driven_appendix_only
redirect_dominant,conditional,year_1,cause_directed_cash,environmental_protection,USD,200000,69520560823,15200.1180419,9193.06299073,626.41582466,1265.05986597,37055.9347425,50107.1812443,5e-06,especially_prior_driven_appendix_only
redirect_dominant,conditional,year_1,ordinary_action_hours,factory_farming_reduction,hours,200000,69520560823,16.351931282,3.43925086857,0.0280721489534,0.128830317229,39.9226152121,71.6651931482,0.030045,especially_prior_driven_appendix_only
redirect_dominant,conditional,year_1,ordinary_action_hours,wild_animal_suffering,hours,200000,69520560823,1.80378350687,0.370460230215,0.00297814089868,0.0137826824889,4.35987450046,7.86889676101,0.029685,especially_prior_driven_appendix_only
redirect_dominant,conditional,year_1,ordinary_action_hours,residual_existential_risk_prevention,hours,200000,69520560823,4.48294934338,0.925497493843,0.00754563417271,0.0346259431628,10.8344818708,19.4905334526,0.029675,especially_prior_driven_appendix_only
redirect_dominant,conditional,year_1,ordinary_action_hours,preventing_extreme_power_concentration,hours,200000,69520560823,2.68997255513,0.557146722443,0.00448406487825,0.0205547850646,6.49743751035,11.7549888675,0.0299,especially_prior_driven_appendix_only
redirect_dominant,conditional,year_1,ordinary_action_hours,biorisk_prevention,hours,200000,69520560823,2.98891290592,0.617975118481,0.00497408260368,0.0226906304367,7.2182120866,13.112944854,0.030205,especially_prior_driven_appendix_only
redirect_dominant,conditional,year_1,ordinary_action_hours,space_governance,hours,200000,69520560823,1.5561362753,0.319923272969,0.00257714994235,0.0118102273048,3.75364513397,6.7446376364,0.029855,especially_prior_driven_appendix_only
redirect_dominant,conditional,year_1,ordinary_action_hours,global_health,hours,200000,69520560823,6.71178649879,1.39788100728,0.0115346266951,0.0519900554813,16.2548580146,29.2986538921,0.029485,especially_prior_driven_appendix_only
redirect_dominant,conditional,year_1,ordinary_action_hours,strategic_reasoning,hours,200000,69520560823,4.11965740795,0.852612399456,0.00707629948487,0.0320322451347,10.0022531226,17.9647571576,0.02943,especially_prior_driven_appendix_only
redirect_dominant,conditional,year_1,ordinary_action_hours,environmental_protection,hours,200000,69520560823,10.2779708357,2.15219420296,0.016918628132,0.0797265011256,25.0093691668,44.741263611,0.03039,especially_prior_driven_appendix_only
redirect_dominant,conditional,year_1,skilled_work_hours,factory_farming_reduction,hours,200000,69520560823,3.66571826247,0.631915063083,0.00409635403283,0.0202200668679,8.47282303887,15.9384274005,0.029715,especially_prior_driven_appendix_only
redirect_dominant,conditional,year_1,skilled_work_hours,wild_animal_suffering,hours,200000,69520560823,0.562065559724,0.0948754829251,0.000599714748108,0.00297677130266,1.29053726925,2.4455917367,0.029965,especially_prior_driven_appendix_only
redirect_dominant,conditional,year_1,skilled_work_hours,residual_existential_risk_prevention,hours,200000,69520560823,1.40484236853,0.238666064353,0.0014956043088,0.00742307939506,3.23158752501,6.15629576492,0.029975,especially_prior_driven_appendix_only
redirect_dominant,conditional,year_1,skilled_work_hours,preventing_extreme_power_concentration,hours,200000,69520560823,0.851833150207,0.1432252769,0.000913566668083,0.00450229719087,1.94956356206,3.68686758955,0.029835,especially_prior_driven_appendix_only
redirect_dominant,conditional,year_1,skilled_work_hours,biorisk_prevention,hours,200000,69520560823,1.03257272676,0.174467790451,0.00109895101517,0.00542953869512,2.35862505723,4.51399348871,0.030105,especially_prior_driven_appendix_only
redirect_dominant,conditional,year_1,skilled_work_hours,space_governance,hours,200000,69520560823,0.523550832747,0.0881996899261,0.000572816368599,0.00278770362786,1.20423290029,2.29711509342,0.02955,especially_prior_driven_appendix_only
redirect_dominant,conditional,year_1,skilled_work_hours,global_health,hours,200000,69520560823,1.85650293369,0.314396824254,0.00193877726884,0.00983801921424,4.28702165385,8.08913782724,0.03025,especially_prior_driven_appendix_only
redirect_dominant,conditional,year_1,skilled_work_hours,strategic_reasoning,hours,200000,69520560823,1.22199111889,0.206360060275,0.00130646459388,0.00642736133496,2.80264240201,5.32443295955,0.03029,especially_prior_driven_appendix_only
redirect_dominant,conditional,year_1,skilled_work_hours,environmental_protection,hours,200000,69520560823,2.29963059665,0.392043547308,0.00248692223239,0.012320929288,5.27407467293,10.0539082326,0.02992,especially_prior_driven_appendix_only
redirect_dominant,conditional,year_5_annual,cause_directed_cash,factory_farming_reduction,USD,200000,69520560823,115136.942133,68950.3229392,4664.51847753,9430.51459169,279535.461865,381292.966673,2e-05,especially_prior_driven_appendix_only
redirect_dominant,conditional,year_5_annual,cause_directed_cash,wild_animal_suffering,USD,200000,69520560823,22345.6503152,13318.2370402,902.386661791,1823.7285644,54415.7017086,74445.6814461,2e-05,especially_prior_driven_appendix_only
redirect_dominant,conditional,year_5_annual,cause_directed_cash,residual_existential_risk_prevention,USD,200000,69520560823,71580.1266558,42914.5512895,2879.68440746,5905.63982168,174232.706666,236885.360775,3.5e-05,especially_prior_driven_appendix_only
redirect_dominant,conditional,year_5_annual,cause_directed_cash,preventing_extreme_power_concentration,USD,200000,69520560823,101103.603894,60711.8134061,3424.11423297,7713.06298847,246447.933646,335775.699267,5e-05,especially_prior_driven_appendix_only
redirect_dominant,conditional,year_5_annual,cause_directed_cash,biorisk_prevention,USD,200000,69520560823,52041.4758649,31114.7934026,2023.71823255,4214.76629287,126339.176167,172709.601365,2.5e-05,especially_prior_driven_appendix_only
redirect_dominant,conditional,year_5_annual,cause_directed_cash,space_governance,USD,200000,69520560823,26938.8488479,16051.7761792,1059.67319501,2192.01609487,65642.718307,89433.5873981,3.5e-05,especially_prior_driven_appendix_only
redirect_dominant,conditional,year_5_annual,cause_directed_cash,global_health,USD,200000,69520560823,152590.968226,92278.3794983,5480.14505889,12061.8190791,372792.774986,504867.125374,3.5e-05,especially_prior_driven_appendix_only
redirect_dominant,conditional,year_5_annual,cause_directed_cash,strategic_reasoning,USD,200000,69520560823,36962.593598,22045.8145764,1572.42872763,3125.56936352,89809.9341955,122866.221353,2.5e-05,especially_prior_driven_appendix_only
redirect_dominant,conditional,year_5_annual,cause_directed_cash,environmental_protection,USD,200000,69520560823,126188.220722,75927.0199467,4687.79036208,10012.5739854,308345.971836,417846.555819,5e-06,especially_prior_driven_appendix_only
redirect_dominant,conditional,year_5_annual,ordinary_action_hours,factory_farming_reduction,hours,200000,69520560823,137.104654595,28.8367957441,0.235374171994,1.08019265984,334.735773701,600.885081012,0.030045,especially_prior_driven_appendix_only
redirect_dominant,conditional,year_5_annual,ordinary_action_hours,wild_animal_suffering,hours,200000,69520560823,15.1240309422,3.10616654565,0.0249705659966,0.115562491638,36.5558708116,65.9776728423,0.029685,especially_prior_driven_appendix_only
redirect_dominant,conditional,year_5_annual,ordinary_action_hours,residual_existential_risk_prevention,hours,200000,69520560823,37.5878060329,7.7599405253,0.0632672403712,0.29032521575,90.8429633779,163.420626641,0.029675,especially_prior_driven_appendix_only
redirect_dominant,conditional,year_5_annual,ordinary_action_hours,preventing_extreme_power_concentration,hours,200000,69520560823,22.5543852699,4.67146098049,0.0375971593638,0.17234396708,54.4785145099,98.5610605046,0.0299,especially_prior_driven_appendix_only
redirect_dominant,conditional,year_5_annual,ordinary_action_hours,biorisk_prevention,hours,200000,69520560823,25.0608851342,5.18148368572,0.0417057695231,0.190252209046,60.5219321107,109.946999161,0.030205,especially_prior_driven_appendix_only
redirect_dominant,conditional,year_5_annual,ordinary_action_hours,space_governance,hours,200000,69520560823,13.0476041545,2.68243359643,0.0216084110551,0.0990242135558,31.4728707387,56.5511924898,0.029855,especially_prior_driven_appendix_only
redirect_dominant,conditional,year_5_annual,ordinary_action_hours,global_health,hours,200000,69520560823,56.275748336,11.7206945995,0.0967134084437,0.435916619036,136.290732584,245.657944172,0.029485,especially_prior_driven_appendix_only
redirect_dominant,conditional,year_5_annual,ordinary_action_hours,strategic_reasoning,hours,200000,69520560823,34.541742882,7.14882704159,0.059332049527,0.26857805536,83.8650454123,150.627579245,0.02943,especially_prior_driven_appendix_only
redirect_dominant,conditional,year_5_annual,ordinary_action_hours,environmental_protection,hours,200000,69520560823,86.1768323916,18.0453206248,0.141856189722,0.668476047899,209.693941476,375.1382872,0.03039,especially_prior_driven_appendix_only
redirect_dominant,conditional,year_5_annual,skilled_work_hours,factory_farming_reduction,hours,200000,69520560823,30.7356377391,5.2983647597,0.0343463530445,0.169537483738,71.0413624028,133.637583589,0.029715,especially_prior_driven_appendix_only
redirect_dominant,conditional,year_5_annual,skilled_work_hours,wild_animal_suffering,hours,200000,69520560823,4.71270353922,0.795494433757,0.00502837750337,0.0249590824608,10.8206586422,20.5053461,0.029965,especially_prior_driven_appendix_only
redirect_dominant,conditional,year_5_annual,skilled_work_hours,residual_existential_risk_prevention,hours,200000,69520560823,11.7790629362,2.00112315496,0.0125400668968,0.0622396656971,27.0956184789,51.6181721828,0.029975,especially_prior_driven_appendix_only
redirect_dominant,conditional,year_5_annual,skilled_work_hours,preventing_extreme_power_concentration,hours,200000,69520560823,7.14229333635,1.20088886016,0.00765990514008,0.0377500302927,16.3463406358,30.9129667124,0.029835,especially_prior_driven_appendix_only
redirect_dominant,conditional,year_5_annual,skilled_work_hours,biorisk_prevention,hours,200000,69520560823,8.65772517052,1.46284531993,0.00921428158869,0.0455245936745,19.7761639414,37.8480992515,0.030105,especially_prior_driven_appendix_only
redirect_dominant,conditional,year_5_annual,skilled_work_hours,space_governance,hours,200000,69520560823,4.38977236688,0.739520477072,0.00480284493671,0.0233738227259,10.0970297025,19.2604265525,0.02955,especially_prior_driven_appendix_only
redirect_dominant,conditional,year_5_annual,skilled_work_hours,global_health,hours,200000,69520560823,15.5660630594,2.63609644952,0.0162559017156,0.0824880072578,35.945027713,67.8243094746,0.03025,especially_prior_driven_appendix_only
redirect_dominant,conditional,year_5_annual,skilled_work_hours,strategic_reasoning,hours,200000,69520560823,10.2459255353,1.73024973615,0.0109542031333,0.0538909527316,23.4990786015,44.643322507,0.03029,especially_prior_driven_appendix_only
redirect_dominant,conditional,year_5_annual,skilled_work_hours,environmental_protection,hours,200000,69520560823,19.2815180796,3.2871343582,0.0208518864101,0.103306253261,44.2210876422,84.2981536427,0.02992,especially_prior_driven_appendix_only
redirect_dominant,conditional,five_year_cumulative,cause_directed_cash,factory_farming_reduction,USD,200000,69520560823,322497.212832,193194.611911,13282.898486,26585.2367897,782728.570593,1067142.20632,2e-05,especially_prior_driven_appendix_only
redirect_dominant,conditional,five_year_cumulative,cause_directed_cash,wild_animal_suffering,USD,200000,69520560823,62618.5493105,37346.1948659,2575.51934902,5164.16752763,152410.499751,208455.429936,2e-05,especially_prior_driven_appendix_only
redirect_dominant,conditional,five_year_cumulative,cause_directed_cash,residual_existential_risk_prevention,USD,200000,69520560823,200618.220437,120350.98115,8259.07889427,16728.5706273,487867.258721,663460.065977,3.5e-05,especially_prior_driven_appendix_only
redirect_dominant,conditional,five_year_cumulative,cause_directed_cash,preventing_extreme_power_concentration,USD,200000,69520560823,283106.234804,170077.151454,9690.02850022,21703.4377106,689966.301412,939808.70759,5e-05,especially_prior_driven_appendix_only
redirect_dominant,conditional,five_year_cumulative,cause_directed_cash,biorisk_prevention,USD,200000,69520560823,145812.284502,87230.2496351,5772.85586575,11915.2548412,353825.944449,483464.7472,2.5e-05,especially_prior_driven_appendix_only
redirect_dominant,conditional,five_year_cumulative,cause_directed_cash,space_governance,USD,200000,69520560823,75489.6369639,45022.833264,3035.58193207,6199.52498803,183789.480691,250411.033859,3.5e-05,especially_prior_driven_appendix_only
redirect_dominant,conditional,five_year_cumulative,cause_directed_cash,global_health,USD,200000,69520560823,427330.470511,258531.006662,15539.0253513,33952.1417094,1043557.14482,1413236.87,3.5e-05,especially_prior_driven_appendix_only
redirect_dominant,conditional,five_year_cumulative,cause_directed_cash,strategic_reasoning,USD,200000,69520560823,103606.568858,61875.4264117,4492.03846669,8858.53119964,251575.998049,344056.660635,2.5e-05,especially_prior_driven_appendix_only
redirect_dominant,conditional,five_year_cumulative,cause_directed_cash,environmental_protection,USD,200000,69520560823,353363.025449,212679.581396,13281.6951913,28147.0296585,863257.242178,1169822.15162,5e-06,especially_prior_driven_appendix_only
redirect_dominant,conditional,five_year_cumulative,ordinary_action_hours,factory_farming_reduction,hours,200000,69520560823,383.641464692,80.6901165318,0.658615802368,3.02255744267,936.645972283,1681.3756854,0.030045,especially_prior_driven_appendix_only
redirect_dominant,conditional,five_year_cumulative,ordinary_action_hours,wild_animal_suffering,hours,200000,69520560823,42.3195361227,8.69156693967,0.0698717672382,0.323362935317,102.28936328,184.616424008,0.029685,especially_prior_driven_appendix_only
redirect_dominant,conditional,five_year_cumulative,ordinary_action_hours,residual_existential_risk_prevention,hours,200000,69520560823,105.176888441,21.7135950479,0.17703218636,0.812377897281,254.193613122,457.277900235,0.029675,especially_prior_driven_appendix_only
redirect_dominant,conditional,five_year_cumulative,ordinary_action_hours,preventing_extreme_power_concentration,hours,200000,69520560823,63.1108945626,13.0715192573,0.105203060605,0.482246880361,152.439880051,275.79012343,0.0299,especially_prior_driven_appendix_only
redirect_dominant,conditional,five_year_cumulative,ordinary_action_hours,biorisk_prevention,hours,200000,69520560823,70.1244951004,14.4986470105,0.116699630317,0.532357098707,169.350360493,307.649860037,0.030205,especially_prior_driven_appendix_only
redirect_dominant,conditional,five_year_cumulative,ordinary_action_hours,space_governance,hours,200000,69520560823,36.5093510744,7.50589217351,0.0604639024936,0.277086102152,88.0662896816,158.239575316,0.029855,especially_prior_driven_appendix_only
redirect_dominant,conditional,five_year_cumulative,ordinary_action_hours,global_health,hours,200000,69520560823,157.468837087,32.7964390169,0.270620087847,1.21976668629,381.363976496,687.391495161,0.029485,especially_prior_driven_appendix_only
redirect_dominant,conditional,five_year_cumulative,ordinary_action_hours,strategic_reasoning,hours,200000,69520560823,96.6535007249,20.0035986026,0.16602087253,0.751525751237,234.668246337,421.480841005,0.02943,especially_prior_driven_appendix_only
redirect_dominant,conditional,five_year_cumulative,ordinary_action_hours,environmental_protection,hours,200000,69520560823,241.137008068,50.4937870695,0.396937044635,1.87050637256,586.758276606,1049.69887703,0.03039,especially_prior_driven_appendix_only
redirect_dominant,conditional,five_year_cumulative,skilled_work_hours,factory_farming_reduction,hours,200000,69520560823,86.003390004,14.825699557,0.0961067676934,0.474393876515,198.785463604,373.940027473,0.029715,especially_prior_driven_appendix_only
redirect_dominant,conditional,five_year_cumulative,skilled_work_hours,wild_animal_suffering,hours,200000,69520560823,13.1869227474,2.22592479171,0.0140702306287,0.0698396344086,30.2779897786,57.3773445918,0.029965,especially_prior_driven_appendix_only
redirect_dominant,conditional,five_year_cumulative,skilled_work_hours,residual_existential_risk_prevention,hours,200000,69520560823,32.9597632617,5.59947304828,0.0350891780141,0.17415686273,75.8180150098,144.436169869,0.029975,especially_prior_driven_appendix_only
redirect_dominant,conditional,five_year_cumulative,skilled_work_hours,preventing_extreme_power_concentration,hours,200000,69520560823,19.9853162164,3.36028534265,0.0214336795204,0.105630818709,45.7397604945,86.4995857548,0.029835,especially_prior_driven_appendix_only
redirect_dominant,conditional,five_year_cumulative,skilled_work_hours,biorisk_prevention,hours,200000,69520560823,24.2257447432,4.09328277596,0.0257830815096,0.127385330924,55.3369724966,105.905231851,0.030105,especially_prior_driven_appendix_only
redirect_dominant,conditional,five_year_cumulative,skilled_work_hours,space_governance,hours,200000,69520560823,12.2833079991,2.0693004175,0.0134391532633,0.0654038158845,28.2531565069,53.8938541148,0.02955,especially_prior_driven_appendix_only
redirect_dominant,conditional,five_year_cumulative,skilled_work_hours,global_health,hours,200000,69520560823,43.5564149828,7.37623318443,0.0454866974612,0.23081506618,100.580123417,189.783618254,0.03025,especially_prior_driven_appendix_only
redirect_dominant,conditional,five_year_cumulative,skilled_work_hours,strategic_reasoning,hours,200000,69520560823,28.6697916355,4.84152449107,0.0306516693179,0.150795785166,65.7543025088,124.919388666,0.03029,especially_prior_driven_appendix_only
redirect_dominant,conditional,five_year_cumulative,skilled_work_hours,environmental_protection,hours,200000,69520560823,53.9528716906,9.19794476376,0.0583470216061,0.289067956373,123.737905788,235.880154688,0.02992,especially_prior_driven_appendix_only
redirect_dominant,conditional,eoy5_annualized_run_rate,cause_directed_cash,factory_farming_reduction,USD,200000,69520560823,126762.089885,75916.2376921,5133.13623154,10381.3318334,307761.154467,419781.839401,2e-05,especially_prior_driven_appendix_only
redirect_dominant,conditional,eoy5_annualized_run_rate,cause_directed_cash,wild_animal_suffering,USD,200000,69520560823,24602.3824797,14666.0055723,992.222997106,2006.853799,59911.0572835,81962.8047424,2e-05,especially_prior_driven_appendix_only
redirect_dominant,conditional,eoy5_annualized_run_rate,cause_directed_cash,residual_existential_risk_prevention,USD,200000,69520560823,78809.8550941,47246.3043836,3168.20805601,6503.0163339,191836.653842,260788.354843,3.5e-05,especially_prior_driven_appendix_only
redirect_dominant,conditional,eoy5_annualized_run_rate,cause_directed_cash,preventing_extreme_power_concentration,USD,200000,69520560823,111310.325835,66840.8564656,3768.00230221,8492.7629564,271301.229562,369690.843718,5e-05,especially_prior_driven_appendix_only
redirect_dominant,conditional,eoy5_annualized_run_rate,cause_directed_cash,biorisk_prevention,USD,200000,69520560823,57296.8796474,34255.8965625,2225.87571221,4639.13518852,139103.008417,190138.704495,2.5e-05,especially_prior_driven_appendix_only
redirect_dominant,conditional,eoy5_annualized_run_rate,cause_directed_cash,space_governance,USD,200000,69520560823,29659.4413409,17673.6633253,1165.67614064,2412.17317397,72270.2826807,98463.32541,3.5e-05,especially_prior_driven_appendix_only
redirect_dominant,conditional,eoy5_annualized_run_rate,cause_directed_cash,global_health,USD,200000,69520560823,167996.486657,101601.327915,6039.72527734,13290.5963662,410387.799018,555848.558212,3.5e-05,especially_prior_driven_appendix_only
redirect_dominant,conditional,eoy5_annualized_run_rate,cause_directed_cash,strategic_reasoning,USD,200000,69520560823,40696.1193722,24276.9973986,1729.75258555,3440.93746608,98874.391188,135287.502524,2.5e-05,especially_prior_driven_appendix_only
redirect_dominant,conditional,eoy5_annualized_run_rate,cause_directed_cash,environmental_protection,USD,200000,69520560823,138927.669747,83593.0674157,5157.69334636,11023.0124394,339487.951157,460026.828573,5e-06,especially_prior_driven_appendix_only
redirect_dominant,conditional,eoy5_annualized_run_rate,ordinary_action_hours,factory_farming_reduction,hours,200000,69520560823,150.940904141,31.7469310945,0.259127528801,1.18920292826,368.516448111,661.52485983,0.030045,especially_prior_driven_appendix_only
redirect_dominant,conditional,eoy5_annualized_run_rate,ordinary_action_hours,wild_animal_suffering,hours,200000,69520560823,16.6503092942,3.4196328943,0.0274905313724,0.127224761436,40.2449953889,72.6359701016,0.029685,especially_prior_driven_appendix_only
redirect_dominant,conditional,eoy5_annualized_run_rate,ordinary_action_hours,residual_existential_risk_prevention,hours,200000,69520560823,41.381070862,8.54305378932,0.0696520077481,0.319624090733,100.010601884,179.912616486,0.029675,especially_prior_driven_appendix_only
redirect_dominant,conditional,eoy5_annualized_run_rate,ordinary_action_hours,preventing_extreme_power_concentration,hours,200000,69520560823,24.8305158935,5.14289282255,0.0413913681069,0.189736477519,59.9763462494,108.507589546,0.0299,especially_prior_driven_appendix_only
redirect_dominant,conditional,eoy5_annualized_run_rate,ordinary_action_hours,biorisk_prevention,hours,200000,69520560823,27.5899652854,5.70438570905,0.0459146086493,0.209451973262,66.6296500302,121.042567883,0.030205,especially_prior_driven_appendix_only
redirect_dominant,conditional,eoy5_annualized_run_rate,ordinary_action_hours,space_governance,hours,200000,69520560823,14.3643348489,2.95313790433,0.0237890763909,0.109017482814,34.6490320059,62.2581935668,0.029855,especially_prior_driven_appendix_only
redirect_dominant,conditional,eoy5_annualized_run_rate,ordinary_action_hours,global_health,hours,200000,69520560823,61.9549522966,12.9035169902,0.106473477186,0.479908204443,150.044843211,270.44911285,0.029485,especially_prior_driven_appendix_only
redirect_dominant,conditional,eoy5_annualized_run_rate,ordinary_action_hours,strategic_reasoning,hours,200000,69520560823,38.0276068426,7.87026830267,0.0653196875527,0.295682262782,92.3284903622,165.828527609,0.02943,especially_prior_driven_appendix_only
redirect_dominant,conditional,eoy5_annualized_run_rate,ordinary_action_hours,environmental_protection,hours,200000,69520560823,94.8735769449,19.8664080273,0.156171951987,0.735936933467,230.855715386,412.996279486,0.03039,especially_prior_driven_appendix_only
redirect_dominant,conditional,eoy5_annualized_run_rate,skilled_work_hours,factory_farming_reduction,hours,200000,69520560823,33.8373993458,5.83306212077,0.0378124987646,0.186646771088,78.210674205,147.123945235,0.029715,especially_prior_driven_appendix_only
redirect_dominant,conditional,eoy5_annualized_run_rate,skilled_work_hours,wild_animal_suffering,hours,200000,69520560823,5.18829747438,0.87577368854,0.00553582844408,0.0274778889477,11.9126517162,22.5746929541,0.029965,especially_prior_driven_appendix_only
redirect_dominant,conditional,eoy5_annualized_run_rate,skilled_work_hours,residual_existential_risk_prevention,hours,200000,69520560823,12.9677757095,2.20307136326,0.0138055782351,0.0685207328775,29.8300386924,56.8273455224,0.029975,especially_prior_driven_appendix_only
redirect_dominant,conditional,eoy5_annualized_run_rate,skilled_work_hours,preventing_extreme_power_concentration,hours,200000,69520560823,7.86307523268,1.32207947908,0.00843292309,0.0415596663773,17.9959713421,34.0326239035,0.029835,especially_prior_driven_appendix_only
redirect_dominant,conditional,eoy5_annualized_run_rate,skilled_work_hours,biorisk_prevention,hours,200000,69520560823,9.5314405547,1.61047191185,0.0101441632169,0.0501188187242,21.7719236052,41.6676322035,0.030105,especially_prior_driven_appendix_only
redirect_dominant,conditional,eoy5_annualized_run_rate,skilled_work_hours,space_governance,hours,200000,69520560823,4.83277691766,0.814150983933,0.00528753571014,0.0257326488726,11.1159960027,21.2041393239,0.02955,especially_prior_driven_appendix_only
redirect_dominant,conditional,eoy5_annualized_run_rate,skilled_work_hours,global_health,hours,200000,69520560823,17.1369501572,2.90212453158,0.0178964055585,0.0908124850545,39.572507574,74.6689645591,0.03025,especially_prior_driven_appendix_only
redirect_dominant,conditional,eoy5_annualized_run_rate,skilled_work_hours,strategic_reasoning,hours,200000,69520560823,11.2799180205,1.90486209485,0.0120596731743,0.0593294892458,25.8705452494,49.1486119343,0.03029,especially_prior_driven_appendix_only
redirect_dominant,conditional,eoy5_annualized_run_rate,skilled_work_hours,environmental_protection,hours,200000,69520560823,21.2273593537,3.61886351361,0.0229562052221,0.113731654967,48.6837662116,92.8053067626,0.02992,especially_prior_driven_appendix_only
redirect_dominant,probability_weighted,year_1,cause_directed_cash,factory_farming_reduction,USD,200000,69530560842,6104.26280861,1557.67000053,0,0,17834.5828368,27769.7780683,0.181245,especially_prior_driven_appendix_only
redirect_dominant,probability_weighted,year_1,cause_directed_cash,wild_animal_suffering,USD,200000,69530560842,1196.9941591,307.563705848,0,0,3465.62305515,5424.29664174,0.181265,especially_prior_driven_appendix_only
redirect_dominant,probability_weighted,year_1,cause_directed_cash,residual_existential_risk_prevention,USD,200000,69530560842,3854.51766893,1008.70565343,0,0,11149.2196791,17406.9486894,0.181245,especially_prior_driven_appendix_only
redirect_dominant,probability_weighted,year_1,cause_directed_cash,preventing_extreme_power_concentration,USD,200000,69530560842,5337.09840528,1326.99708754,0,0,15664.3001388,24424.8210414,0.181255,especially_prior_driven_appendix_only
redirect_dominant,probability_weighted,year_1,cause_directed_cash,biorisk_prevention,USD,200000,69530560842,2775.47469437,710.824528991,0,0,8090.48327306,12553.2335786,0.181245,especially_prior_driven_appendix_only
redirect_dominant,probability_weighted,year_1,cause_directed_cash,space_governance,USD,200000,69530560842,1443.38351819,371.436325033,0,0,4165.76053008,6565.09035968,0.181235,especially_prior_driven_appendix_only
redirect_dominant,probability_weighted,year_1,cause_directed_cash,global_health,USD,200000,69530560842,8084.12440146,2037.34593555,0,0,23710.5716602,36745.5425097,0.181245,especially_prior_driven_appendix_only
redirect_dominant,probability_weighted,year_1,cause_directed_cash,strategic_reasoning,USD,200000,69530560842,1988.63931046,521.730514185,0,0,5780.59729099,9012.26010566,0.18124,especially_prior_driven_appendix_only
redirect_dominant,probability_weighted,year_1,cause_directed_cash,environmental_protection,USD,200000,69530560842,6650.2700429,1666.52805568,0,0,19446.0920616,30348.3279104,0.181265,especially_prior_driven_appendix_only
redirect_dominant,probability_weighted,year_1,ordinary_action_hours,factory_farming_reduction,hours,200000,69530560842,7.10779174339,0.438355412373,0,0,15.6050441558,32.36780859,0.20563,especially_prior_driven_appendix_only
redirect_dominant,probability_weighted,year_1,ordinary_action_hours,wild_animal_suffering,hours,200000,69530560842,0.779836238199,0.0466374218002,0,0,1.68436827051,3.5698903262,0.205675,especially_prior_driven_appendix_only
redirect_dominant,probability_weighted,year_1,ordinary_action_hours,residual_existential_risk_prevention,hours,200000,69530560842,1.92917767544,0.116950516164,0,0,4.21235522597,8.7843210337,0.205455,especially_prior_driven_appendix_only
redirect_dominant,probability_weighted,year_1,ordinary_action_hours,preventing_extreme_power_concentration,hours,200000,69530560842,1.16021762384,0.0703716830762,0,0,2.53692631869,5.24838021574,0.20623,especially_prior_driven_appendix_only
redirect_dominant,probability_weighted,year_1,ordinary_action_hours,biorisk_prevention,hours,200000,69530560842,1.28739511423,0.0780557094491,0,0,2.80277268819,5.88425358348,0.20592,especially_prior_driven_appendix_only
redirect_dominant,probability_weighted,year_1,ordinary_action_hours,space_governance,hours,200000,69530560842,0.672917840398,0.0401624997934,0,0,1.46200154802,3.05994056696,0.20578,especially_prior_driven_appendix_only
redirect_dominant,probability_weighted,year_1,ordinary_action_hours,global_health,hours,200000,69530560842,2.90524033899,0.176235452692,0,0,6.33359853267,13.2129330684,0.206095,especially_prior_driven_appendix_only
redirect_dominant,probability_weighted,year_1,ordinary_action_hours,strategic_reasoning,hours,200000,69530560842,1.78676706547,0.108431480129,0,0,3.90356490118,8.17084259056,0.20584,especially_prior_driven_appendix_only
redirect_dominant,probability_weighted,year_1,ordinary_action_hours,environmental_protection,hours,200000,69530560842,4.44717877128,0.272102536999,0,0,9.75368768241,20.2648030999,0.20602,especially_prior_driven_appendix_only
redirect_dominant,probability_weighted,year_1,skilled_work_hours,factory_farming_reduction,hours,200000,69530560842,1.5743218161,0.0771329033092,0,0,3.2017056613,7.0357943462,0.205485,especially_prior_driven_appendix_only
redirect_dominant,probability_weighted,year_1,skilled_work_hours,wild_animal_suffering,hours,200000,69530560842,0.242922086487,0.0116103757418,0,0,0.483972212428,1.07189862481,0.205545,especially_prior_driven_appendix_only
redirect_dominant,probability_weighted,year_1,skilled_work_hours,residual_existential_risk_prevention,hours,200000,69530560842,0.609004764055,0.0290963504575,0,0,1.21924066628,2.70212405782,0.205525,especially_prior_driven_appendix_only
redirect_dominant,probability_weighted,year_1,skilled_work_hours,preventing_extreme_power_concentration,hours,200000,69530560842,0.366162350613,0.0174890022409,0,0,0.736082072886,1.62182209423,0.20584,especially_prior_driven_appendix_only
redirect_dominant,probability_weighted,year_1,skilled_work_hours,biorisk_prevention,hours,200000,69530560842,0.444776025408,0.0212815884698,0,0,0.891845395455,1.96476879888,0.206175,especially_prior_driven_appendix_only
redirect_dominant,probability_weighted,year_1,skilled_work_hours,space_governance,hours,200000,69530560842,0.225444921509,0.0107846840836,0,0,0.453648102381,0.999834013341,0.20563,especially_prior_driven_appendix_only
redirect_dominant,probability_weighted,year_1,skilled_work_hours,global_health,hours,200000,69530560842,0.7994950456,0.038348677869,0,0,1.62075835681,3.5465575792,0.205905,especially_prior_driven_appendix_only
redirect_dominant,probability_weighted,year_1,skilled_work_hours,strategic_reasoning,hours,200000,69530560842,0.526596370723,0.0251284916064,0,0,1.05923379535,2.3201920857,0.205905,especially_prior_driven_appendix_only
redirect_dominant,probability_weighted,year_1,skilled_work_hours,environmental_protection,hours,200000,69530560842,0.994751294238,0.0479938097675,0,0,1.99673866408,4.41245926914,0.205575,especially_prior_driven_appendix_only
redirect_dominant,probability_weighted,year_5_annual,cause_directed_cash,factory_farming_reduction,USD,200000,69530560842,50318.7869347,12418.8842778,0,0,147385.007422,230186.203412,0.181245,especially_prior_driven_appendix_only
redirect_dominant,probability_weighted,year_5_annual,cause_directed_cash,wild_animal_suffering,USD,200000,69530560842,9793.5732207,2401.87673404,0,0,28422.1435742,44725.5773678,0.181265,especially_prior_driven_appendix_only
redirect_dominant,probability_weighted,year_5_annual,cause_directed_cash,residual_existential_risk_prevention,USD,200000,69530560842,31455.5745378,7810.76755985,0,0,91280.5979786,143529.162641,0.181245,especially_prior_driven_appendix_only
redirect_dominant,probability_weighted,year_5_annual,cause_directed_cash,preventing_extreme_power_concentration,USD,200000,69530560842,44218.9122733,10732.7834171,0,0,130098.07967,203257.880211,0.181255,especially_prior_driven_appendix_only
redirect_dominant,probability_weighted,year_5_annual,cause_directed_cash,biorisk_prevention,USD,200000,69530560842,22763.9858397,5568.07900101,0,0,66471.4803381,103768.448159,0.181245,especially_prior_driven_appendix_only
redirect_dominant,probability_weighted,year_5_annual,cause_directed_cash,space_governance,USD,200000,69530560842,11809.614588,2903.01611015,0,0,34178.1901445,54174.3608884,0.181235,especially_prior_driven_appendix_only
redirect_dominant,probability_weighted,year_5_annual,cause_directed_cash,global_health,USD,200000,69530560842,66843.2958378,16369.7820184,0,0,196317.938873,305463.55238,0.181245,especially_prior_driven_appendix_only
redirect_dominant,probability_weighted,year_5_annual,cause_directed_cash,strategic_reasoning,USD,200000,69530560842,16198.6941929,4024.27103318,0,0,47251.7435766,74142.0387063,0.18124,especially_prior_driven_appendix_only
redirect_dominant,probability_weighted,year_5_annual,cause_directed_cash,environmental_protection,USD,200000,69530560842,55053.4327116,13449.3598223,0,0,161350.663882,252115.502007,0.181265,especially_prior_driven_appendix_only
redirect_dominant,probability_weighted,year_5_annual,ordinary_action_hours,factory_farming_reduction,hours,200000,69530560842,59.5961000022,3.67544153451,0,0,130.842293306,271.39162587,0.20563,especially_prior_driven_appendix_only
redirect_dominant,probability_weighted,year_5_annual,ordinary_action_hours,wild_animal_suffering,hours,200000,69530560842,6.53862692028,0.391036844325,0,0,14.1227801142,29.9321573505,0.205675,especially_prior_driven_appendix_only
redirect_dominant,probability_weighted,year_5_annual,ordinary_action_hours,residual_existential_risk_prevention,hours,200000,69530560842,16.1754128172,0.980585097067,0,0,35.3189784331,73.6531532825,0.205455,especially_prior_driven_appendix_only
redirect_dominant,probability_weighted,year_5_annual,ordinary_action_hours,preventing_extreme_power_concentration,hours,200000,69530560842,9.72797853835,0.590039496562,0,0,21.2711514414,44.0056495012,0.20623,especially_prior_driven_appendix_only
redirect_dominant,probability_weighted,year_5_annual,ordinary_action_hours,biorisk_prevention,hours,200000,69530560842,10.7943128808,0.654467102304,0,0,23.500171001,49.337203123,0.20592,especially_prior_driven_appendix_only
redirect_dominant,probability_weighted,year_5_annual,ordinary_action_hours,space_governance,hours,200000,69530560842,5.64215727718,0.336747113652,0,0,12.2583206719,25.6564247537,0.20578,especially_prior_driven_appendix_only
redirect_dominant,probability_weighted,year_5_annual,ordinary_action_hours,global_health,hours,200000,69530560842,24.3593228423,1.47766648795,0,0,53.104787697,110.785361881,0.206095,especially_prior_driven_appendix_only
redirect_dominant,probability_weighted,year_5_annual,ordinary_action_hours,strategic_reasoning,hours,200000,69530560842,14.9813546259,0.909156256462,0,0,32.7298903253,68.5093724901,0.20584,especially_prior_driven_appendix_only
redirect_dominant,probability_weighted,year_5_annual,ordinary_action_hours,environmental_protection,hours,200000,69530560842,37.2878835438,2.28147511792,0,0,81.7809197987,169.912579838,0.20602,especially_prior_driven_appendix_only
redirect_dominant,probability_weighted,year_5_annual,skilled_work_hours,factory_farming_reduction,hours,200000,69530560842,13.2000829196,0.646729727746,0,0,26.8450705448,58.9924295181,0.205485,especially_prior_driven_appendix_only
redirect_dominant,probability_weighted,year_5_annual,skilled_work_hours,wild_animal_suffering,hours,200000,69530560842,2.03680826363,0.0973485350662,0,0,4.05792085805,8.98745770034,0.205545,especially_prior_driven_appendix_only
redirect_dominant,probability_weighted,year_5_annual,skilled_work_hours,residual_existential_risk_prevention,hours,200000,69530560842,5.106270714,0.243961707682,0,0,10.2228640481,22.6562709464,0.205525,especially_prior_driven_appendix_only
redirect_dominant,probability_weighted,year_5_annual,skilled_work_hours,preventing_extreme_power_concentration,hours,200000,69530560842,3.07013047822,0.146638557251,0,0,6.17176507266,13.5983544824,0.20584,especially_prior_driven_appendix_only
redirect_dominant,probability_weighted,year_5_annual,skilled_work_hours,biorisk_prevention,hours,200000,69530560842,3.72927590534,0.178437934093,0,0,7.47778062343,16.4738306983,0.206175,especially_prior_driven_appendix_only
redirect_dominant,probability_weighted,year_5_annual,skilled_work_hours,space_governance,hours,200000,69530560842,1.89026895727,0.0904254280857,0,0,3.80366485842,8.38322365032,0.20563,especially_prior_driven_appendix_only
redirect_dominant,probability_weighted,year_5_annual,skilled_work_hours,global_health,hours,200000,69530560842,6.70345845926,0.32153891444,0,0,13.5894354532,29.736521241,0.205905,especially_prior_driven_appendix_only
redirect_dominant,probability_weighted,year_5_annual,skilled_work_hours,strategic_reasoning,hours,200000,69530560842,4.41530803145,0.210692737315,0,0,8.88126797638,19.453918257,0.205905,especially_prior_driven_appendix_only
redirect_dominant,probability_weighted,year_5_annual,skilled_work_hours,environmental_protection,hours,200000,69530560842,8.34060700554,0.402409635743,0,0,16.7418857219,36.996773872,0.205575,especially_prior_driven_appendix_only
redirect_dominant,probability_weighted,five_year_cumulative,cause_directed_cash,factory_farming_reduction,USD,200000,69530560842,141028.421727,34971.7988279,0,0,412891.363994,644525.741582,0.181245,especially_prior_driven_appendix_only
redirect_dominant,probability_weighted,five_year_cumulative,cause_directed_cash,wild_animal_suffering,USD,200000,69530560842,27468.0303982,6791.77057067,0,0,79661.6168679,125217.871117,0.181265,especially_prior_driven_appendix_only
redirect_dominant,probability_weighted,five_year_cumulative,cause_directed_cash,residual_existential_risk_prevention,USD,200000,69530560842,88245.56953,22103.7824634,0,0,255715.967694,402093.674714,0.181245,especially_prior_driven_appendix_only
redirect_dominant,probability_weighted,five_year_cumulative,cause_directed_cash,preventing_extreme_power_concentration,USD,200000,69530560842,123872.022298,30153.6562104,0,0,364281.828919,568949.796113,0.181255,especially_prior_driven_appendix_only
redirect_dominant,probability_weighted,five_year_cumulative,cause_directed_cash,biorisk_prevention,USD,200000,69530560842,63831.5946046,15728.5823817,0,0,186269.532785,290614.23321,0.181245,especially_prior_driven_appendix_only
redirect_dominant,probability_weighted,five_year_cumulative,cause_directed_cash,space_governance,USD,200000,69530560842,33122.6446498,8202.26856676,0,0,95797.0283975,151741.343801,0.181235,especially_prior_driven_appendix_only
redirect_dominant,probability_weighted,five_year_cumulative,cause_directed_cash,global_health,USD,200000,69530560842,187287.485621,46056.1900618,0,0,549733.338222,855261.67038,0.181245,especially_prior_driven_appendix_only
redirect_dominant,probability_weighted,five_year_cumulative,cause_directed_cash,strategic_reasoning,USD,200000,69530560842,45452.1376413,11400.0402885,0,0,132467.060144,207659.302577,0.18124,especially_prior_driven_appendix_only
redirect_dominant,probability_weighted,five_year_cumulative,cause_directed_cash,environmental_protection,USD,200000,69530560842,154234.790757,37810.0298658,0,0,451979.794671,705941.255708,0.181265,especially_prior_driven_appendix_only
redirect_dominant,probability_weighted,five_year_cumulative,ordinary_action_hours,factory_farming_reduction,hours,200000,69530560842,166.759729364,10.2844923672,0,0,366.118343654,759.398586151,0.20563,especially_prior_driven_appendix_only
redirect_dominant,probability_weighted,five_year_cumulative,ordinary_action_hours,wild_animal_suffering,hours,200000,69530560842,18.2961578962,1.09418566531,0,0,39.5178709619,83.7551191917,0.205675,especially_prior_driven_appendix_only
redirect_dominant,probability_weighted,five_year_cumulative,ordinary_action_hours,residual_existential_risk_prevention,hours,200000,69530560842,45.2614762316,2.74383903308,0,0,98.8283341478,206.093685791,0.205455,especially_prior_driven_appendix_only
redirect_dominant,probability_weighted,five_year_cumulative,ordinary_action_hours,preventing_extreme_power_concentration,hours,200000,69530560842,27.2204904055,1.6510279491,0,0,59.5201944002,123.135074292,0.20623,especially_prior_driven_appendix_only
redirect_dominant,probability_weighted,five_year_cumulative,ordinary_action_hours,biorisk_prevention,hours,200000,69530560842,30.2042699877,1.83130702938,0,0,65.7573592229,138.053641766,0.20592,especially_prior_driven_appendix_only
redirect_dominant,probability_weighted,five_year_cumulative,ordinary_action_hours,space_governance,hours,200000,69530560842,15.7876877939,0.942274033613,0,0,34.3008055497,71.7909133017,0.20578,especially_prior_driven_appendix_only
redirect_dominant,probability_weighted,five_year_cumulative,ordinary_action_hours,global_health,hours,200000,69530560842,68.1614079533,4.13475485161,0,0,148.595965574,309.995737373,0.206095,especially_prior_driven_appendix_only
redirect_dominant,probability_weighted,five_year_cumulative,ordinary_action_hours,strategic_reasoning,hours,200000,69530560842,41.9203042284,2.54396934148,0,0,91.5836380663,191.700537702,0.20584,especially_prior_driven_appendix_only
redirect_dominant,probability_weighted,five_year_cumulative,ordinary_action_hours,environmental_protection,hours,200000,69530560842,104.337655788,6.38394413729,0,0,228.836518703,475.443457344,0.20602,especially_prior_driven_appendix_only
redirect_dominant,probability_weighted,five_year_cumulative,skilled_work_hours,factory_farming_reduction,hours,200000,69530560842,36.9360118392,1.80965657764,0,0,75.1169405152,165.070559661,0.205485,especially_prior_driven_appendix_only
redirect_dominant,probability_weighted,five_year_cumulative,skilled_work_hours,wild_animal_suffering,hours,200000,69530560842,5.69932587528,0.27239727702,0,0,11.3547326762,25.1483908129,0.205545,especially_prior_driven_appendix_only
redirect_dominant,probability_weighted,five_year_cumulative,skilled_work_hours,residual_existential_risk_prevention,hours,200000,69530560842,14.2881886951,0.682645145349,0,0,28.6052617859,63.3959875104,0.205525,especially_prior_driven_appendix_only
redirect_dominant,probability_weighted,five_year_cumulative,skilled_work_hours,preventing_extreme_power_concentration,hours,200000,69530560842,8.59073207208,0.41031889873,0,0,17.2696178639,38.0504414416,0.20584,especially_prior_driven_appendix_only
redirect_dominant,probability_weighted,five_year_cumulative,skilled_work_hours,biorisk_prevention,hours,200000,69530560842,10.4351298269,0.499298806406,0,0,20.9240650472,46.096498743,0.206175,especially_prior_driven_appendix_only
redirect_dominant,probability_weighted,five_year_cumulative,skilled_work_hours,space_governance,hours,200000,69530560842,5.28928469695,0.253025280423,0,0,10.643282402,23.4576441592,0.20563,especially_prior_driven_appendix_only
redirect_dominant,probability_weighted,five_year_cumulative,skilled_work_hours,global_health,hours,200000,69530560842,18.7573837621,0.899718980772,0,0,38.0254845251,83.2076970504,0.205905,especially_prior_driven_appendix_only
redirect_dominant,probability_weighted,five_year_cumulative,skilled_work_hours,strategic_reasoning,hours,200000,69530560842,12.3547610054,0.589553072303,0,0,24.8512544293,54.4352758568,0.205905,especially_prior_driven_appendix_only
redirect_dominant,probability_weighted,five_year_cumulative,skilled_work_hours,environmental_protection,hours,200000,69530560842,23.3383957494,1.12600861378,0,0,46.8465609649,103.523082853,0.205575,especially_prior_driven_appendix_only
redirect_dominant,probability_weighted,eoy5_annualized_run_rate,cause_directed_cash,factory_farming_reduction,USD,200000,69530560842,55395.5116516,13669.820373,0,0,162246.738605,253412.5744,0.181245,especially_prior_driven_appendix_only
redirect_dominant,probability_weighted,eoy5_annualized_run_rate,cause_directed_cash,wild_animal_suffering,USD,200000,69530560842,10781.5352805,2643.67163302,0,0,31297.9277139,49240.7535813,0.181265,especially_prior_driven_appendix_only
redirect_dominant,probability_weighted,eoy5_annualized_run_rate,cause_directed_cash,residual_existential_risk_prevention,USD,200000,69530560842,34628.6745029,8596.50515831,0,0,100473.315525,158020.686355,0.181245,especially_prior_driven_appendix_only
redirect_dominant,probability_weighted,eoy5_annualized_run_rate,cause_directed_cash,preventing_extreme_power_concentration,USD,200000,69530560842,48680.5294865,11809.405787,0,0,143242.774961,223754.508193,0.181255,especially_prior_driven_appendix_only
redirect_dominant,probability_weighted,eoy5_annualized_run_rate,cause_directed_cash,biorisk_prevention,USD,200000,69530560842,25060.5251043,6128.62602845,0,0,73190.5025839,114247.553336,0.181245,especially_prior_driven_appendix_only
redirect_dominant,probability_weighted,eoy5_annualized_run_rate,cause_directed_cash,space_governance,USD,200000,69530560842,13000.9365098,3195.33499678,0,0,37628.8323468,59640.4800855,0.181235,especially_prior_driven_appendix_only
redirect_dominant,probability_weighted,eoy5_annualized_run_rate,cause_directed_cash,global_health,USD,200000,69530560842,73587.4614864,18011.3720534,0,0,216151.647784,336321.537323,0.181245,especially_prior_driven_appendix_only
redirect_dominant,probability_weighted,eoy5_annualized_run_rate,cause_directed_cash,strategic_reasoning,USD,200000,69530560842,17832.6437172,4428.03905605,0,0,52018.8258063,81618.707647,0.18124,especially_prior_driven_appendix_only
redirect_dominant,probability_weighted,eoy5_annualized_run_rate,cause_directed_cash,environmental_protection,USD,200000,69530560842,60608.2241073,14801.7439542,0,0,177633.655528,277580.565582,0.181265,especially_prior_driven_appendix_only
redirect_dominant,probability_weighted,eoy5_annualized_run_rate,ordinary_action_hours,factory_farming_reduction,hours,200000,69530560842,65.6103853236,4.04635765267,0,0,144.046561438,298.7797716,0.20563,especially_prior_driven_appendix_only
redirect_dominant,probability_weighted,eoy5_annualized_run_rate,ordinary_action_hours,wild_animal_suffering,hours,200000,69530560842,7.19848835261,0.430499278156,0,0,15.5480148047,32.9528337803,0.205675,especially_prior_driven_appendix_only
redirect_dominant,probability_weighted,eoy5_annualized_run_rate,ordinary_action_hours,residual_existential_risk_prevention,hours,200000,69530560842,17.8077939272,1.07954322613,0,0,38.883279009,81.086040311,0.205455,especially_prior_driven_appendix_only
redirect_dominant,probability_weighted,eoy5_annualized_run_rate,ordinary_action_hours,preventing_extreme_power_concentration,hours,200000,69530560842,10.7097011431,0.649584766857,0,0,23.4177814033,48.4465866068,0.20623,especially_prior_driven_appendix_only
redirect_dominant,probability_weighted,eoy5_annualized_run_rate,ordinary_action_hours,biorisk_prevention,hours,200000,69530560842,11.8836472083,0.720514241069,0,0,25.871747891,54.3161869244,0.20592,especially_prior_driven_appendix_only
redirect_dominant,probability_weighted,eoy5_annualized_run_rate,ordinary_action_hours,space_governance,hours,200000,69530560842,6.21154929598,0.370730767323,0,0,13.4953989048,28.2456052334,0.20578,especially_prior_driven_appendix_only
redirect_dominant,probability_weighted,eoy5_annualized_run_rate,ordinary_action_hours,global_health,hours,200000,69530560842,26.8176031292,1.62678879408,0,0,58.4639864554,121.965536016,0.206095,especially_prior_driven_appendix_only
redirect_dominant,probability_weighted,eoy5_annualized_run_rate,ordinary_action_hours,strategic_reasoning,hours,200000,69530560842,16.4932344505,1.00090597042,0,0,36.0329067802,75.4231623744,0.20584,especially_prior_driven_appendix_only
redirect_dominant,probability_weighted,eoy5_annualized_run_rate,ordinary_action_hours,environmental_protection,hours,200000,69530560842,41.0508809656,2.51171572615,0,0,90.0340401454,187.059720922,0.20602,especially_prior_driven_appendix_only
redirect_dominant,probability_weighted,eoy5_annualized_run_rate,skilled_work_hours,factory_farming_reduction,hours,200000,69530560842,14.5322013794,0.711996030547,0,0,29.5542061043,64.9457939649,0.205485,especially_prior_driven_appendix_only
redirect_dominant,probability_weighted,eoy5_annualized_run_rate,skilled_work_hours,wild_animal_suffering,hours,200000,69530560842,2.24235772142,0.107172699155,0,0,4.46743580703,9.89444884441,0.205545,especially_prior_driven_appendix_only
redirect_dominant,probability_weighted,eoy5_annualized_run_rate,skilled_work_hours,residual_existential_risk_prevention,hours,200000,69530560842,5.62158243744,0.268581696531,0,0,11.2545292272,24.9426836107,0.205525,especially_prior_driven_appendix_only
redirect_dominant,probability_weighted,eoy5_annualized_run_rate,skilled_work_hours,preventing_extreme_power_concentration,hours,200000,69530560842,3.37996015951,0.161436943762,0,0,6.79460374971,14.9706654852,0.20584,especially_prior_driven_appendix_only
redirect_dominant,probability_weighted,eoy5_annualized_run_rate,skilled_work_hours,biorisk_prevention,hours,200000,69530560842,4.10562484992,0.196445432029,0,0,8.23241903497,18.1363273743,0.206175,especially_prior_driven_appendix_only
redirect_dominant,probability_weighted,eoy5_annualized_run_rate,skilled_work_hours,space_governance,hours,200000,69530560842,2.0810300447,0.0995509300026,0,0,4.18752094505,9.22923704623,0.20563,especially_prior_driven_appendix_only
redirect_dominant,probability_weighted,eoy5_annualized_run_rate,skilled_work_hours,global_health,hours,200000,69530560842,7.37995426707,0.353987795714,0,0,14.9608463705,32.7374545772,0.205905,especially_prior_driven_appendix_only
redirect_dominant,probability_weighted,eoy5_annualized_run_rate,skilled_work_hours,strategic_reasoning,hours,200000,69530560842,4.86088957591,0.231955307136,0,0,9.77754272629,21.4171577141,0.205905,especially_prior_driven_appendix_only
redirect_dominant,probability_weighted,eoy5_annualized_run_rate,skilled_work_hours,environmental_protection,hours,200000,69530560842,9.18231963912,0.44301978247,0,0,18.4314338222,40.7303932536,0.205575,especially_prior_driven_appendix_only
direct_trade_underperformance,conditional,year_1,cause_directed_cash,factory_farming_reduction,USD,200000,69520660826,7241.9325823,4322.18153199,370.449912733,684.754044235,17565.6294388,24070.6806855,3e-05,especially_prior_driven_appendix_only
direct_trade_underperformance,conditional,year_1,cause_directed_cash,wild_animal_suffering,USD,200000,69520660826,1435.41990174,861.501115764,77.2260742877,142.220018036,3460.61331079,4736.15826204,3e-05,especially_prior_driven_appendix_only
direct_trade_underperformance,conditional,year_1,cause_directed_cash,residual_existential_risk_prevention,USD,200000,69520660826,4627.6885726,2808.14661408,259.00399269,472.151751119,11125.6949134,15223.0725879,1.5e-05,especially_prior_driven_appendix_only
direct_trade_underperformance,conditional,year_1,cause_directed_cash,preventing_extreme_power_concentration,USD,200000,69520660826,6325.54428617,3767.64151122,280.238846756,550.026727652,15372.6504112,21052.5441298,2.5e-05,especially_prior_driven_appendix_only
direct_trade_underperformance,conditional,year_1,cause_directed_cash,biorisk_prevention,USD,200000,69520660826,3317.23632131,1992.05002206,173.330854994,321.24517963,7990.46964089,10951.0912096,2.5e-05,especially_prior_driven_appendix_only
direct_trade_underperformance,conditional,year_1,cause_directed_cash,space_governance,USD,200000,69520660826,1725.15801361,1036.02787905,92.1975120946,170.913714553,4149.09092233,5694.876514,5.5e-05,especially_prior_driven_appendix_only
direct_trade_underperformance,conditional,year_1,cause_directed_cash,global_health,USD,200000,69520660826,9602.2508504,5752.26115485,447.743008695,863.034242402,23336.6075612,31980.9073148,2.5e-05,especially_prior_driven_appendix_only
direct_trade_underperformance,conditional,year_1,cause_directed_cash,strategic_reasoning,USD,200000,69520660826,2387.19640694,1445.75761189,136.619427098,247.294854813,5710.46510716,7816.05210401,2e-05,especially_prior_driven_appendix_only
direct_trade_underperformance,conditional,year_1,cause_directed_cash,environmental_protection,USD,200000,69520660826,7899.21984558,4716.13273532,372.485843268,705.165249564,19155.3565649,26314.5776018,4.5e-05,especially_prior_driven_appendix_only
direct_trade_underperformance,conditional,year_1,ordinary_action_hours,factory_farming_reduction,hours,200000,69520660826,7.06145591431,1.37945812003,0.0110728236882,0.0507773557749,16.7254414381,30.9665346866,0.030285,especially_prior_driven_appendix_only
direct_trade_underperformance,conditional,year_1,ordinary_action_hours,wild_animal_suffering,hours,200000,69520660826,0.779562663593,0.148915656459,0.00116428026939,0.00537804495192,1.82967198033,3.40547733669,0.03008,especially_prior_driven_appendix_only
direct_trade_underperformance,conditional,year_1,ordinary_action_hours,residual_existential_risk_prevention,hours,200000,69520660826,1.93123041572,0.368651334454,0.00292256768849,0.0133021864195,4.5318006118,8.43239449989,0.03008,especially_prior_driven_appendix_only
direct_trade_underperformance,conditional,year_1,ordinary_action_hours,preventing_extreme_power_concentration,hours,200000,69520660826,1.1679135409,0.222142829573,0.00177835714561,0.00814068377132,2.74354590926,5.09950545691,0.02997,especially_prior_driven_appendix_only
direct_trade_underperformance,conditional,year_1,ordinary_action_hours,biorisk_prevention,hours,200000,69520660826,1.30054268181,0.246574556463,0.00201322002832,0.00904936523663,3.04489916527,5.69138505497,0.02959,especially_prior_driven_appendix_only
direct_trade_underperformance,conditional,year_1,ordinary_action_hours,space_governance,hours,200000,69520660826,0.67498934142,0.128360260203,0.00104077478507,0.00469051758894,1.59107026109,2.92461908446,0.029545,especially_prior_driven_appendix_only
direct_trade_underperformance,conditional,year_1,ordinary_action_hours,global_health,hours,200000,69520660826,2.91147540736,0.557035463517,0.00458230596856,0.0204096008126,6.83897978771,12.6353495826,0.02975,especially_prior_driven_appendix_only
direct_trade_underperformance,conditional,year_1,ordinary_action_hours,strategic_reasoning,hours,200000,69520660826,1.79564646312,0.34304772559,0.00264459333899,0.0123697204908,4.21737480258,7.84235900957,0.030375,especially_prior_driven_appendix_only
direct_trade_underperformance,conditional,year_1,ordinary_action_hours,environmental_protection,hours,200000,69520660826,4.45900713033,0.856180853431,0.00686438244854,0.0313504250723,10.5582859356,19.5509080101,0.030195,especially_prior_driven_appendix_only
direct_trade_underperformance,conditional,year_1,skilled_work_hours,factory_farming_reduction,hours,200000,69520660826,1.56925160673,0.252930150545,0.00158609306006,0.00778788682024,3.59538853661,6.86982987009,0.03051,especially_prior_driven_appendix_only
direct_trade_underperformance,conditional,year_1,skilled_work_hours,wild_animal_suffering,hours,200000,69520660826,0.242622640759,0.0379335312216,0.000237562771018,0.00117810344212,0.545711035087,1.05483320467,0.03029,especially_prior_driven_appendix_only
direct_trade_underperformance,conditional,year_1,skilled_work_hours,residual_existential_risk_prevention,hours,200000,69520660826,0.605869574342,0.0957641202965,0.000601330004621,0.00292582016009,1.36839461077,2.61621360742,0.030495,especially_prior_driven_appendix_only
direct_trade_underperformance,conditional,year_1,skilled_work_hours,preventing_extreme_power_concentration,hours,200000,69520660826,0.36651831933,0.0574267507247,0.000366460622883,0.00176270319063,0.817570926556,1.57953050801,0.03023,especially_prior_driven_appendix_only
direct_trade_underperformance,conditional,year_1,skilled_work_hours,biorisk_prevention,hours,200000,69520660826,0.444876866216,0.0702292235446,0.000450132239855,0.00217319547822,1.00561315032,1.92389294432,0.029785,especially_prior_driven_appendix_only
direct_trade_underperformance,conditional,year_1,skilled_work_hours,space_governance,hours,200000,69520660826,0.226333936371,0.0353426079568,0.000221774870057,0.00109500536555,0.508955899458,0.980996813155,0.03006,especially_prior_driven_appendix_only
direct_trade_underperformance,conditional,year_1,skilled_work_hours,global_health,hours,200000,69520660826,0.802280941415,0.126298407705,0.000796407443469,0.00389493166464,1.79284366944,3.49870091608,0.03031,especially_prior_driven_appendix_only
direct_trade_underperformance,conditional,year_1,skilled_work_hours,strategic_reasoning,hours,200000,69520660826,0.524682473726,0.0822313239581,0.000530365442948,0.00255060393054,1.18767635496,2.27678316628,0.03003,especially_prior_driven_appendix_only
direct_trade_underperformance,conditional,year_1,skilled_work_hours,environmental_protection,hours,200000,69520660826,0.990744946866,0.157274747921,0.00104031308376,0.00492486354043,2.24559065583,4.33000255695,0.02952,especially_prior_driven_appendix_only
direct_trade_underperformance,conditional,year_5_annual,cause_directed_cash,factory_farming_reduction,USD,200000,69520660826,59129.138867,34718.0253819,2502.50631837,4942.52906819,144921.775778,199025.159001,3e-05,especially_prior_driven_appendix_only
direct_trade_underperformance,conditional,year_5_annual,cause_directed_cash,wild_animal_suffering,USD,200000,69520660826,11587.1159254,6787.91070838,501.72016369,988.579275846,28276.278133,38943.4146435,3e-05,especially_prior_driven_appendix_only
direct_trade_underperformance,conditional,year_5_annual,cause_directed_cash,residual_existential_risk_prevention,USD,200000,69520660826,37209.9486907,22008.4347061,1662.57317444,3236.72654754,90689.359159,124882.909643,1.5e-05,especially_prior_driven_appendix_only
direct_trade_underperformance,conditional,year_5_annual,cause_directed_cash,preventing_extreme_power_concentration,USD,200000,69520660826,52056.4933696,30644.7717462,1867.22244687,4097.20393222,127529.939122,174899.359457,2.5e-05,especially_prior_driven_appendix_only
direct_trade_underperformance,conditional,year_5_annual,cause_directed_cash,biorisk_prevention,USD,200000,69520660826,26882.5231268,15796.035177,1116.86635721,2254.45737022,65604.8021824,90252.9697162,2.5e-05,especially_prior_driven_appendix_only
direct_trade_underperformance,conditional,year_5_annual,cause_directed_cash,space_governance,USD,200000,69520660826,13926.8214718,8167.4364839,598.166873976,1183.46475618,33937.3169801,46824.0282126,5.5e-05,especially_prior_driven_appendix_only
direct_trade_underperformance,conditional,year_5_annual,cause_directed_cash,global_health,USD,200000,69520660826,78773.3008916,46602.6630448,2951.19264124,6331.00508622,192966.612692,264941.940812,2.5e-05,especially_prior_driven_appendix_only
direct_trade_underperformance,conditional,year_5_annual,cause_directed_cash,strategic_reasoning,USD,200000,69520660826,19142.5809739,11290.7608777,888.094795572,1690.63465184,46545.5879761,64022.3691048,2e-05,especially_prior_driven_appendix_only
direct_trade_underperformance,conditional,year_5_annual,cause_directed_cash,environmental_protection,USD,200000,69520660826,64927.6404619,38275.1627827,2528.81424011,5239.9837975,158602.01716,218410.632129,4.5e-05,especially_prior_driven_appendix_only
direct_trade_underperformance,conditional,year_5_annual,ordinary_action_hours,factory_farming_reduction,hours,200000,69520660826,59.2075918969,11.5662257756,0.0928413678475,0.42574859842,140.236393596,259.642483141,0.030285,especially_prior_driven_appendix_only
direct_trade_underperformance,conditional,year_5_annual,ordinary_action_hours,wild_animal_suffering,hours,200000,69520660826,6.53633310243,1.24860050416,0.00976204225872,0.045092838443,15.3410958351,28.5536176692,0.03008,especially_prior_driven_appendix_only
direct_trade_underperformance,conditional,year_5_annual,ordinary_action_hours,residual_existential_risk_prevention,hours,200000,69520660826,16.1926242549,3.09099965042,0.0245046060035,0.111533716902,37.9974051297,70.7023846529,0.03008,especially_prior_driven_appendix_only
direct_trade_underperformance,conditional,year_5_annual,ordinary_action_hours,preventing_extreme_power_concentration,hours,200000,69520660826,9.79250584295,1.86258218642,0.0149108406824,0.0682565023903,23.0035772392,42.7573919079,0.02997,especially_prior_driven_appendix_only
direct_trade_underperformance,conditional,year_5_annual,ordinary_action_hours,biorisk_prevention,hours,200000,69520660826,10.9045501782,2.06743281958,0.0168800756221,0.075875446984,25.5303083857,47.7200746917,0.02959,especially_prior_driven_appendix_only
direct_trade_underperformance,conditional,year_5_annual,ordinary_action_hours,space_governance,hours,200000,69520660826,5.65952601652,1.07625141247,0.00872649627484,0.039328185938,13.3405121892,24.5218061697,0.029545,especially_prior_driven_appendix_only
direct_trade_underperformance,conditional,year_5_annual,ordinary_action_hours,global_health,hours,200000,69520660826,24.4116014925,4.67052811718,0.038420873121,0.171126652967,57.3422151431,105.9425465,0.02975,especially_prior_driven_appendix_only
direct_trade_underperformance,conditional,year_5_annual,ordinary_action_hours,strategic_reasoning,hours,200000,69520660826,15.05580496,2.87632323764,0.0221738979961,0.103715348731,35.3610656524,65.7551640033,0.030375,especially_prior_driven_appendix_only
direct_trade_underperformance,conditional,year_5_annual,ordinary_action_hours,environmental_protection,hours,200000,69520660826,37.3870597851,7.17874715569,0.0575552066839,0.262861256376,88.5271666905,163.926844085,0.030195,especially_prior_driven_appendix_only
direct_trade_underperformance,conditional,year_5_annual,skilled_work_hours,factory_farming_reduction,hours,200000,69520660826,13.1575711641,2.1207220315,0.0132987802728,0.0652984356466,30.1459500377,57.6008812184,0.03051,especially_prior_driven_appendix_only
direct_trade_underperformance,conditional,year_5_annual,skilled_work_hours,wild_animal_suffering,hours,200000,69520660826,2.03429752636,0.318058069473,0.00199187246469,0.00987794424548,4.57557714034,8.84437071608,0.03029,especially_prior_driven_appendix_only
direct_trade_underperformance,conditional,year_5_annual,skilled_work_hours,residual_existential_risk_prevention,hours,200000,69520660826,5.0799833541,0.802945316332,0.00504192080798,0.0245318767269,11.4734625057,21.9359448622,0.030495,especially_prior_driven_appendix_only
direct_trade_underperformance,conditional,year_5_annual,skilled_work_hours,preventing_extreme_power_concentration,hours,200000,69520660826,3.073115139,0.481501217615,0.00307263137648,0.0147795882906,6.85501776881,13.2437557979,0.03023,especially_prior_driven_appendix_only
direct_trade_underperformance,conditional,year_5_annual,skilled_work_hours,biorisk_prevention,hours,200000,69520660826,3.73012141673,0.588845028181,0.0037741857034,0.0182214082405,8.43167949118,16.1311023793,0.029785,especially_prior_driven_appendix_only
direct_trade_underperformance,conditional,year_5_annual,skilled_work_hours,space_governance,hours,200000,69520660826,1.89772300496,0.296334174407,0.0018594969874,0.00918119883426,4.26739946468,8.22528097184,0.03006,especially_prior_driven_appendix_only
direct_trade_underperformance,conditional,year_5_annual,skilled_work_hours,global_health,hours,200000,69520660826,6.72681712417,1.0589635723,0.00667757010293,0.0326575039574,15.032304613,29.3352615272,0.03031,especially_prior_driven_appendix_only
direct_trade_underperformance,conditional,year_5_annual,skilled_work_hours,strategic_reasoning,hours,200000,69520660826,4.39926074124,0.689478023956,0.00444691025241,0.0213858329561,9.95820943777,19.0899511634,0.03003,especially_prior_driven_appendix_only
direct_trade_underperformance,conditional,year_5_annual,skilled_work_hours,environmental_protection,hours,200000,69520660826,8.30701532372,1.31868827103,0.00872262508695,0.0412930866083,18.8284139604,36.3054060545,0.02952,especially_prior_driven_appendix_only
direct_trade_underperformance,conditional,five_year_cumulative,cause_directed_cash,factory_farming_reduction,USD,200000,69520660826,165781.884762,97412.9800991,7205.97413937,14059.3925425,405966.162697,557341.333959,3e-05,especially_prior_driven_appendix_only
direct_trade_underperformance,conditional,five_year_cumulative,cause_directed_cash,wild_animal_suffering,USD,200000,69520660826,32514.8921961,19089.3603269,1462.71513248,2826.36675395,79241.7698358,109077.680252,3e-05,especially_prior_driven_appendix_only
direct_trade_underperformance,conditional,five_year_cumulative,cause_directed_cash,residual_existential_risk_prevention,USD,200000,69520660826,104447.246617,61885.3297753,4863.74490865,9293.58171784,254265.145328,349900.686597,1.5e-05,especially_prior_driven_appendix_only
direct_trade_underperformance,conditional,five_year_cumulative,cause_directed_cash,preventing_extreme_power_concentration,USD,200000,69520660826,145864.336096,85956.9772459,5353.69137632,11591.0532833,357149.401004,489511.760129,2.5e-05,especially_prior_driven_appendix_only
direct_trade_underperformance,conditional,five_year_cumulative,cause_directed_cash,biorisk_prevention,USD,200000,69520660826,75413.3305369,44404.5419659,3251.12746858,6437.57558428,183830.573575,252817.163592,2.5e-05,especially_prior_driven_appendix_only
direct_trade_underperformance,conditional,five_year_cumulative,cause_directed_cash,space_governance,USD,200000,69520660826,39080.4103616,22959.7030361,1744.51669613,3385.76314414,95140.7378652,131184.184867,5.5e-05,especially_prior_driven_appendix_only
direct_trade_underperformance,conditional,five_year_cumulative,cause_directed_cash,global_health,USD,200000,69520660826,220779.405131,130743.994929,8491.94577735,17938.6638696,540434.474035,741766.818721,2.5e-05,especially_prior_driven_appendix_only
direct_trade_underperformance,conditional,five_year_cumulative,cause_directed_cash,strategic_reasoning,USD,200000,69520660826,53744.2576052,31768.2355743,2610.31552263,4861.79532036,130519.503391,179399.051757,2e-05,especially_prior_driven_appendix_only
direct_trade_underperformance,conditional,five_year_cumulative,cause_directed_cash,environmental_protection,USD,200000,69520660826,181947.830246,107385.83953,7242.87929845,14822.7029977,444143.792434,611560.580194,4.5e-05,especially_prior_driven_appendix_only
direct_trade_underperformance,conditional,five_year_cumulative,ordinary_action_hours,factory_farming_reduction,hours,200000,69520660826,165.672619528,32.3642097391,0.259785478839,1.19131488549,392.404587585,726.522544569,0.030285,especially_prior_driven_appendix_only
direct_trade_underperformance,conditional,five_year_cumulative,ordinary_action_hours,wild_animal_suffering,hours,200000,69520660826,18.2897394151,3.49379040154,0.0273158063203,0.126177208487,42.9269195385,79.8977375147,0.03008,especially_prior_driven_appendix_only
direct_trade_underperformance,conditional,five_year_cumulative,ordinary_action_hours,residual_existential_risk_prevention,hours,200000,69520660826,45.3096366766,8.6491274622,0.0685679342301,0.312089758304,106.323014354,197.836947882,0.03008,especially_prior_driven_appendix_only
direct_trade_underperformance,conditional,five_year_cumulative,ordinary_action_hours,preventing_extreme_power_concentration,hours,200000,69520660826,27.4010484596,5.21181253998,0.0417229945701,0.190992965404,64.367807871,119.642243412,0.02997,especially_prior_driven_appendix_only
direct_trade_underperformance,conditional,five_year_cumulative,ordinary_action_hours,biorisk_prevention,hours,200000,69520660826,30.5127321501,5.7850184401,0.047233239126,0.212312030552,71.4380188774,133.528649367,0.02959,especially_prior_driven_appendix_only
direct_trade_underperformance,conditional,five_year_cumulative,ordinary_action_hours,space_governance,hours,200000,69520660826,15.8362883949,3.01152918169,0.0244181776498,0.110046758817,37.3289561256,68.6160631355,0.029545,especially_prior_driven_appendix_only
direct_trade_underperformance,conditional,five_year_cumulative,ordinary_action_hours,global_health,hours,200000,69520660826,68.3076922496,13.0689089517,0.107507947724,0.478840634448,160.452987327,296.444740207,0.02975,especially_prior_driven_appendix_only
direct_trade_underperformance,conditional,five_year_cumulative,ordinary_action_hours,strategic_reasoning,hours,200000,69520660826,42.1286285578,8.04842740807,0.0620462283378,0.290212673054,98.9461011375,183.993807532,0.030375,especially_prior_driven_appendix_only
direct_trade_underperformance,conditional,five_year_cumulative,ordinary_action_hours,environmental_protection,hours,200000,69520660826,104.615167289,20.0873200228,0.161048972831,0.73552920362,247.713631565,458.694380237,0.030195,especially_prior_driven_appendix_only
direct_trade_underperformance,conditional,five_year_cumulative,skilled_work_hours,factory_farming_reduction,hours,200000,69520660826,36.8170569271,5.9341304551,0.0372121833321,0.182715806167,84.3533464358,161.176777721,0.03051,especially_prior_driven_appendix_only
direct_trade_underperformance,conditional,five_year_cumulative,skilled_work_hours,wild_animal_suffering,hours,200000,69520660826,5.6923004178,0.889979001737,0.00557358808926,0.027640119219,12.8032204386,24.7480098019,0.03029,especially_prior_driven_appendix_only
direct_trade_underperformance,conditional,five_year_cumulative,skilled_work_hours,residual_existential_risk_prevention,hours,200000,69520660826,14.2146323211,2.24677359157,0.0141081270315,0.0686442422175,32.1046427912,61.3803961742,0.030495,especially_prior_driven_appendix_only
direct_trade_underperformance,conditional,five_year_cumulative,skilled_work_hours,preventing_extreme_power_concentration,hours,200000,69520660826,8.59908364582,1.34731992085,0.00859772999842,0.0413557287031,19.1814717384,37.0582157648,0.03023,especially_prior_driven_appendix_only
direct_trade_underperformance,conditional,five_year_cumulative,skilled_work_hours,biorisk_prevention,hours,200000,69520660826,10.4374957074,1.64768562931,0.0105607948581,0.0509865092967,23.5932316038,45.137488309,0.029785,especially_prior_driven_appendix_only
direct_trade_underperformance,conditional,five_year_cumulative,skilled_work_hours,space_governance,hours,200000,69520660826,5.31014235332,0.829191955911,0.00520317964364,0.0256905104995,11.9408884104,23.0156944625,0.03006,especially_prior_driven_appendix_only
direct_trade_underperformance,conditional,five_year_cumulative,skilled_work_hours,global_health,hours,200000,69520660826,18.822745164,2.96315495001,0.018684943866,0.091381089055,42.062870706,82.0849061081,0.03031,especially_prior_driven_appendix_only
direct_trade_underperformance,conditional,five_year_cumulative,skilled_work_hours,strategic_reasoning,hours,200000,69520660826,12.3098580374,1.92927336979,0.0124431892384,0.0598410922165,27.8647144818,53.4168358243,0.03003,especially_prior_driven_appendix_only
direct_trade_underperformance,conditional,five_year_cumulative,skilled_work_hours,environmental_protection,hours,200000,69520660826,23.2444006765,3.68990754739,0.0244073454268,0.115544875372,52.6850115406,101.588521529,0.02952,especially_prior_driven_appendix_only
direct_trade_underperformance,conditional,eoy5_annualized_run_rate,cause_directed_cash,factory_farming_reduction,USD,200000,69520660826,65103.5607372,38223.842748,2749.93813041,5443.50836593,159562.504747,219126.117444,3e-05,especially_prior_driven_appendix_only
direct_trade_underperformance,conditional,eoy5_annualized_run_rate,cause_directed_cash,wild_animal_suffering,USD,200000,69520660826,12758.5306724,7474.29339131,550.552965675,1088.1299464,31131.9974707,42875.0828744,3e-05,especially_prior_driven_appendix_only
direct_trade_underperformance,conditional,eoy5_annualized_run_rate,cause_directed_cash,residual_existential_risk_prevention,USD,200000,69520660826,40972.3012499,24238.9200588,1826.91258895,3560.28440039,99856.21242,137516.886248,1.5e-05,especially_prior_driven_appendix_only
direct_trade_underperformance,conditional,eoy5_annualized_run_rate,cause_directed_cash,preventing_extreme_power_concentration,USD,200000,69520660826,57314.3789186,33744.3989796,2058.38399069,4512.75587931,140400.929039,192540.759033,2.5e-05,especially_prior_driven_appendix_only
direct_trade_underperformance,conditional,eoy5_annualized_run_rate,cause_directed_cash,biorisk_prevention,USD,200000,69520660826,29599.7668745,17396.6482314,1227.76406624,2480.21298878,72242.2507637,99360.8959958,2.5e-05,especially_prior_driven_appendix_only
direct_trade_underperformance,conditional,eoy5_annualized_run_rate,cause_directed_cash,space_governance,USD,200000,69520660826,15334.7627493,8993.76983281,657.845122759,1302.99039661,37364.0898946,51563.6581108,5.5e-05,especially_prior_driven_appendix_only
direct_trade_underperformance,conditional,eoy5_annualized_run_rate,cause_directed_cash,global_health,USD,200000,69520660826,86730.8163704,51309.0811024,3245.21848668,6972.29899979,212463.574117,291718.656496,2.5e-05,especially_prior_driven_appendix_only
direct_trade_underperformance,conditional,eoy5_annualized_run_rate,cause_directed_cash,strategic_reasoning,USD,200000,69520660826,21078.4311393,12434.5948109,976.168568145,1860.37109614,51256.2856242,70488.4266028,2e-05,especially_prior_driven_appendix_only
direct_trade_underperformance,conditional,eoy5_annualized_run_rate,cause_directed_cash,environmental_protection,USD,200000,69520660826,71485.9423261,42141.1691644,2783.73786619,5767.95921832,174638.277792,240445.376133,4.5e-05,especially_prior_driven_appendix_only
direct_trade_underperformance,conditional,eoy5_annualized_run_rate,ordinary_action_hours,factory_farming_reduction,hours,200000,69520660826,65.1826699782,12.7334595695,0.102210680199,0.468714053307,154.388690197,285.844935568,0.030285,especially_prior_driven_appendix_only
direct_trade_underperformance,conditional,eoy5_annualized_run_rate,ordinary_action_hours,wild_animal_suffering,hours,200000,69520660826,7.19596304855,1.37460605962,0.0107472024867,0.0496434918639,16.8892798184,31.4351754156,0.03008,especially_prior_driven_appendix_only
direct_trade_underperformance,conditional,eoy5_annualized_run_rate,ordinary_action_hours,residual_existential_risk_prevention,hours,200000,69520660826,17.826742299,3.40293539496,0.0269775478938,0.122789413103,41.8320056474,77.8374876913,0.03008,especially_prior_driven_appendix_only
direct_trade_underperformance,conditional,eoy5_annualized_run_rate,ordinary_action_hours,preventing_extreme_power_concentration,hours,200000,69520660826,10.7807403776,2.05054919606,0.016415604421,0.0751447732737,25.3250391624,47.0723580638,0.02997,especially_prior_driven_appendix_only
direct_trade_underperformance,conditional,eoy5_annualized_run_rate,ordinary_action_hours,biorisk_prevention,hours,200000,69520660826,12.0050093705,2.27607282889,0.0185835694922,0.0835326021843,28.1067615255,52.5358620459,0.02959,especially_prior_driven_appendix_only
direct_trade_underperformance,conditional,eoy5_annualized_run_rate,ordinary_action_hours,space_governance,hours,200000,69520660826,6.23067084388,1.18486394034,0.00960715186221,0.0432970854363,14.6868024101,26.9964838566,0.029545,especially_prior_driven_appendix_only
direct_trade_underperformance,conditional,eoy5_annualized_run_rate,ordinary_action_hours,global_health,hours,200000,69520660826,26.8751576064,5.14186581708,0.0422982089406,0.188396315193,63.1290441943,116.633996147,0.02975,especially_prior_driven_appendix_only
direct_trade_underperformance,conditional,eoy5_annualized_run_rate,ordinary_action_hours,strategic_reasoning,hours,200000,69520660826,16.5751981211,3.16659439006,0.0244116308214,0.1141820353,38.9296135623,72.3910062422,0.030375,especially_prior_driven_appendix_only
direct_trade_underperformance,conditional,eoy5_annualized_run_rate,ordinary_action_hours,environmental_protection,hours,200000,69520660826,41.1600658185,7.90320787783,0.0633635302943,0.289388539129,97.4611009437,180.469920093,0.030195,especially_prior_driven_appendix_only
direct_trade_underperformance,conditional,eoy5_annualized_run_rate,skilled_work_hours,factory_farming_reduction,hours,200000,69520660826,14.4853994467,2.33473985119,0.0146408590159,0.071888186033,33.1882018764,63.4138141854,0.03051,especially_prior_driven_appendix_only
direct_trade_underperformance,conditional,eoy5_annualized_run_rate,skilled_work_hours,wild_animal_suffering,hours,200000,69520660826,2.239593607,0.350155672815,0.00219288711708,0.0108748010042,5.03733263157,9.73692188926,0.03029,especially_prior_driven_appendix_only
direct_trade_underperformance,conditional,eoy5_annualized_run_rate,skilled_work_hours,residual_existential_risk_prevention,hours,200000,69520660826,5.5926422247,0.883976495045,0.00555073850419,0.0270075707085,12.6313348687,24.1496640685,0.030495,especially_prior_driven_appendix_only
direct_trade_underperformance,conditional,eoy5_annualized_run_rate,skilled_work_hours,preventing_extreme_power_concentration,hours,200000,69520660826,3.38324602458,0.530093083613,0.003382713442,0.016271106375,7.54680855282,14.5802816124,0.03023,especially_prior_driven_appendix_only
direct_trade_underperformance,conditional,eoy5_annualized_run_rate,skilled_work_hours,biorisk_prevention,hours,200000,69520660826,4.10655568814,0.648269755796,0.00415506682943,0.0200602659528,9.28258292607,17.7590117937,0.029785,especially_prior_driven_appendix_only
direct_trade_underperformance,conditional,eoy5_annualized_run_rate,skilled_work_hours,space_governance,hours,200000,69520660826,2.08923633573,0.326239458063,0.00204715264668,0.0101077418359,4.69805445653,9.05535519835,0.03006,especially_prior_driven_appendix_only
direct_trade_underperformance,conditional,eoy5_annualized_run_rate,skilled_work_hours,global_health,hours,200000,69520660826,7.40567022845,1.16583145574,0.00735145332433,0.0359532153659,16.5493261794,32.2957007638,0.03031,especially_prior_driven_appendix_only
direct_trade_underperformance,conditional,eoy5_annualized_run_rate,skilled_work_hours,strategic_reasoning,hours,200000,69520660826,4.8432228344,0.759058374998,0.00489568101183,0.0235440362819,10.9631663535,21.0164599964,0.03003,especially_prior_driven_appendix_only
direct_trade_underperformance,conditional,eoy5_annualized_run_rate,skilled_work_hours,environmental_protection,hours,200000,69520660826,9.14533797107,1.45176690389,0.00960289000398,0.0454602788348,20.7285291307,39.9692543719,0.02952,especially_prior_driven_appendix_only
direct_trade_underperformance,probability_weighted,year_1,cause_directed_cash,factory_farming_reduction,USD,200000,69530660845,3232.19854507,848.802390772,0,0,9376.85586311,14540.0603363,0.18091,especially_prior_driven_appendix_only
direct_trade_underperformance,probability_weighted,year_1,cause_directed_cash,wild_animal_suffering,USD,200000,69530660845,642.152125967,174.123851401,0,0,1847.41290617,2879.70947898,0.180925,especially_prior_driven_appendix_only
direct_trade_underperformance,probability_weighted,year_1,cause_directed_cash,residual_existential_risk_prevention,USD,200000,69530660845,2074.20985785,575.185094011,0,0,5979.30801986,9242.97235208,0.180915,especially_prior_driven_appendix_only
direct_trade_underperformance,probability_weighted,year_1,cause_directed_cash,preventing_extreme_power_concentration,USD,200000,69530660845,2811.57426828,707.50165424,0,0,8206.78006245,12823.5159817,0.1809,especially_prior_driven_appendix_only
direct_trade_underperformance,probability_weighted,year_1,cause_directed_cash,biorisk_prevention,USD,200000,69530660845,1482.69685788,397.939209653,0,0,4287.11704861,6654.7293251,0.18092,especially_prior_driven_appendix_only
direct_trade_underperformance,probability_weighted,year_1,cause_directed_cash,space_governance,USD,200000,69530660845,774.822109404,211.061789127,0,0,2231.7075058,3468.92191463,0.180905,especially_prior_driven_appendix_only
direct_trade_underperformance,probability_weighted,year_1,cause_directed_cash,global_health,USD,200000,69530660845,4271.82708193,1096.23958948,0,0,12436.9734782,19380.5314793,0.180925,especially_prior_driven_appendix_only
direct_trade_underperformance,probability_weighted,year_1,cause_directed_cash,strategic_reasoning,USD,200000,69530660845,1075.26628455,299.709661813,0,0,3094.13230993,4804.13520431,0.18091,especially_prior_driven_appendix_only
direct_trade_underperformance,probability_weighted,year_1,cause_directed_cash,environmental_protection,USD,200000,69530660845,3500.77204084,890.191750378,0,0,10233.4327451,15833.0015675,0.18091,especially_prior_driven_appendix_only
direct_trade_underperformance,probability_weighted,year_1,ordinary_action_hours,factory_farming_reduction,hours,200000,69530660845,2.99853948612,0.16984046402,0,0,6.3316270228,13.6896694254,0.204755,especially_prior_driven_appendix_only
direct_trade_underperformance,probability_weighted,year_1,ordinary_action_hours,wild_animal_suffering,hours,200000,69530660845,0.330132344917,0.0181025696203,0,0,0.685145533864,1.49452366645,0.20576,especially_prior_driven_appendix_only
direct_trade_underperformance,probability_weighted,year_1,ordinary_action_hours,residual_existential_risk_prevention,hours,200000,69530660845,0.816517674553,0.0452027107292,0,0,1.70783813145,3.67623863102,0.20503,especially_prior_driven_appendix_only
direct_trade_underperformance,probability_weighted,year_1,ordinary_action_hours,preventing_extreme_power_concentration,hours,200000,69530660845,0.492927476274,0.0272782346999,0,0,1.03223624834,2.25189833995,0.20517,especially_prior_driven_appendix_only
direct_trade_underperformance,probability_weighted,year_1,ordinary_action_hours,biorisk_prevention,hours,200000,69530660845,0.550177767265,0.0301095028937,0,0,1.14879970649,2.47537051151,0.20496,especially_prior_driven_appendix_only
direct_trade_underperformance,probability_weighted,year_1,ordinary_action_hours,space_governance,hours,200000,69530660845,0.284283667987,0.0155913657535,0,0,0.590699618987,1.29123259525,0.205555,especially_prior_driven_appendix_only
direct_trade_underperformance,probability_weighted,year_1,ordinary_action_hours,global_health,hours,200000,69530660845,1.23008646201,0.0680963963246,0,0,2.59082527868,5.61705512743,0.205385,especially_prior_driven_appendix_only
direct_trade_underperformance,probability_weighted,year_1,ordinary_action_hours,strategic_reasoning,hours,200000,69530660845,0.761960766055,0.0419363076006,0,0,1.59003412112,3.41330528052,0.204975,especially_prior_driven_appendix_only
direct_trade_underperformance,probability_weighted,year_1,ordinary_action_hours,environmental_protection,hours,200000,69530660845,1.88281131735,0.104783501933,0,0,3.96505224619,8.51864685224,0.205655,especially_prior_driven_appendix_only
direct_trade_underperformance,probability_weighted,year_1,skilled_work_hours,factory_farming_reduction,hours,200000,69530660845,0.667586134154,0.0295818725063,0,0,1.29831911437,2.95900597248,0.20569,especially_prior_driven_appendix_only
direct_trade_underperformance,probability_weighted,year_1,skilled_work_hours,wild_animal_suffering,hours,200000,69530660845,0.102397091542,0.00442884228714,0,0,0.19700993308,0.449670488594,0.205915,especially_prior_driven_appendix_only
direct_trade_underperformance,probability_weighted,year_1,skilled_work_hours,residual_existential_risk_prevention,hours,200000,69530660845,0.25710069923,0.0112593715827,0,0,0.495615285931,1.13903497105,0.205025,especially_prior_driven_appendix_only
direct_trade_underperformance,probability_weighted,year_1,skilled_work_hours,preventing_extreme_power_concentration,hours,200000,69530660845,0.154282103447,0.00670303038162,0,0,0.296987991493,0.677448959359,0.20488,especially_prior_driven_appendix_only
direct_trade_underperformance,probability_weighted,year_1,skilled_work_hours,biorisk_prevention,hours,200000,69530660845,0.187831556386,0.00820855307936,0,0,0.361968035147,0.825159194409,0.20553,especially_prior_driven_appendix_only
direct_trade_underperformance,probability_weighted,year_1,skilled_work_hours,space_governance,hours,200000,69530660845,0.0961706774784,0.00413223490797,0,0,0.183679149143,0.422119462768,0.20528,especially_prior_driven_appendix_only
direct_trade_underperformance,probability_weighted,year_1,skilled_work_hours,global_health,hours,200000,69530660845,0.338231214792,0.0147758326593,0,0,0.654436790519,1.488619862,0.20585,especially_prior_driven_appendix_only
direct_trade_underperformance,probability_weighted,year_1,skilled_work_hours,strategic_reasoning,hours,200000,69530660845,0.221417509097,0.00969118806361,0,0,0.429180509054,0.973869579547,0.204995,especially_prior_driven_appendix_only
direct_trade_underperformance,probability_weighted,year_1,skilled_work_hours,environmental_protection,hours,200000,69530660845,0.418552772871,0.0183046394322,0,0,0.810579775914,1.83766360158,0.205655,especially_prior_driven_appendix_only
direct_trade_underperformance,probability_weighted,year_5_annual,cause_directed_cash,factory_farming_reduction,USD,200000,69530660845,26138.3874416,6311.91083335,0,0,76400.1645904,119588.8098,0.18091,especially_prior_driven_appendix_only
direct_trade_underperformance,probability_weighted,year_5_annual,cause_directed_cash,wild_animal_suffering,USD,200000,69530660845,5112.5401072,1247.49487812,0,0,14821.1748582,23400.8214072,0.180925,especially_prior_driven_appendix_only
direct_trade_underperformance,probability_weighted,year_5_annual,cause_directed_cash,residual_existential_risk_prevention,USD,200000,69530660845,16430.2498498,4068.11182239,0,0,47713.4121566,74830.9747573,0.180915,especially_prior_driven_appendix_only
direct_trade_underperformance,probability_weighted,year_5_annual,cause_directed_cash,preventing_extreme_power_concentration,USD,200000,69530660845,22979.8706232,5440.64956657,0,0,67440.8076965,106060.982727,0.1809,especially_prior_driven_appendix_only
direct_trade_underperformance,probability_weighted,year_5_annual,cause_directed_cash,biorisk_prevention,USD,200000,69530660845,11868.7613389,2874.01350574,0,0,34559.6485604,54353.9141083,0.18092,especially_prior_driven_appendix_only
direct_trade_underperformance,probability_weighted,year_5_annual,cause_directed_cash,space_governance,USD,200000,69530660845,6171.75323048,1508.71261789,0,0,17915.6075131,28182.2728959,0.180905,especially_prior_driven_appendix_only
direct_trade_underperformance,probability_weighted,year_5_annual,cause_directed_cash,global_health,USD,200000,69530660845,34768.1963845,8319.98892625,0,0,101774.880666,159781.869381,0.180925,especially_prior_driven_appendix_only
direct_trade_underperformance,probability_weighted,year_5_annual,cause_directed_cash,strategic_reasoning,USD,200000,69530660845,8485.67190783,2095.91828687,0,0,24607.1676705,38836.1751696,0.18091,especially_prior_driven_appendix_only
direct_trade_underperformance,probability_weighted,year_5_annual,cause_directed_cash,environmental_protection,USD,200000,69530660845,28564.1853948,6797.14719662,0,0,83835.5067712,130941.766656,0.18091,especially_prior_driven_appendix_only
direct_trade_underperformance,probability_weighted,year_5_annual,ordinary_action_hours,factory_farming_reduction,hours,200000,69530660845,25.1416003067,1.42404696755,0,0,53.088257345,114.782612874,0.204755,especially_prior_driven_appendix_only
direct_trade_underperformance,probability_weighted,year_5_annual,ordinary_action_hours,wild_animal_suffering,hours,200000,69530660845,2.76803273815,0.15178308374,0,0,5.74468178393,12.5310061264,0.20576,especially_prior_driven_appendix_only
direct_trade_underperformance,probability_weighted,year_5_annual,ordinary_action_hours,residual_existential_risk_prevention,hours,200000,69530660845,6.84618665586,0.379007343806,0,0,14.3195658714,30.8238469832,0.20503,especially_prior_driven_appendix_only
direct_trade_underperformance,probability_weighted,year_5_annual,ordinary_action_hours,preventing_extreme_power_concentration,hours,200000,69530660845,4.13300730107,0.22871750633,0,0,8.6549039284,18.8813014658,0.20517,especially_prior_driven_appendix_only
direct_trade_underperformance,probability_weighted,year_5_annual,ordinary_action_hours,biorisk_prevention,hours,200000,69530660845,4.61302897168,0.252456601186,0,0,9.63224369285,20.7550296734,0.20496,especially_prior_driven_appendix_only
direct_trade_underperformance,probability_weighted,year_5_annual,ordinary_action_hours,space_governance,hours,200000,69530660845,2.3836092162,0.130727605164,0,0,4.95278911305,10.8264886832,0.205555,especially_prior_driven_appendix_only
direct_trade_underperformance,probability_weighted,year_5_annual,ordinary_action_hours,global_health,hours,200000,69530660845,10.3138018738,0.57096209226,0,0,21.7230734905,47.0968468377,0.205385,especially_prior_driven_appendix_only
direct_trade_underperformance,probability_weighted,year_5_annual,ordinary_action_hours,strategic_reasoning,hours,200000,69530660845,6.38874796153,0.351619809882,0,0,13.331824554,28.6192519674,0.204975,especially_prior_driven_appendix_only
direct_trade_underperformance,probability_weighted,year_5_annual,ordinary_action_hours,environmental_protection,hours,200000,69530660845,15.7866487378,0.87856936236,0,0,33.2454380642,71.4255774534,0.205655,especially_prior_driven_appendix_only
direct_trade_underperformance,probability_weighted,year_5_annual,skilled_work_hours,factory_farming_reduction,hours,200000,69530660845,5.59745297098,0.248032623322,0,0,10.8859064204,24.8101270001,0.20569,especially_prior_driven_appendix_only
direct_trade_underperformance,probability_weighted,year_5_annual,skilled_work_hours,wild_animal_suffering,hours,200000,69530660845,0.858560229085,0.0371341391767,0,0,1.65185251583,3.77031409667,0.205915,especially_prior_driven_appendix_only
direct_trade_underperformance,probability_weighted,year_5_annual,skilled_work_hours,residual_existential_risk_prevention,hours,200000,69530660845,2.15569047816,0.0944055001936,0,0,4.15554355127,9.55037014184,0.205025,especially_prior_driven_appendix_only
direct_trade_underperformance,probability_weighted,year_5_annual,skilled_work_hours,preventing_extreme_power_concentration,hours,200000,69530660845,1.29359609813,0.0562023316613,0,0,2.49013008252,5.68014896694,0.20488,especially_prior_driven_appendix_only
direct_trade_underperformance,probability_weighted,year_5_annual,skilled_work_hours,biorisk_prevention,hours,200000,69530660845,1.57489535739,0.0688255604346,0,0,3.03496275623,6.9186424762,0.20553,especially_prior_driven_appendix_only
direct_trade_underperformance,probability_weighted,year_5_annual,skilled_work_hours,space_governance,hours,200000,69530660845,0.806354141934,0.0346472003822,0,0,1.54007901973,3.53930934167,0.20528,especially_prior_driven_appendix_only
direct_trade_underperformance,probability_weighted,year_5_annual,skilled_work_hours,global_health,hours,200000,69530660845,2.8359386471,0.123889673836,0,0,5.48720078205,12.4815049968,0.20585,especially_prior_driven_appendix_only
direct_trade_underperformance,probability_weighted,year_5_annual,skilled_work_hours,strategic_reasoning,hours,200000,69530660845,1.8565006532,0.0812568845333,0,0,3.59851349899,8.16552185928,0.204995,especially_prior_driven_appendix_only
direct_trade_underperformance,probability_weighted,year_5_annual,skilled_work_hours,environmental_protection,hours,200000,69530660845,3.50940401869,0.153477361393,0,0,6.79639965958,15.4081025055,0.205655,especially_prior_driven_appendix_only
direct_trade_underperformance,probability_weighted,five_year_cumulative,cause_directed_cash,factory_farming_reduction,USD,200000,69530660845,73380.7622154,17936.3906106,0,0,214298.986929,335388.211273,0.18091,especially_prior_driven_appendix_only
direct_trade_underperformance,probability_weighted,five_year_cumulative,cause_directed_cash,wild_animal_suffering,USD,200000,69530660845,14374.000211,3565.65951326,0,0,41605.1593126,65583.6291167,0.180925,especially_prior_driven_appendix_only
direct_trade_underperformance,probability_weighted,five_year_cumulative,cause_directed_cash,residual_existential_risk_prevention,USD,200000,69530660845,46214.9916732,11649.5390106,0,0,133907.708854,209830.410139,0.180915,especially_prior_driven_appendix_only
direct_trade_underperformance,probability_weighted,five_year_cumulative,cause_directed_cash,preventing_extreme_power_concentration,USD,200000,69530660845,64450.1463213,15389.3436216,0,0,188944.073058,296997.932823,0.1809,especially_prior_driven_appendix_only
direct_trade_underperformance,probability_weighted,five_year_cumulative,cause_directed_cash,biorisk_prevention,USD,200000,69530660845,33351.787999,8212.89515123,0,0,96932.8227873,152404.877597,0.18092,especially_prior_driven_appendix_only
direct_trade_underperformance,probability_weighted,five_year_cumulative,cause_directed_cash,space_governance,USD,200000,69530660845,17350.6229429,4314.33352528,0,0,50308.9412748,79017.192275,0.180905,especially_prior_driven_appendix_only
direct_trade_underperformance,probability_weighted,five_year_cumulative,cause_directed_cash,global_health,USD,200000,69530660845,97550.803144,23567.5407309,0,0,285258.886877,447710.997503,0.180925,especially_prior_driven_appendix_only
direct_trade_underperformance,probability_weighted,five_year_cumulative,cause_directed_cash,strategic_reasoning,USD,200000,69530660845,23877.5407373,6022.23401675,0,0,69062.6634509,108998.689591,0.18091,especially_prior_driven_appendix_only
direct_trade_underperformance,probability_weighted,five_year_cumulative,cause_directed_cash,environmental_protection,USD,200000,69530660845,80124.8310243,19227.1944934,0,0,235006.810777,366771.916945,0.18091,especially_prior_driven_appendix_only
direct_trade_underperformance,probability_weighted,five_year_cumulative,ordinary_action_hours,factory_farming_reduction,hours,200000,69530660845,70.3503494821,3.98471857892,0,0,148.549710919,321.180705749,0.204755,especially_prior_driven_appendix_only
direct_trade_underperformance,probability_weighted,five_year_cumulative,ordinary_action_hours,wild_animal_suffering,hours,200000,69530660845,7.74541270768,0.4247141334,0,0,16.0745682945,35.063824482,0.20576,especially_prior_driven_appendix_only
direct_trade_underperformance,probability_weighted,five_year_cumulative,ordinary_action_hours,residual_existential_risk_prevention,hours,200000,69530660845,19.156760826,1.06052513634,0,0,40.0685100071,86.2502140355,0.20503,especially_prior_driven_appendix_only
direct_trade_underperformance,probability_weighted,five_year_cumulative,ordinary_action_hours,preventing_extreme_power_concentration,hours,200000,69530660845,11.5648369434,0.639989352574,0,0,24.2178504419,52.8329995143,0.20517,especially_prior_driven_appendix_only
direct_trade_underperformance,probability_weighted,five_year_cumulative,ordinary_action_hours,biorisk_prevention,hours,200000,69530660845,12.9080168474,0.706415260199,0,0,26.9526084983,58.0760004622,0.20496,especially_prior_driven_appendix_only
direct_trade_underperformance,probability_weighted,five_year_cumulative,ordinary_action_hours,space_governance,hours,200000,69530660845,6.66973221047,0.365797427293,0,0,13.8587218301,30.2943031962,0.205555,especially_prior_driven_appendix_only
direct_trade_underperformance,probability_weighted,five_year_cumulative,ordinary_action_hours,global_health,hours,200000,69530660845,28.8597208395,1.59764622146,0,0,60.7847469228,131.784754913,0.205385,especially_prior_driven_appendix_only
direct_trade_underperformance,probability_weighted,five_year_cumulative,ordinary_action_hours,strategic_reasoning,hours,200000,69530660845,17.876771819,0.983890293705,0,0,37.3046466879,80.0813931199,0.204975,especially_prior_driven_appendix_only
direct_trade_underperformance,probability_weighted,five_year_cumulative,ordinary_action_hours,environmental_protection,hours,200000,69530660845,44.1736501378,2.45838216073,0,0,93.0262257761,199.860560764,0.205655,especially_prior_driven_appendix_only
direct_trade_underperformance,probability_weighted,five_year_cumulative,skilled_work_hours,factory_farming_reduction,hours,200000,69530660845,15.6625977628,0.69403623957,0,0,30.460563837,69.4228324314,0.20569,especially_prior_driven_appendix_only
direct_trade_underperformance,probability_weighted,five_year_cumulative,skilled_work_hours,wild_animal_suffering,hours,200000,69530660845,2.40239330157,0.10390745366,0,0,4.62215612227,10.5499614632,0.205915,especially_prior_driven_appendix_only
direct_trade_underperformance,probability_weighted,five_year_cumulative,skilled_work_hours,residual_existential_risk_prevention,hours,200000,69530660845,6.03197794348,0.264162179441,0,0,11.627897093,26.7235127822,0.205025,especially_prior_driven_appendix_only
direct_trade_underperformance,probability_weighted,five_year_cumulative,skilled_work_hours,preventing_extreme_power_concentration,hours,200000,69530660845,3.61969550394,0.157263405107,0,0,6.96779518503,15.8939948157,0.20488,especially_prior_driven_appendix_only
direct_trade_underperformance,probability_weighted,five_year_cumulative,skilled_work_hours,biorisk_prevention,hours,200000,69530660845,4.40681728445,0.192585283785,0,0,8.49232697844,19.3595041765,0.20553,especially_prior_driven_appendix_only
direct_trade_underperformance,probability_weighted,five_year_cumulative,skilled_work_hours,space_governance,hours,200000,69530660845,2.25631204853,0.0969485882254,0,0,4.30939542219,9.90357201109,0.20528,especially_prior_driven_appendix_only
direct_trade_underperformance,probability_weighted,five_year_cumulative,skilled_work_hours,global_health,hours,200000,69530660845,7.93542465473,0.346663766237,0,0,15.3540939314,34.9253121469,0.20585,especially_prior_driven_appendix_only
direct_trade_underperformance,probability_weighted,five_year_cumulative,skilled_work_hours,strategic_reasoning,hours,200000,69530660845,5.19479540573,0.227370181492,0,0,10.0692350201,22.8484785971,0.204995,especially_prior_driven_appendix_only
direct_trade_underperformance,probability_weighted,five_year_cumulative,skilled_work_hours,environmental_protection,hours,200000,69530660845,9.81989197889,0.429455002064,0,0,19.0174485887,43.1144152678,0.205655,especially_prior_driven_appendix_only
direct_trade_underperformance,probability_weighted,eoy5_annualized_run_rate,cause_directed_cash,factory_farming_reduction,USD,200000,69530660845,28775.1263593,6942.90578223,0,0,84147.2776081,131652.68636,0.18091,especially_prior_driven_appendix_only
direct_trade_underperformance,probability_weighted,eoy5_annualized_run_rate,cause_directed_cash,wild_animal_suffering,USD,200000,69530660845,5628.17461794,1370.65162604,0,0,16321.5087462,25767.6488012,0.180925,especially_prior_driven_appendix_only
direct_trade_underperformance,probability_weighted,eoy5_annualized_run_rate,cause_directed_cash,residual_existential_risk_prevention,USD,200000,69530660845,18087.166794,4470.93266898,0,0,52550.2325314,82401.5829972,0.180915,especially_prior_driven_appendix_only
direct_trade_underperformance,probability_weighted,eoy5_annualized_run_rate,cause_directed_cash,preventing_extreme_power_concentration,USD,200000,69530660845,25298.3725138,5986.81796066,0,0,74257.4723439,116766.612551,0.1809,especially_prior_driven_appendix_only
direct_trade_underperformance,probability_weighted,eoy5_annualized_run_rate,cause_directed_cash,biorisk_prevention,USD,200000,69530660845,13065.9363413,3160.5291176,0,0,38052.1385786,59853.2369322,0.18092,especially_prior_driven_appendix_only
direct_trade_underperformance,probability_weighted,eoy5_annualized_run_rate,cause_directed_cash,space_governance,USD,200000,69530660845,6794.24999115,1657.9530228,0,0,19727.9019181,31024.7447423,0.180905,especially_prior_driven_appendix_only
direct_trade_underperformance,probability_weighted,eoy5_annualized_run_rate,cause_directed_cash,global_health,USD,200000,69530660845,38275.641638,9159.10133769,0,0,112059.917761,175967.099878,0.180925,especially_prior_driven_appendix_only
direct_trade_underperformance,probability_weighted,eoy5_annualized_run_rate,cause_directed_cash,strategic_reasoning,USD,200000,69530660845,9341.37701687,2302.31443142,0,0,27095.8691849,42770.4903303,0.18091,especially_prior_driven_appendix_only
direct_trade_underperformance,probability_weighted,eoy5_annualized_run_rate,cause_directed_cash,environmental_protection,USD,200000,69530660845,31445.8358566,7480.21995953,0,0,92308.5525966,144171.230034,0.18091,especially_prior_driven_appendix_only
direct_trade_underperformance,probability_weighted,eoy5_annualized_run_rate,ordinary_action_hours,factory_farming_reduction,hours,200000,69530660845,27.6788260257,1.56775812941,0,0,58.4457879027,126.366179311,0.204755,especially_prior_driven_appendix_only
direct_trade_underperformance,probability_weighted,eoy5_annualized_run_rate,ordinary_action_hours,wild_animal_suffering,hours,200000,69530660845,3.04737549155,0.167100642649,0,0,6.32442031259,13.7956030749,0.20576,especially_prior_driven_appendix_only
direct_trade_underperformance,probability_weighted,eoy5_annualized_run_rate,ordinary_action_hours,residual_existential_risk_prevention,hours,200000,69530660845,7.53708622664,0.417255791346,0,0,15.7646596749,33.9345104402,0.20503,especially_prior_driven_appendix_only
direct_trade_underperformance,probability_weighted,eoy5_annualized_run_rate,ordinary_action_hours,preventing_extreme_power_concentration,hours,200000,69530660845,4.55009978099,0.251799089537,0,0,9.52833460007,20.7867539073,0.20517,especially_prior_driven_appendix_only
direct_trade_underperformance,probability_weighted,eoy5_annualized_run_rate,ordinary_action_hours,biorisk_prevention,hours,200000,69530660845,5.07856400552,0.277933872865,0,0,10.604304983,22.8495739524,0.20496,especially_prior_driven_appendix_only
direct_trade_underperformance,probability_weighted,eoy5_annualized_run_rate,ordinary_action_hours,space_governance,hours,200000,69530660845,2.62415693527,0.143920299263,0,0,5.45261186757,11.91907011,0.205555,especially_prior_driven_appendix_only
direct_trade_underperformance,probability_weighted,eoy5_annualized_run_rate,ordinary_action_hours,global_health,hours,200000,69530660845,11.3546442647,0.62858211992,0,0,23.9153102647,51.8497396378,0.205385,especially_prior_driven_appendix_only
direct_trade_underperformance,probability_weighted,eoy5_annualized_run_rate,ordinary_action_hours,strategic_reasoning,hours,200000,69530660845,7.03348399435,0.387104377851,0,0,14.6772380411,31.5074333586,0.204975,especially_prior_driven_appendix_only
direct_trade_underperformance,probability_weighted,eoy5_annualized_run_rate,ordinary_action_hours,environmental_protection,hours,200000,69530660845,17.3797967755,0.967232325534,0,0,36.6004822725,78.6336632514,0.205655,especially_prior_driven_appendix_only
direct_trade_underperformance,probability_weighted,eoy5_annualized_run_rate,skilled_work_hours,factory_farming_reduction,hours,200000,69530660845,6.16233354603,0.273063438519,0,0,11.9844841326,27.3139012845,0.20569,especially_prior_driven_appendix_only
direct_trade_underperformance,probability_weighted,eoy5_annualized_run_rate,skilled_work_hours,wild_animal_suffering,hours,200000,69530660845,0.945203921929,0.040881621112,0,0,1.81855322844,4.1508045101,0.205915,especially_prior_driven_appendix_only
direct_trade_underperformance,probability_weighted,eoy5_annualized_run_rate,skilled_work_hours,residual_existential_risk_prevention,hours,200000,69530660845,2.37323722366,0.103932660764,0,0,4.57491033167,10.5141689635,0.205025,especially_prior_driven_appendix_only
direct_trade_underperformance,probability_weighted,eoy5_annualized_run_rate,skilled_work_hours,preventing_extreme_power_concentration,hours,200000,69530660845,1.42414249335,0.0618741265996,0,0,2.74142761378,6.25337500947,0.20488,especially_prior_driven_appendix_only
direct_trade_underperformance,probability_weighted,eoy5_annualized_run_rate,skilled_work_hours,biorisk_prevention,hours,200000,69530660845,1.73382975126,0.0757712591941,0,0,3.34124340135,7.61685410224,0.20553,especially_prior_driven_appendix_only
direct_trade_underperformance,probability_weighted,eoy5_annualized_run_rate,skilled_work_hours,space_governance,hours,200000,69530660845,0.88772933057,0.0381437068428,0,0,1.69549983824,3.89648734863,0.20528,especially_prior_driven_appendix_only
direct_trade_underperformance,probability_weighted,eoy5_annualized_run_rate,skilled_work_hours,global_health,hours,200000,69530660845,3.12213429039,0.13639230147,0,0,6.04095498941,13.7411064184,0.20585,especially_prior_driven_appendix_only
direct_trade_underperformance,probability_weighted,eoy5_annualized_run_rate,skilled_work_hours,strategic_reasoning,hours,200000,69530660845,2.04385393012,0.0894571205872,0,0,3.96166623742,8.98956534966,0.204995,especially_prior_driven_appendix_only
direct_trade_underperformance,probability_weighted,eoy5_annualized_run_rate,skilled_work_hours,environmental_protection,hours,200000,69530660845,3.86356405727,0.168965902451,0,0,7.48227485459,16.9630486299,0.205655,especially_prior_driven_appendix_only
strong_network_repeat,conditional,year_1,cause_directed_cash,factory_farming_reduction,USD,200000,69520760829,13608.9975836,8820.09961849,786.261668383,1435.6593793,32131.6890012,42846.5451858,1.5e-05,especially_prior_driven_appendix_only
strong_network_repeat,conditional,year_1,cause_directed_cash,wild_animal_suffering,USD,200000,69520760829,2598.1817886,1688.64681721,157.814969071,284.006051101,6113.95517493,8132.14892269,3.5e-05,especially_prior_driven_appendix_only
strong_network_repeat,conditional,year_1,cause_directed_cash,residual_existential_risk_prevention,USD,200000,69520760829,8185.81185645,5401.95231208,513.252688604,916.591833381,19172.3885909,25432.6705005,2.5e-05,especially_prior_driven_appendix_only
strong_network_repeat,conditional,year_1,cause_directed_cash,preventing_extreme_power_concentration,USD,200000,69520760829,10852.1779736,7101.99486813,555.117145513,1072.74902334,25719.258494,33868.7351619,4e-05,especially_prior_driven_appendix_only
strong_network_repeat,conditional,year_1,cause_directed_cash,biorisk_prevention,USD,200000,69520760829,5876.34512053,3844.02663118,348.386314202,638.862306525,13857.1264148,18295.6393099,3e-05,especially_prior_driven_appendix_only
strong_network_repeat,conditional,year_1,cause_directed_cash,space_governance,USD,200000,69520760829,3056.73832305,1993.93710459,185.21264816,334.389903825,7191.27404644,9546.17165044,2.5e-05,especially_prior_driven_appendix_only
strong_network_repeat,conditional,year_1,cause_directed_cash,global_health,USD,200000,69520760829,16702.8257189,10989.9051392,922.722559601,1725.48495953,39467.0347134,52103.3156751,3.5e-05,especially_prior_driven_appendix_only
strong_network_repeat,conditional,year_1,cause_directed_cash,strategic_reasoning,USD,200000,69520760829,4449.19807139,2889.31802209,280.219089827,498.653958901,10448.0672301,13930.9469715,1.5e-05,especially_prior_driven_appendix_only
strong_network_repeat,conditional,year_1,cause_directed_cash,environmental_protection,USD,200000,69520760829,14079.0474272,9183.4103535,765.594938676,1448.48823099,33336.0525097,44205.1531073,5.5e-05,especially_prior_driven_appendix_only
strong_network_repeat,conditional,year_1,ordinary_action_hours,factory_farming_reduction,hours,200000,69520760829,52.2725067671,12.5179848523,0.106539364412,0.481897748481,130.167794582,228.48910309,0.030085,especially_prior_driven_appendix_only
strong_network_repeat,conditional,year_1,ordinary_action_hours,wild_animal_suffering,hours,200000,69520760829,5.76242598221,1.33656839927,0.0113799522519,0.051533185323,14.2641257037,25.1043784178,0.029715,especially_prior_driven_appendix_only
strong_network_repeat,conditional,year_1,ordinary_action_hours,residual_existential_risk_prevention,hours,200000,69520760829,14.3218908949,3.35132153218,0.0281215888213,0.128887984181,35.4645337024,62.4590073392,0.029915,especially_prior_driven_appendix_only
strong_network_repeat,conditional,year_1,ordinary_action_hours,preventing_extreme_power_concentration,hours,200000,69520760829,8.64848921159,2.00487084275,0.0166579857439,0.0770258654709,21.3741594442,37.6999343523,0.030375,especially_prior_driven_appendix_only
strong_network_repeat,conditional,year_1,ordinary_action_hours,biorisk_prevention,hours,200000,69520760829,9.57403267449,2.2365108988,0.0185359988121,0.0850075886965,23.7228941451,42.0350763251,0.03002,especially_prior_driven_appendix_only
strong_network_repeat,conditional,year_1,ordinary_action_hours,space_governance,hours,200000,69520760829,4.97456135469,1.15768076768,0.00953765538241,0.0439854207485,12.3168165252,21.7629203081,0.03031,especially_prior_driven_appendix_only
strong_network_repeat,conditional,year_1,ordinary_action_hours,global_health,hours,200000,69520760829,21.5523991949,5.07201376408,0.0435817162108,0.195094845175,53.2400550404,93.9512602841,0.029665,especially_prior_driven_appendix_only
strong_network_repeat,conditional,year_1,ordinary_action_hours,strategic_reasoning,hours,200000,69520760829,13.2354454096,3.09003494241,0.025805300022,0.119024603323,32.6895380302,57.6287580923,0.030145,especially_prior_driven_appendix_only
strong_network_repeat,conditional,year_1,ordinary_action_hours,environmental_protection,hours,200000,69520760829,32.9123078124,7.80087902855,0.0666136677569,0.30079394028,81.9101856701,143.000892194,0.02968,especially_prior_driven_appendix_only
strong_network_repeat,conditional,year_1,skilled_work_hours,factory_farming_reduction,hours,200000,69520760829,11.698431447,2.26697386622,0.0150365217507,0.0747076401136,27.9034307163,51.4684999124,0.029905,especially_prior_driven_appendix_only
strong_network_repeat,conditional,year_1,skilled_work_hours,wild_animal_suffering,hours,200000,69520760829,1.78390488278,0.339823424624,0.00228512237043,0.0111467520666,4.234888528,7.83055570238,0.029655,especially_prior_driven_appendix_only
strong_network_repeat,conditional,year_1,skilled_work_hours,residual_existential_risk_prevention,hours,200000,69520760829,4.4963953774,0.857779730948,0.00593729474134,0.0282175738363,10.7092696486,19.7535509962,0.02935,especially_prior_driven_appendix_only
strong_network_repeat,conditional,year_1,skilled_work_hours,preventing_extreme_power_concentration,hours,200000,69520760829,2.69967898335,0.514423779008,0.00344523661126,0.016598749297,6.44663400109,11.864950855,0.030095,especially_prior_driven_appendix_only
strong_network_repeat,conditional,year_1,skilled_work_hours,biorisk_prevention,hours,200000,69520760829,3.2935357413,0.624768089477,0.00419256579913,0.020397548245,7.83758810821,14.50291735,0.0299,especially_prior_driven_appendix_only
strong_network_repeat,conditional,year_1,skilled_work_hours,space_governance,hours,200000,69520760829,1.66884932904,0.317839352665,0.00220980549505,0.0104774638694,3.99208957496,7.34297153064,0.02917,especially_prior_driven_appendix_only
strong_network_repeat,conditional,year_1,skilled_work_hours,global_health,hours,200000,69520760829,5.91561517265,1.13148017859,0.00756916477287,0.0370417590775,14.070061178,25.9288280435,0.03001,especially_prior_driven_appendix_only
strong_network_repeat,conditional,year_1,skilled_work_hours,strategic_reasoning,hours,200000,69520760829,3.86892276553,0.740658265443,0.00503935801414,0.0243233744598,9.22451880526,17.0970936728,0.029675,especially_prior_driven_appendix_only
strong_network_repeat,conditional,year_1,skilled_work_hours,environmental_protection,hours,200000,69520760829,7.33270587581,1.40936305538,0.00933657862471,0.0462025941707,17.4919806469,32.1617909348,0.03003,especially_prior_driven_appendix_only
strong_network_repeat,conditional,year_5_annual,cause_directed_cash,factory_farming_reduction,USD,200000,69520760829,112095.113693,72013.9891863,5814.12338432,11032.5039823,266434.047149,356215.132451,1.5e-05,especially_prior_driven_appendix_only
strong_network_repeat,conditional,year_5_annual,cause_directed_cash,wild_animal_suffering,USD,200000,69520760829,21220.1931566,13602.4123095,1120.32620645,2108.09161539,50386.8264838,67193.5670717,3.5e-05,especially_prior_driven_appendix_only
strong_network_repeat,conditional,year_5_annual,cause_directed_cash,residual_existential_risk_prevention,USD,200000,69520760829,66625.4757218,43320.1048533,3564.26811014,6699.87323648,157697.763518,209667.275482,2.5e-05,especially_prior_driven_appendix_only
strong_network_repeat,conditional,year_5_annual,cause_directed_cash,preventing_extreme_power_concentration,USD,200000,69520760829,89750.5031823,58308.3878295,4082.57618907,8332.52677335,213870.206338,282225.301854,4e-05,especially_prior_driven_appendix_only
strong_network_repeat,conditional,year_5_annual,cause_directed_cash,biorisk_prevention,USD,200000,69520760829,48094.1892464,31103.7782311,2477.01563496,4778.74204956,114332.714554,151540.999162,3e-05,especially_prior_driven_appendix_only
strong_network_repeat,conditional,year_5_annual,cause_directed_cash,space_governance,USD,200000,69520760829,24950.6308453,16046.3436464,1293.40966777,2471.95237881,59272.3063158,78963.7439775,2.5e-05,especially_prior_driven_appendix_only
strong_network_repeat,conditional,year_5_annual,cause_directed_cash,global_health,USD,200000,69520760829,137858.816833,90054.0406504,6735.89384331,13350.1676634,327499.570978,433611.392984,3.5e-05,especially_prior_driven_appendix_only
strong_network_repeat,conditional,year_5_annual,cause_directed_cash,strategic_reasoning,USD,200000,69520760829,36200.317305,23144.1588521,1976.12864961,3677.76779773,85957.7922134,114929.167127,1.5e-05,especially_prior_driven_appendix_only
strong_network_repeat,conditional,year_5_annual,cause_directed_cash,environmental_protection,USD,200000,69520760829,116406.623261,75417.5591621,5740.26708907,11283.5390224,277011.806569,367910.622503,5.5e-05,especially_prior_driven_appendix_only
strong_network_repeat,conditional,year_5_annual,ordinary_action_hours,factory_farming_reduction,hours,200000,69520760829,438.284864432,104.958488377,0.893291593919,4.04052727573,1091.40689303,1915.79324899,0.030085,especially_prior_driven_appendix_only
strong_network_repeat,conditional,year_5_annual,ordinary_action_hours,wild_animal_suffering,hours,200000,69520760829,48.3157255432,11.2066119631,0.0954165227271,0.432085938478,119.599207823,210.490557503,0.029715,especially_prior_driven_appendix_only
strong_network_repeat,conditional,year_5_annual,ordinary_action_hours,residual_existential_risk_prevention,hours,200000,69520760829,120.083546734,28.0995420775,0.235788706271,1.08067617506,297.35647489,523.694753844,0.029915,especially_prior_driven_appendix_only
strong_network_repeat,conditional,year_5_annual,ordinary_action_hours,preventing_extreme_power_concentration,hours,200000,69520760829,72.5142556972,16.8100709123,0.139670803545,0.64583225664,179.214106109,316.099449569,0.030375,especially_prior_driven_appendix_only
strong_network_repeat,conditional,year_5_annual,ordinary_action_hours,biorisk_prevention,hours,200000,69520760829,80.2745816553,18.7522836899,0.155417220809,0.712755935994,198.907343217,352.447947649,0.03002,especially_prior_driven_appendix_only
strong_network_repeat,conditional,year_5_annual,ordinary_action_hours,space_governance,hours,200000,69520760829,41.7097836662,9.70670797517,0.0799695720526,0.368800835507,103.271769326,182.473716429,0.03031,especially_prior_driven_appendix_only
strong_network_repeat,conditional,year_5_annual,ordinary_action_hours,global_health,hours,200000,69520760829,180.708577865,42.5268846373,0.365415928229,1.63579524032,446.397384569,787.745182382,0.029665,especially_prior_driven_appendix_only
strong_network_repeat,conditional,year_5_annual,ordinary_action_hours,strategic_reasoning,hours,200000,69520760829,110.974119203,25.9087545171,0.216367515569,0.99797552017,274.089203484,483.194971697,0.030145,especially_prior_driven_appendix_only
strong_network_repeat,conditional,year_5_annual,ordinary_action_hours,environmental_protection,hours,200000,69520760829,275.957042427,65.4073703163,0.5585299835,2.52204149927,686.785402926,1199.0074807,0.02968,especially_prior_driven_appendix_only
strong_network_repeat,conditional,year_5_annual,skilled_work_hours,factory_farming_reduction,hours,200000,69520760829,98.0868482862,19.0077039552,0.126075451602,0.626394828645,233.959534467,431.543576189,0.029905,especially_prior_driven_appendix_only
strong_network_repeat,conditional,year_5_annual,skilled_work_hours,wild_animal_suffering,hours,200000,69520760829,14.9573563249,2.84928871415,0.0191598721829,0.0934612288665,35.507911504,65.6561978123,0.029655,especially_prior_driven_appendix_only
strong_network_repeat,conditional,year_5_annual,skilled_work_hours,residual_existential_risk_prevention,hours,200000,69520760829,37.7005458566,7.19215312872,0.0497819328312,0.236593503704,89.7931070535,165.625927584,0.02935,especially_prior_driven_appendix_only
strong_network_repeat,conditional,year_5_annual,skilled_work_hours,preventing_extreme_power_concentration,hours,200000,69520760829,22.6357699373,4.31324553168,0.0288869838944,0.139174128721,54.0525466245,99.4830494768,0.030095,especially_prior_driven_appendix_only
strong_network_repeat,conditional,year_5_annual,skilled_work_hours,biorisk_prevention,hours,200000,69520760829,27.6150304463,5.23844013485,0.0351530517004,0.171025596823,65.7151618303,121.601383935,0.0299,especially_prior_driven_appendix_only
strong_network_repeat,conditional,year_5_annual,skilled_work_hours,space_governance,hours,200000,69520760829,13.9926597588,2.66496072619,0.0185283691508,0.0878495047515,33.4721356669,61.5679920646,0.02917,especially_prior_driven_appendix_only
strong_network_repeat,conditional,year_5_annual,skilled_work_hours,global_health,hours,200000,69520760829,49.6001579861,9.4870261128,0.0634645354033,0.310580903034,117.972051415,217.403250519,0.03001,especially_prior_driven_appendix_only
strong_network_repeat,conditional,year_5_annual,skilled_work_hours,strategic_reasoning,hours,200000,69520760829,32.4394293418,6.21013468718,0.0422530787339,0.203942139701,77.3440422903,143.352554641,0.029675,especially_prior_driven_appendix_only
strong_network_repeat,conditional,year_5_annual,skilled_work_hours,environmental_protection,hours,200000,69520760829,61.4819184971,11.8169671567,0.0782836207764,0.387390981893,146.663530039,269.664247068,0.03003,especially_prior_driven_appendix_only
strong_network_repeat,conditional,five_year_cumulative,cause_directed_cash,factory_farming_reduction,USD,200000,69520760829,314069.342933,201914.740314,16493.8829311,31098.8152719,746123.971474,997472.482308,1.5e-05,especially_prior_driven_appendix_only
strong_network_repeat,conditional,five_year_cumulative,cause_directed_cash,wild_animal_suffering,USD,200000,69520760829,59492.3599836,38159.319439,3204.902476,5977.27896695,141116.468972,188185.268424,3.5e-05,especially_prior_driven_appendix_only
strong_network_repeat,conditional,five_year_cumulative,cause_directed_cash,residual_existential_risk_prevention,USD,200000,69520760829,186838.133502,121606.720511,10188.5172511,19008.0164274,441865.431008,587404.124323,2.5e-05,especially_prior_driven_appendix_only
strong_network_repeat,conditional,five_year_cumulative,cause_directed_cash,preventing_extreme_power_concentration,USD,200000,69520760829,251388.703806,163434.441931,11560.7648794,23453.0369757,598627.982121,790007.19721,4e-05,especially_prior_driven_appendix_only
strong_network_repeat,conditional,five_year_cumulative,cause_directed_cash,biorisk_prevention,USD,200000,69520760829,134814.548743,87259.2481287,7061.06778379,13524.6909739,320207.233057,424354.690258,3e-05,especially_prior_driven_appendix_only
strong_network_repeat,conditional,five_year_cumulative,cause_directed_cash,space_governance,USD,200000,69520760829,69954.0755803,45045.600478,3699.69393834,7007.30664583,166029.915559,221144.255408,2.5e-05,especially_prior_driven_appendix_only
strong_network_repeat,conditional,five_year_cumulative,cause_directed_cash,global_health,USD,200000,69520760829,386195.84149,252441.26599,19131.4971148,37608.787535,917051.847444,1214069.21291,3.5e-05,especially_prior_driven_appendix_only
strong_network_repeat,conditional,five_year_cumulative,cause_directed_cash,strategic_reasoning,USD,200000,69520760829,101518.293527,64962.5211334,5646.37196717,10412.5376428,240836.45557,321939.472909,1.5e-05,especially_prior_driven_appendix_only
strong_network_repeat,conditional,five_year_cumulative,cause_directed_cash,environmental_protection,USD,200000,69520760829,326057.105177,211321.89954,16252.5314382,31758.5085456,775480.164804,1029987.65758,5.5e-05,especially_prior_driven_appendix_only
strong_network_repeat,conditional,five_year_cumulative,ordinary_action_hours,factory_farming_reduction,hours,200000,69520760829,1226.393428,293.691183073,2.49957739583,11.3060625605,3053.93671903,5360.70588019,0.030085,especially_prior_driven_appendix_only
strong_network_repeat,conditional,five_year_cumulative,ordinary_action_hours,wild_animal_suffering,hours,200000,69520760829,135.195378813,31.3579509059,0.266991187447,1.2090478095,334.658333817,588.987339801,0.029715,especially_prior_driven_appendix_only
strong_network_repeat,conditional,five_year_cumulative,ordinary_action_hours,residual_existential_risk_prevention,hours,200000,69520760829,336.013594073,78.6271590241,0.65977573773,3.02391039809,832.05252148,1465.38440296,0.029915,especially_prior_driven_appendix_only
strong_network_repeat,conditional,five_year_cumulative,ordinary_action_hours,preventing_extreme_power_concentration,hours,200000,69520760829,202.906862272,47.0373543877,0.390821973223,1.80714530528,501.470663883,884.498459803,0.030375,especially_prior_driven_appendix_only
strong_network_repeat,conditional,five_year_cumulative,ordinary_action_hours,biorisk_prevention,hours,200000,69520760829,224.621535825,52.4719864719,0.434883049054,1.99440881173,556.575593405,986.207559936,0.03002,especially_prior_driven_appendix_only
strong_network_repeat,conditional,five_year_cumulative,ordinary_action_hours,space_governance,hours,200000,69520760829,116.710862552,27.1609718571,0.223768068587,1.03196564064,288.971464629,510.591591844,0.03031,especially_prior_driven_appendix_only
strong_network_repeat,conditional,five_year_cumulative,ordinary_action_hours,global_health,hours,200000,69520760829,505.65244265,118.997246003,1.0224941111,4.57722521373,1249.09359902,2204.24110667,0.029665,especially_prior_driven_appendix_only
strong_network_repeat,conditional,five_year_cumulative,ordinary_action_hours,strategic_reasoning,hours,200000,69520760829,310.523911532,72.4969736488,0.605432038977,2.79250030873,766.946853784,1352.05932447,0.030145,especially_prior_driven_appendix_only
strong_network_repeat,conditional,five_year_cumulative,ordinary_action_hours,environmental_protection,hours,200000,69520760829,772.173375599,183.020623362,1.56285912814,7.05708859887,1921.73897149,3355.02093225,0.02968,especially_prior_driven_appendix_only
strong_network_repeat,conditional,five_year_cumulative,skilled_work_hours,factory_farming_reduction,hours,200000,69520760829,274.463199333,53.1866945536,0.352779933381,1.7527561719,654.657412959,1207.53019025,0.029905,especially_prior_driven_appendix_only
strong_network_repeat,conditional,five_year_cumulative,skilled_work_hours,wild_animal_suffering,hours,200000,69520760829,41.8531530191,7.97278034694,0.0536124863832,0.261519952333,99.3570000799,183.716883787,0.029655,especially_prior_driven_appendix_only
strong_network_repeat,conditional,five_year_cumulative,skilled_work_hours,residual_existential_risk_prevention,hours,200000,69520760829,105.492353085,20.1248321492,0.139298068931,0.662027693851,251.255941755,463.44869645,0.02935,especially_prior_driven_appendix_only
strong_network_repeat,conditional,five_year_cumulative,skilled_work_hours,preventing_extreme_power_concentration,hours,200000,69520760829,63.3386223016,12.0691732767,0.0808305512642,0.389432195045,151.247951564,278.37000083,0.030095,especially_prior_driven_appendix_only
strong_network_repeat,conditional,five_year_cumulative,skilled_work_hours,biorisk_prevention,hours,200000,69520760829,77.2714154689,14.6580205608,0.0983640437488,0.478557862671,183.881874846,340.260753212,0.0299,especially_prior_driven_appendix_only
strong_network_repeat,conditional,five_year_cumulative,skilled_work_hours,space_governance,hours,200000,69520760829,39.1537727197,7.45700019714,0.0518454366147,0.245817421552,93.6605631048,172.277408988,0.02917,especially_prior_driven_appendix_only
strong_network_repeat,conditional,five_year_cumulative,skilled_work_hours,global_health,hours,200000,69520760829,138.789432897,26.5462657285,0.177584250441,0.86905665528,330.105281484,608.330196405,0.03001,especially_prior_driven_appendix_only
strong_network_repeat,conditional,five_year_cumulative,skilled_work_hours,strategic_reasoning,hours,200000,69520760829,90.7708802683,17.3769823815,0.11823109187,0.570663785403,216.421402739,401.124120785,0.029675,especially_prior_driven_appendix_only
strong_network_repeat,conditional,five_year_cumulative,skilled_work_hours,environmental_protection,hours,200000,69520760829,172.036560932,33.0658255302,0.219050498503,1.08398394016,410.388776716,754.565095008,0.03003,especially_prior_driven_appendix_only
strong_network_repeat,conditional,eoy5_annualized_run_rate,cause_directed_cash,factory_farming_reduction,USD,200000,69520760829,123417.488789,79290.3186725,6401.28014107,12144.6589451,293387.374922,392156.36261,1.5e-05,especially_prior_driven_appendix_only
strong_network_repeat,conditional,eoy5_annualized_run_rate,cause_directed_cash,wild_animal_suffering,USD,200000,69520760829,23364.4657817,14976.6557066,1232.56176729,2320.4965542,55481.4486248,73979.1128504,3.5e-05,especially_prior_driven_appendix_only
strong_network_repeat,conditional,eoy5_annualized_run_rate,cause_directed_cash,residual_existential_risk_prevention,USD,200000,69520760829,73358.9562599,47700.160113,3924.55659044,7376.84696932,173627.867059,230849.550591,2.5e-05,especially_prior_driven_appendix_only
strong_network_repeat,conditional,eoy5_annualized_run_rate,cause_directed_cash,preventing_extreme_power_concentration,USD,200000,69520760829,98813.9209872,64192.5372672,4490.46158907,9178.19986224,235452.130811,310717.864777,4e-05,especially_prior_driven_appendix_only
strong_network_repeat,conditional,eoy5_annualized_run_rate,cause_directed_cash,biorisk_prevention,USD,200000,69520760829,52953.4935666,34250.168851,2724.71453391,5263.19226857,125875.320799,166849.40991,3e-05,especially_prior_driven_appendix_only
strong_network_repeat,conditional,eoy5_annualized_run_rate,cause_directed_cash,space_governance,USD,200000,69520760829,27471.9250551,17669.841383,1422.58724367,2720.54234492,65259.6298284,86928.5629108,2.5e-05,especially_prior_driven_appendix_only
strong_network_repeat,conditional,eoy5_annualized_run_rate,cause_directed_cash,global_health,USD,200000,69520760829,151782.230513,99148.1774638,7418.41318711,14697.3713433,360550.992224,477297.382846,3.5e-05,especially_prior_driven_appendix_only
strong_network_repeat,conditional,eoy5_annualized_run_rate,cause_directed_cash,strategic_reasoning,USD,200000,69520760829,39859.0302674,25487.9351545,2173.82302431,4047.34344178,94631.8027484,126560.884409,1.5e-05,especially_prior_driven_appendix_only
strong_network_repeat,conditional,eoy5_annualized_run_rate,cause_directed_cash,environmental_protection,USD,200000,69520760829,128162.378263,83035.0754738,6321.61216079,12420.4580258,304970.998751,405067.884712,5.5e-05,especially_prior_driven_appendix_only
strong_network_repeat,conditional,eoy5_annualized_run_rate,ordinary_action_hours,factory_farming_reduction,hours,200000,69520760829,482.515447081,115.550629406,0.983440286884,4.44828690906,1201.54887306,2109.13018237,0.030085,especially_prior_driven_appendix_only
strong_network_repeat,conditional,eoy5_annualized_run_rate,ordinary_action_hours,wild_animal_suffering,hours,200000,69520760829,53.1916244512,12.3375544548,0.105045713094,0.475690941443,131.668852649,231.732723856,0.029715,especially_prior_driven_appendix_only
strong_network_repeat,conditional,eoy5_annualized_run_rate,ordinary_action_hours,residual_existential_risk_prevention,hours,200000,69520760829,132.202069799,30.9352756816,0.259583896812,1.18973523859,327.364926484,576.544683131,0.029915,especially_prior_driven_appendix_only
strong_network_repeat,conditional,eoy5_annualized_run_rate,ordinary_action_hours,preventing_extreme_power_concentration,hours,200000,69520760829,79.832208107,18.506500087,0.153766022252,0.711007988962,197.299933331,347.999394021,0.030375,especially_prior_driven_appendix_only
strong_network_repeat,conditional,eoy5_annualized_run_rate,ordinary_action_hours,biorisk_prevention,hours,200000,69520760829,88.3756862261,20.6447159889,0.171101527497,0.784685434122,218.98056134,388.016089155,0.03002,especially_prior_driven_appendix_only
strong_network_repeat,conditional,eoy5_annualized_run_rate,ordinary_action_hours,space_governance,hours,200000,69520760829,45.9190278894,10.6862840094,0.0880398958377,0.406019268448,113.693691002,200.888495152,0.03031,especially_prior_driven_appendix_only
strong_network_repeat,conditional,eoy5_annualized_run_rate,ordinary_action_hours,global_health,hours,200000,69520760829,198.945223338,46.8185885915,0.402292765023,1.80087549393,491.446661911,867.242402623,0.029665,especially_prior_driven_appendix_only
strong_network_repeat,conditional,eoy5_annualized_run_rate,ordinary_action_hours,strategic_reasoning,hours,200000,69520760829,122.173342242,28.5233994684,0.238202769434,1.09868864606,301.749581817,531.957767006,0.030145,especially_prior_driven_appendix_only
strong_network_repeat,conditional,eoy5_annualized_run_rate,ordinary_action_hours,environmental_protection,hours,200000,69520760829,303.805918268,72.0081141096,0.614895394679,2.77655944874,756.09402157,1320.00823564,0.02968,especially_prior_driven_appendix_only
strong_network_repeat,conditional,eoy5_annualized_run_rate,skilled_work_hours,factory_farming_reduction,hours,200000,69520760829,107.985521049,20.9259126112,0.138798662314,0.689608985664,257.570129689,475.093845345,0.029905,especially_prior_driven_appendix_only
strong_network_repeat,conditional,eoy5_annualized_run_rate,skilled_work_hours,wild_animal_suffering,hours,200000,69520760829,16.4668143026,3.13683161191,0.0210934372655,0.102893096,39.09127872,72.2820526374,0.029655,especially_prior_driven_appendix_only
strong_network_repeat,conditional,eoy5_annualized_run_rate,skilled_work_hours,residual_existential_risk_prevention,hours,200000,69520760829,41.5051880991,7.91796674722,0.0548057976124,0.260469912335,98.8547967562,182.340470734,0.02935,especially_prior_driven_appendix_only
strong_network_repeat,conditional,eoy5_annualized_run_rate,skilled_work_hours,preventing_extreme_power_concentration,hours,200000,69520760829,24.9201136924,4.74852719085,0.031802184104,0.15321922428,59.5073907793,109.522623277,0.030095,especially_prior_driven_appendix_only
strong_network_repeat,conditional,eoy5_annualized_run_rate,skilled_work_hours,biorisk_prevention,hours,200000,69520760829,30.4018683812,5.76709005671,0.0387006073766,0.188285060723,72.3469671527,133.873083231,0.0299,especially_prior_driven_appendix_only
strong_network_repeat,conditional,eoy5_annualized_run_rate,skilled_work_hours,space_governance,hours,200000,69520760829,15.4047630373,2.93390171691,0.0203982045697,0.0967150511026,36.850057615,67.7812756674,0.02917,especially_prior_driven_appendix_only
strong_network_repeat,conditional,eoy5_annualized_run_rate,skilled_work_hours,global_health,hours,200000,69520760829,54.6056785168,10.4444324178,0.0698692132881,0.341923929946,129.877487797,239.343028094,0.03001,especially_prior_driven_appendix_only
strong_network_repeat,conditional,eoy5_annualized_run_rate,skilled_work_hours,strategic_reasoning,hours,200000,69520760829,35.7131332203,6.83684552717,0.0465171508997,0.224523456552,85.1494043562,157.81932621,0.029675,especially_prior_driven_appendix_only
strong_network_repeat,conditional,eoy5_annualized_run_rate,skilled_work_hours,environmental_protection,hours,200000,69520760829,67.6865157767,13.0095051266,0.0861838026896,0.426485484653,161.464436741,296.878070167,0.03003,especially_prior_driven_appendix_only
strong_network_repeat,probability_weighted,year_1,cause_directed_cash,factory_farming_reduction,USD,200000,69530760848,6148.20555387,1794.35903742,0,0,18114.1570858,27033.8294587,0.181125,especially_prior_driven_appendix_only
strong_network_repeat,probability_weighted,year_1,cause_directed_cash,wild_animal_suffering,USD,200000,69530760848,1175.02747623,351.849324541,0,0,3435.58170844,5146.96498993,0.1811,especially_prior_driven_appendix_only
strong_network_repeat,probability_weighted,year_1,cause_directed_cash,residual_existential_risk_prevention,USD,200000,69530760848,3721.06877756,1130.87569029,0,0,10875.6394202,16243.5780655,0.1811,especially_prior_driven_appendix_only
strong_network_repeat,probability_weighted,year_1,cause_directed_cash,preventing_extreme_power_concentration,USD,200000,69530760848,4891.96707585,1398.23410432,0,0,14443.5579464,21592.3509951,0.1811,especially_prior_driven_appendix_only
strong_network_repeat,probability_weighted,year_1,cause_directed_cash,biorisk_prevention,USD,200000,69530760848,2666.41678335,793.003076232,0,0,7816.99874751,11687.8051315,0.18111,especially_prior_driven_appendix_only
strong_network_repeat,probability_weighted,year_1,cause_directed_cash,space_governance,USD,200000,69530760848,1383.09339286,414.581875689,0,0,4044.07179624,6051.4792996,0.181105,especially_prior_driven_appendix_only
strong_network_repeat,probability_weighted,year_1,cause_directed_cash,global_health,USD,200000,69530760848,7538.48356998,2197.02938486,0,0,22250.3551218,33383.2521645,0.181105,especially_prior_driven_appendix_only
strong_network_repeat,probability_weighted,year_1,cause_directed_cash,strategic_reasoning,USD,200000,69530760848,2020.36337859,610.121403751,0,0,5892.0620672,8800.0851334,0.181115,especially_prior_driven_appendix_only
strong_network_repeat,probability_weighted,year_1,cause_directed_cash,environmental_protection,USD,200000,69530760848,6354.02326071,1829.1561156,0,0,18751.1774319,28007.5274276,0.18111,especially_prior_driven_appendix_only
strong_network_repeat,probability_weighted,year_1,ordinary_action_hours,factory_farming_reduction,hours,200000,69530760848,23.1350570385,1.67875306172,0,0,53.9734757934,109.855457441,0.205365,especially_prior_driven_appendix_only
strong_network_repeat,probability_weighted,year_1,ordinary_action_hours,wild_animal_suffering,hours,200000,69530760848,2.54788245956,0.178355545773,0,0,5.83282774325,11.992248775,0.20576,especially_prior_driven_appendix_only
strong_network_repeat,probability_weighted,year_1,ordinary_action_hours,residual_existential_risk_prevention,hours,200000,69530760848,6.35780109789,0.444448516189,0,0,14.5669693389,29.6696368072,0.20579,especially_prior_driven_appendix_only
strong_network_repeat,probability_weighted,year_1,ordinary_action_hours,preventing_extreme_power_concentration,hours,200000,69530760848,3.81877711766,0.268360771298,0,0,8.7868000055,18.0098946797,0.20558,especially_prior_driven_appendix_only
strong_network_repeat,probability_weighted,year_1,ordinary_action_hours,biorisk_prevention,hours,200000,69530760848,4.23528545941,0.297210320657,0,0,9.78200503671,19.8133575711,0.20602,especially_prior_driven_appendix_only
strong_network_repeat,probability_weighted,year_1,ordinary_action_hours,space_governance,hours,200000,69530760848,2.20553389745,0.153950344513,0,0,5.0812166918,10.3638160527,0.205795,especially_prior_driven_appendix_only
strong_network_repeat,probability_weighted,year_1,ordinary_action_hours,global_health,hours,200000,69530760848,9.55276134996,0.669464760283,0,0,22.0264630905,44.9801930699,0.20549,especially_prior_driven_appendix_only
strong_network_repeat,probability_weighted,year_1,ordinary_action_hours,strategic_reasoning,hours,200000,69530760848,5.87845242999,0.411478625932,0,0,13.5642984669,27.6144971584,0.205655,especially_prior_driven_appendix_only
strong_network_repeat,probability_weighted,year_1,ordinary_action_hours,environmental_protection,hours,200000,69530760848,14.5944355088,1.03311731415,0,0,33.8332441815,68.8046735166,0.20564,especially_prior_driven_appendix_only
strong_network_repeat,probability_weighted,year_1,skilled_work_hours,factory_farming_reduction,hours,200000,69530760848,5.18227981258,0.296289740418,0,0,11.0548699042,23.5507246632,0.20583,especially_prior_driven_appendix_only
strong_network_repeat,probability_weighted,year_1,skilled_work_hours,wild_animal_suffering,hours,200000,69530760848,0.795639133125,0.0441809211201,0,0,1.6825856012,3.59207497509,0.20599,especially_prior_driven_appendix_only
strong_network_repeat,probability_weighted,year_1,skilled_work_hours,residual_existential_risk_prevention,hours,200000,69530760848,1.98200449799,0.11203108024,0,0,4.1883400792,9.03191346873,0.20551,especially_prior_driven_appendix_only
strong_network_repeat,probability_weighted,year_1,skilled_work_hours,preventing_extreme_power_concentration,hours,200000,69530760848,1.19762286698,0.0667401567254,0,0,2.52274577711,5.45890248215,0.206205,especially_prior_driven_appendix_only
strong_network_repeat,probability_weighted,year_1,skilled_work_hours,biorisk_prevention,hours,200000,69530760848,1.45439751231,0.0813623403075,0,0,3.08463111374,6.62823658789,0.20586,especially_prior_driven_appendix_only
strong_network_repeat,probability_weighted,year_1,skilled_work_hours,space_governance,hours,200000,69530760848,0.740861925299,0.0415198955408,0,0,1.56889721405,3.35886877243,0.205265,especially_prior_driven_appendix_only
strong_network_repeat,probability_weighted,year_1,skilled_work_hours,global_health,hours,200000,69530760848,2.62475222027,0.146863270473,0,0,5.55921828612,12.0369634998,0.205885,especially_prior_driven_appendix_only
strong_network_repeat,probability_weighted,year_1,skilled_work_hours,strategic_reasoning,hours,200000,69530760848,1.72049032413,0.0966834554555,0,0,3.63695206472,7.8076246272,0.206135,especially_prior_driven_appendix_only
strong_network_repeat,probability_weighted,year_1,skilled_work_hours,environmental_protection,hours,200000,69530760848,3.25906730841,0.185050113336,0,0,6.92490302706,14.7898497644,0.205265,especially_prior_driven_appendix_only
strong_network_repeat,probability_weighted,year_5_annual,cause_directed_cash,factory_farming_reduction,USD,200000,69530760848,50883.3767971,14155.7096994,0,0,150805.383297,226124.371165,0.181125,especially_prior_driven_appendix_only
strong_network_repeat,probability_weighted,year_5_annual,cause_directed_cash,wild_animal_suffering,USD,200000,69530760848,9609.75574775,2687.10275567,0,0,28309.0568236,42782.1816641,0.1811,especially_prior_driven_appendix_only
strong_network_repeat,probability_weighted,year_5_annual,cause_directed_cash,residual_existential_risk_prevention,USD,200000,69530760848,30299.877531,8547.4490719,0,0,89407.7258408,134423.881568,0.1811,especially_prior_driven_appendix_only
strong_network_repeat,probability_weighted,year_5_annual,cause_directed_cash,preventing_extreme_power_concentration,USD,200000,69530760848,40707.7066745,11213.0471573,0,0,120896.07311,181040.324347,0.1811,especially_prior_driven_appendix_only
strong_network_repeat,probability_weighted,year_5_annual,cause_directed_cash,biorisk_prevention,USD,200000,69530760848,21874.8909233,6115.08360697,0,0,64596.9186008,97388.4197462,0.18111,especially_prior_driven_appendix_only
strong_network_repeat,probability_weighted,year_5_annual,cause_directed_cash,space_governance,USD,200000,69530760848,11305.1010337,3169.64002506,0,0,33301.6954221,50066.8370824,0.181105,especially_prior_driven_appendix_only
strong_network_repeat,probability_weighted,year_5_annual,cause_directed_cash,global_health,USD,200000,69530760848,62547.1567115,17481.6423656,0,0,185480.807914,279857.004819,0.181105,especially_prior_driven_appendix_only
strong_network_repeat,probability_weighted,year_5_annual,cause_directed_cash,strategic_reasoning,USD,200000,69530760848,16442.7989426,4618.16029557,0,0,48422.8040836,72848.3673556,0.181115,especially_prior_driven_appendix_only
strong_network_repeat,probability_weighted,year_5_annual,cause_directed_cash,environmental_protection,USD,200000,69530760848,52848.3865741,14660.7040781,0,0,156655.213132,234743.675254,0.18111,especially_prior_driven_appendix_only
strong_network_repeat,probability_weighted,year_5_annual,ordinary_action_hours,factory_farming_reduction,hours,200000,69530760848,196.244120288,14.2728474868,0,0,458.174698108,932.890452577,0.205365,especially_prior_driven_appendix_only
strong_network_repeat,probability_weighted,year_5_annual,ordinary_action_hours,wild_animal_suffering,hours,200000,69530760848,21.6122476575,1.51706118511,0,0,49.5254004015,101.722493852,0.20576,especially_prior_driven_appendix_only
strong_network_repeat,probability_weighted,year_5_annual,ordinary_action_hours,residual_existential_risk_prevention,hours,200000,69530760848,53.929589095,3.77881332608,0,0,123.690721876,251.890739578,0.20579,especially_prior_driven_appendix_only
strong_network_repeat,probability_weighted,year_5_annual,ordinary_action_hours,preventing_extreme_power_concentration,hours,200000,69530760848,32.392868364,2.28117197905,0,0,74.6192912691,152.847549431,0.20558,especially_prior_driven_appendix_only
strong_network_repeat,probability_weighted,year_5_annual,ordinary_action_hours,biorisk_prevention,hours,200000,69530760848,35.9263688547,2.52825625811,0,0,83.105075976,168.066919906,0.20602,especially_prior_driven_appendix_only
strong_network_repeat,probability_weighted,year_5_annual,ordinary_action_hours,space_governance,hours,200000,69530760848,18.7081542558,1.31028614899,0,0,43.1299155198,87.9170088838,0.205795,especially_prior_driven_appendix_only
strong_network_repeat,probability_weighted,year_5_annual,ordinary_action_hours,global_health,hours,200000,69530760848,81.0307619208,5.69290934441,0,0,186.905163763,381.643278492,0.20549,especially_prior_driven_appendix_only
strong_network_repeat,probability_weighted,year_5_annual,ordinary_action_hours,strategic_reasoning,hours,200000,69530760848,49.8637293475,3.49964197113,0,0,115.159534681,234.29601262,0.205655,especially_prior_driven_appendix_only
strong_network_repeat,probability_weighted,year_5_annual,ordinary_action_hours,environmental_protection,hours,200000,69530760848,123.796313653,8.78605880244,0,0,287.340553031,584.058597095,0.20564,especially_prior_driven_appendix_only
strong_network_repeat,probability_weighted,year_5_annual,skilled_work_hours,factory_farming_reduction,hours,200000,69530760848,43.9599865613,2.52052784939,0,0,93.7683481515,200.024767158,0.20583,especially_prior_driven_appendix_only
strong_network_repeat,probability_weighted,year_5_annual,skilled_work_hours,wild_animal_suffering,hours,200000,69530760848,6.74916297502,0.375871745956,0,0,14.2857920101,30.4789304988,0.20599,especially_prior_driven_appendix_only
strong_network_repeat,probability_weighted,year_5_annual,skilled_work_hours,residual_existential_risk_prevention,hours,200000,69530760848,16.8128036341,0.952596813596,0,0,35.5467394842,76.6359696468,0.20551,especially_prior_driven_appendix_only
strong_network_repeat,probability_weighted,year_5_annual,skilled_work_hours,preventing_extreme_power_concentration,hours,200000,69530760848,10.1589729457,0.567510283569,0,0,21.4033042477,46.3163663681,0.206205,especially_prior_driven_appendix_only
strong_network_repeat,probability_weighted,year_5_annual,skilled_work_hours,biorisk_prevention,hours,200000,69530760848,12.337312003,0.691895967804,0,0,26.2052638824,56.2570770534,0.20586,especially_prior_driven_appendix_only
strong_network_repeat,probability_weighted,year_5_annual,skilled_work_hours,space_governance,hours,200000,69530760848,6.28453401323,0.352993997411,0,0,13.3144899593,28.518083195,0.205265,especially_prior_driven_appendix_only
strong_network_repeat,probability_weighted,year_5_annual,skilled_work_hours,global_health,hours,200000,69530760848,22.2649203565,1.24932672279,0,0,47.2291507302,102.143713536,0.205885,especially_prior_driven_appendix_only
strong_network_repeat,probability_weighted,year_5_annual,skilled_work_hours,strategic_reasoning,hours,200000,69530760848,14.5943452643,0.822012487067,0,0,30.8869219651,66.2375352533,0.206135,especially_prior_driven_appendix_only
strong_network_repeat,probability_weighted,year_5_annual,skilled_work_hours,environmental_protection,hours,200000,69530760848,27.6455632357,1.57351574033,0,0,58.8108943734,125.460439514,0.205265,especially_prior_driven_appendix_only
strong_network_repeat,probability_weighted,five_year_cumulative,cause_directed_cash,factory_farming_reduction,USD,200000,69530760848,142204.141988,39764.6581704,0,0,421194.031801,631240.095156,0.181125,especially_prior_driven_appendix_only
strong_network_repeat,probability_weighted,five_year_cumulative,cause_directed_cash,wild_animal_suffering,USD,200000,69530760848,26885.04759,7587.23368369,0,0,79116.2056767,119530.203288,0.1811,especially_prior_driven_appendix_only
strong_network_repeat,probability_weighted,five_year_cumulative,cause_directed_cash,residual_existential_risk_prevention,USD,200000,69530760848,84803.736434,24175.5279847,0,0,249936.741141,375643.745522,0.1811,especially_prior_driven_appendix_only
strong_network_repeat,probability_weighted,five_year_cumulative,cause_directed_cash,preventing_extreme_power_concentration,USD,200000,69530760848,113710.815086,31445.0326032,0,0,337355.500201,505458.316259,0.1811,especially_prior_driven_appendix_only
strong_network_repeat,probability_weighted,five_year_cumulative,cause_directed_cash,biorisk_prevention,USD,200000,69530760848,61181.8407376,17252.9459807,0,0,180500.144686,271938.907304,0.18111,especially_prior_driven_appendix_only
strong_network_repeat,probability_weighted,five_year_cumulative,cause_directed_cash,space_governance,USD,200000,69530760848,31630.041937,8952.42451524,0,0,93039.1200676,139919.657849,0.181105,especially_prior_driven_appendix_only
strong_network_repeat,probability_weighted,five_year_cumulative,cause_directed_cash,global_health,USD,200000,69530760848,174761.479168,49079.2518082,0,0,517875.076904,781375.974797,0.181105,especially_prior_driven_appendix_only
strong_network_repeat,probability_weighted,five_year_cumulative,cause_directed_cash,strategic_reasoning,USD,200000,69530760848,46021.6363524,13020.5321152,0,0,135342.217228,203399.303803,0.181115,especially_prior_driven_appendix_only
strong_network_repeat,probability_weighted,five_year_cumulative,cause_directed_cash,environmental_protection,USD,200000,69530760848,147629.354719,41130.2786596,0,0,437218.219667,655486.485916,0.18111,especially_prior_driven_appendix_only
strong_network_repeat,probability_weighted,five_year_cumulative,ordinary_action_hours,factory_farming_reduction,hours,200000,69530760848,547.201491652,39.7677590407,0,0,1277.08647171,2599.57211916,0.205365,especially_prior_driven_appendix_only
strong_network_repeat,probability_weighted,five_year_cumulative,ordinary_action_hours,wild_animal_suffering,hours,200000,69530760848,60.263221602,4.22715415766,0,0,138.063290275,283.530601464,0.20576,especially_prior_driven_appendix_only
strong_network_repeat,probability_weighted,five_year_cumulative,ordinary_action_hours,residual_existential_risk_prevention,hours,200000,69530760848,150.376347081,10.5307374823,0,0,344.789477057,702.007426712,0.20579,especially_prior_driven_appendix_only
strong_network_repeat,probability_weighted,five_year_cumulative,ordinary_action_hours,preventing_extreme_power_concentration,hours,200000,69530760848,90.3234067312,6.35802547979,0,0,208.048715081,426.038463601,0.20558,especially_prior_driven_appendix_only
strong_network_repeat,probability_weighted,five_year_cumulative,ordinary_action_hours,biorisk_prevention,hours,200000,69530760848,100.175721597,7.04263519049,0,0,231.619796861,468.574035694,0.20602,especially_prior_driven_appendix_only
strong_network_repeat,probability_weighted,five_year_cumulative,ordinary_action_hours,space_governance,hours,200000,69530760848,52.1656111341,3.64906934103,0,0,120.304648953,245.105472536,0.205795,especially_prior_driven_appendix_only
strong_network_repeat,probability_weighted,five_year_cumulative,ordinary_action_hours,global_health,hours,200000,69530760848,225.944664239,15.8606025713,0,0,520.938682478,1063.98151578,0.20549,especially_prior_driven_appendix_only
strong_network_repeat,probability_weighted,five_year_cumulative,ordinary_action_hours,strategic_reasoning,hours,200000,69530760848,139.039007082,9.75143410778,0,0,321.046953497,653.276280333,0.205655,especially_prior_driven_appendix_only
strong_network_repeat,probability_weighted,five_year_cumulative,ordinary_action_hours,environmental_protection,hours,200000,69530760848,345.191419878,24.4754636452,0,0,801.161654899,1627.08902847,0.20564,especially_prior_driven_appendix_only
strong_network_repeat,probability_weighted,five_year_cumulative,skilled_work_hours,factory_farming_reduction,hours,200000,69530760848,122.575770765,7.02019669,0,0,261.447228962,557.639673283,0.20583,especially_prior_driven_appendix_only
strong_network_repeat,probability_weighted,five_year_cumulative,skilled_work_hours,wild_animal_suffering,hours,200000,69530760848,18.819071732,1.04724384533,0,0,39.8177531811,84.9745982802,0.20599,especially_prior_driven_appendix_only
strong_network_repeat,probability_weighted,five_year_cumulative,skilled_work_hours,residual_existential_risk_prevention,hours,200000,69530760848,46.8800168425,2.65425112218,0,0,99.1015628556,213.711557954,0.20551,especially_prior_driven_appendix_only
strong_network_repeat,probability_weighted,five_year_cumulative,skilled_work_hours,preventing_extreme_power_concentration,hours,200000,69530760848,28.3269001354,1.5814671127,0,0,59.6792950636,129.091558578,0.206205,especially_prior_driven_appendix_only
strong_network_repeat,probability_weighted,five_year_cumulative,skilled_work_hours,biorisk_prevention,hours,200000,69530760848,34.400727217,1.92797797007,0,0,73.0537056116,156.856850023,0.20586,especially_prior_driven_appendix_only
strong_network_repeat,probability_weighted,five_year_cumulative,skilled_work_hours,space_governance,hours,200000,69530760848,17.5234904466,0.983395523421,0,0,37.12775516,79.5088784288,0.205265,especially_prior_driven_appendix_only
strong_network_repeat,probability_weighted,five_year_cumulative,skilled_work_hours,global_health,hours,200000,69530760848,62.0825430345,3.48044436878,0,0,131.623507916,284.830626824,0.205885,especially_prior_driven_appendix_only
strong_network_repeat,probability_weighted,five_year_cumulative,skilled_work_hours,strategic_reasoning,hours,200000,69530760848,40.6942484488,2.29044526652,0,0,86.1023921443,184.656522726,0.206135,especially_prior_driven_appendix_only
strong_network_repeat,probability_weighted,five_year_cumulative,skilled_work_hours,environmental_protection,hours,200000,69530760848,77.0857879175,4.38340445958,0,0,163.916003373,349.80010005,0.205265,especially_prior_driven_appendix_only
strong_network_repeat,probability_weighted,eoy5_annualized_run_rate,cause_directed_cash,factory_farming_reduction,USD,200000,69530760848,56018.3985624,15575.9358418,0,0,166004.944406,248963.920611,0.181125,especially_prior_driven_appendix_only
strong_network_repeat,probability_weighted,eoy5_annualized_run_rate,cause_directed_cash,wild_animal_suffering,USD,200000,69530760848,10579.5700239,2957.8927327,0,0,31166.8340071,47106.8934616,0.1811,especially_prior_driven_appendix_only
strong_network_repeat,probability_weighted,eoy5_annualized_run_rate,cause_directed_cash,residual_existential_risk_prevention,USD,200000,69530760848,33357.9365425,9402.2997319,0,0,98442.8955775,148056.039009,0.1811,especially_prior_driven_appendix_only
strong_network_repeat,probability_weighted,eoy5_annualized_run_rate,cause_directed_cash,preventing_extreme_power_concentration,USD,200000,69530760848,44815.8181438,12342.1190747,0,0,133103.458237,199295.952777,0.1811,especially_prior_driven_appendix_only
strong_network_repeat,probability_weighted,eoy5_annualized_run_rate,cause_directed_cash,biorisk_prevention,USD,200000,69530760848,24082.5175343,6729.69549901,0,0,71142.8785868,107214.497476,0.18111,especially_prior_driven_appendix_only
strong_network_repeat,probability_weighted,eoy5_annualized_run_rate,cause_directed_cash,space_governance,USD,200000,69530760848,12446.0146178,3488.53972923,0,0,36664.4653302,55138.1185416,0.181105,especially_prior_driven_appendix_only
strong_network_repeat,probability_weighted,eoy5_annualized_run_rate,cause_directed_cash,global_health,USD,200000,69530760848,68859.3539908,19241.6939821,0,0,204220.922548,308138.216769,0.181105,especially_prior_driven_appendix_only
strong_network_repeat,probability_weighted,eoy5_annualized_run_rate,cause_directed_cash,strategic_reasoning,USD,200000,69530760848,18102.1912955,5078.72045973,0,0,53313.4790167,80230.6243753,0.181115,especially_prior_driven_appendix_only
strong_network_repeat,probability_weighted,eoy5_annualized_run_rate,cause_directed_cash,environmental_protection,USD,200000,69530760848,58181.7649052,16131.4860536,0,0,172456.387805,258450.483366,0.18111,especially_prior_driven_appendix_only
strong_network_repeat,probability_weighted,eoy5_annualized_run_rate,ordinary_action_hours,factory_farming_reduction,hours,200000,69530760848,216.048572795,15.713226591,0,0,504.412511678,1027.03536064,0.205365,especially_prior_driven_appendix_only
strong_network_repeat,probability_weighted,eoy5_annualized_run_rate,ordinary_action_hours,wild_animal_suffering,hours,200000,69530760848,23.7933001734,1.67015910288,0,0,54.5233765888,111.988066626,0.20576,especially_prior_driven_appendix_only
strong_network_repeat,probability_weighted,eoy5_annualized_run_rate,ordinary_action_hours,residual_existential_risk_prevention,hours,200000,69530760848,59.3720246917,4.1601614599,0,0,136.17327179,277.310905957,0.20579,especially_prior_driven_appendix_only
strong_network_repeat,probability_weighted,eoy5_annualized_run_rate,ordinary_action_hours,preventing_extreme_power_concentration,hours,200000,69530760848,35.6618734282,2.51138199528,0,0,82.1496784614,168.272531483,0.20558,especially_prior_driven_appendix_only
strong_network_repeat,probability_weighted,eoy5_annualized_run_rate,ordinary_action_hours,biorisk_prevention,hours,200000,69530760848,39.5519657116,2.78340138508,0,0,91.4918267626,185.027801732,0.20602,especially_prior_driven_appendix_only
strong_network_repeat,probability_weighted,eoy5_annualized_run_rate,ordinary_action_hours,space_governance,hours,200000,69530760848,20.5961331257,1.44251686127,0,0,47.4824758016,96.7893675785,0.205795,especially_prior_driven_appendix_only
strong_network_repeat,probability_weighted,eoy5_annualized_run_rate,ordinary_action_hours,global_health,hours,200000,69530760848,89.2081782614,6.26742313146,0,0,205.767152766,420.157737789,0.20549,especially_prior_driven_appendix_only
strong_network_repeat,probability_weighted,eoy5_annualized_run_rate,ordinary_action_hours,strategic_reasoning,hours,200000,69530760848,54.895848823,3.85281684895,0,0,126.781139098,257.940564352,0.205655,especially_prior_driven_appendix_only
strong_network_repeat,probability_weighted,eoy5_annualized_run_rate,ordinary_action_hours,environmental_protection,hours,200000,69530760848,136.289519618,9.67272528709,0,0,316.33822352,643.000290379,0.20564,especially_prior_driven_appendix_only
strong_network_repeat,probability_weighted,eoy5_annualized_run_rate,skilled_work_hours,factory_farming_reduction,hours,200000,69530760848,48.3963154804,2.7748930452,0,0,103.231208974,220.210752834,0.20583,especially_prior_driven_appendix_only
strong_network_repeat,probability_weighted,eoy5_annualized_run_rate,skilled_work_hours,wild_animal_suffering,hours,200000,69530760848,7.43027116515,0.413803757016,0,0,15.7274774423,33.5547858703,0.20599,especially_prior_driven_appendix_only
strong_network_repeat,probability_weighted,eoy5_annualized_run_rate,skilled_work_hours,residual_existential_risk_prevention,hours,200000,69530760848,18.509508588,1.04873043699,0,0,39.1340251202,84.3698748405,0.20551,especially_prior_driven_appendix_only
strong_network_repeat,probability_weighted,eoy5_annualized_run_rate,skilled_work_hours,preventing_extreme_power_concentration,hours,200000,69530760848,11.1841903989,0.624781963562,0,0,23.5632707315,50.9904950841,0.206205,especially_prior_driven_appendix_only
strong_network_repeat,probability_weighted,eoy5_annualized_run_rate,skilled_work_hours,biorisk_prevention,hours,200000,69530760848,13.5823618381,0.761720331527,0,0,28.8498317972,61.934396756,0.20586,especially_prior_driven_appendix_only
strong_network_repeat,probability_weighted,eoy5_annualized_run_rate,skilled_work_hours,space_governance,hours,200000,69530760848,6.91875304209,0.388617244856,0,0,14.6581540836,31.3960548935,0.205265,especially_prior_driven_appendix_only
strong_network_repeat,probability_weighted,eoy5_annualized_run_rate,skilled_work_hours,global_health,hours,200000,69530760848,24.5118389246,1.37540556637,0,0,51.9953952993,112.451794719,0.205885,especially_prior_driven_appendix_only
strong_network_repeat,probability_weighted,eoy5_annualized_run_rate,skilled_work_hours,strategic_reasoning,hours,200000,69530760848,16.0671690983,0.90496787567,0,0,34.0039507873,72.9220571596,0.206135,especially_prior_driven_appendix_only
strong_network_repeat,probability_weighted,eoy5_annualized_run_rate,skilled_work_hours,environmental_protection,hours,200000,69530760848,30.4354824613,1.73231090679,0,0,64.7459387597,138.121584786,0.205265,especially_prior_driven_appendix_only
reserve_constrained_dacs,conditional,year_1,cause_directed_cash,factory_farming_reduction,USD,200000,69520860832,8334.19909781,4975.60248348,494.990759591,849.790699503,19964.6166237,27752.6923851,3e-05,especially_prior_driven_appendix_only
reserve_constrained_dacs,conditional,year_1,cause_directed_cash,wild_animal_suffering,USD,200000,69520860832,1605.96489684,970.997886141,104.081138273,177.045240372,3832.52652005,5293.48824263,1.5e-05,especially_prior_driven_appendix_only
reserve_constrained_dacs,conditional,year_1,cause_directed_cash,residual_existential_risk_prevention,USD,200000,69520860832,5086.62729018,3118.99005429,343.364434302,580.203064372,12065.9673217,16576.7533725,2.5e-05,especially_prior_driven_appendix_only
reserve_constrained_dacs,conditional,year_1,cause_directed_cash,preventing_extreme_power_concentration,USD,200000,69520860832,6613.11662353,3944.97459568,345.220301566,624.065213763,16011.4280149,22023.129011,3.5e-05,especially_prior_driven_appendix_only
reserve_constrained_dacs,conditional,year_1,cause_directed_cash,biorisk_prevention,USD,200000,69520860832,3638.98403178,2201.03116721,229.870748094,391.304576304,8717.50816812,11947.8994374,2.5e-05,especially_prior_driven_appendix_only
reserve_constrained_dacs,conditional,year_1,cause_directed_cash,space_governance,USD,200000,69520860832,1892.87145177,1150.1443496,122.453052352,208.217934455,4510.55013276,6207.61154067,4e-05,especially_prior_driven_appendix_only
reserve_constrained_dacs,conditional,year_1,cause_directed_cash,global_health,USD,200000,69520860832,10209.9502836,6169.01342792,574.522781494,1009.93373487,24634.152624,33662.1241612,2.5e-05,especially_prior_driven_appendix_only
reserve_constrained_dacs,conditional,year_1,cause_directed_cash,strategic_reasoning,USD,200000,69520860832,2764.34252804,1677.52402542,187.342207958,313.84566481,6548.8059527,9076.65093762,5e-05,especially_prior_driven_appendix_only
reserve_constrained_dacs,conditional,year_1,cause_directed_cash,environmental_protection,USD,200000,69520860832,8609.9569516,5129.11045072,478.588061542,838.771437376,20907.2409555,28678.8624842,2e-05,especially_prior_driven_appendix_only
reserve_constrained_dacs,conditional,year_1,ordinary_action_hours,factory_farming_reduction,hours,200000,69520860832,31.5779707783,6.61360560175,0.0553507110312,0.244312429216,76.1695691366,137.961801423,0.02995,especially_prior_driven_appendix_only
reserve_constrained_dacs,conditional,year_1,ordinary_action_hours,wild_animal_suffering,hours,200000,69520860832,3.46566356317,0.71135182121,0.0057920486766,0.0257259625048,8.30727196919,15.1473597277,0.029945,especially_prior_driven_appendix_only
reserve_constrained_dacs,conditional,year_1,ordinary_action_hours,residual_existential_risk_prevention,hours,200000,69520860832,8.58212572279,1.77251510498,0.0146428914872,0.064577450924,20.6833710546,37.9194151296,0.029625,especially_prior_driven_appendix_only
reserve_constrained_dacs,conditional,year_1,ordinary_action_hours,preventing_extreme_power_concentration,hours,200000,69520860832,5.17476482953,1.06492105964,0.00880959008225,0.0388571428687,12.3967525061,22.7345347958,0.02966,especially_prior_driven_appendix_only
reserve_constrained_dacs,conditional,year_1,ordinary_action_hours,biorisk_prevention,hours,200000,69520860832,5.7500018123,1.18536861659,0.00975461737189,0.0432617226433,13.7855825287,25.011901377,0.02946,especially_prior_driven_appendix_only
reserve_constrained_dacs,conditional,year_1,ordinary_action_hours,space_governance,hours,200000,69520860832,2.98923001655,0.611645604309,0.00506064670417,0.0222412053101,7.19773559822,13.0729928016,0.02979,especially_prior_driven_appendix_only
reserve_constrained_dacs,conditional,year_1,ordinary_action_hours,global_health,hours,200000,69520860832,12.892158545,2.67945554346,0.0217908314269,0.0977849563028,31.0583386439,56.6906071001,0.03009,especially_prior_driven_appendix_only
reserve_constrained_dacs,conditional,year_1,ordinary_action_hours,strategic_reasoning,hours,200000,69520860832,7.95290834865,1.64404447653,0.0137607851451,0.0601978465019,19.1102432918,34.8008426688,0.029385,especially_prior_driven_appendix_only
reserve_constrained_dacs,conditional,year_1,ordinary_action_hours,environmental_protection,hours,200000,69520860832,19.7180060724,4.11279773153,0.0338677547336,0.151452184894,47.4182041035,86.3370626741,0.02991,especially_prior_driven_appendix_only
reserve_constrained_dacs,conditional,year_1,skilled_work_hours,factory_farming_reduction,hours,200000,69520860832,7.01276051582,1.21347070101,0.007855976332,0.0375079891927,16.2921547633,30.4918547257,0.029845,especially_prior_driven_appendix_only
reserve_constrained_dacs,conditional,year_1,skilled_work_hours,wild_animal_suffering,hours,200000,69520860832,1.07371546239,0.181818633476,0.00112164456844,0.00551981548783,2.47455340689,4.67382893859,0.030505,especially_prior_driven_appendix_only
reserve_constrained_dacs,conditional,year_1,skilled_work_hours,residual_existential_risk_prevention,hours,200000,69520860832,2.68595540891,0.461324901249,0.00296277525534,0.0140581940178,6.24188829814,11.6399133221,0.029925,especially_prior_driven_appendix_only
reserve_constrained_dacs,conditional,year_1,skilled_work_hours,preventing_extreme_power_concentration,hours,200000,69520860832,1.61484048608,0.275426451375,0.00175916482821,0.00847020641559,3.7251027042,7.03189379629,0.02994,especially_prior_driven_appendix_only
reserve_constrained_dacs,conditional,year_1,skilled_work_hours,biorisk_prevention,hours,200000,69520860832,1.95790279063,0.336003573953,0.0021606912597,0.010300284277,4.57055326019,8.55777112457,0.029825,especially_prior_driven_appendix_only
reserve_constrained_dacs,conditional,year_1,skilled_work_hours,space_governance,hours,200000,69520860832,1.00184982498,0.170405779369,0.00112905105908,0.00528444166007,2.31607156789,4.37397008752,0.029245,especially_prior_driven_appendix_only
reserve_constrained_dacs,conditional,year_1,skilled_work_hours,global_health,hours,200000,69520860832,3.53300956703,0.60529871642,0.00389804908648,0.0187518049187,8.20426823222,15.3585197382,0.029775,especially_prior_driven_appendix_only
reserve_constrained_dacs,conditional,year_1,skilled_work_hours,strategic_reasoning,hours,200000,69520860832,2.32624232671,0.396249245982,0.0025194779424,0.0120485583498,5.37332469841,10.1222635162,0.03005,especially_prior_driven_appendix_only
reserve_constrained_dacs,conditional,year_1,skilled_work_hours,environmental_protection,hours,200000,69520860832,4.37976876681,0.75359197334,0.00483357922719,0.0233324781399,10.1228736405,19.0780898244,0.029885,especially_prior_driven_appendix_only
reserve_constrained_dacs,conditional,year_5_annual,cause_directed_cash,factory_farming_reduction,USD,200000,69520860832,68936.3986556,40614.9904393,3562.74110476,6409.65167355,166417.983157,231933.167353,3e-05,especially_prior_driven_appendix_only
reserve_constrained_dacs,conditional,year_5_annual,cause_directed_cash,wild_animal_suffering,USD,200000,69520860832,13198.158026,7831.64039756,721.365026332,1283.09465502,31868.7502278,44149.6328257,1.5e-05,especially_prior_driven_appendix_only
reserve_constrained_dacs,conditional,year_5_annual,cause_directed_cash,residual_existential_risk_prevention,USD,200000,69520860832,41708.4128299,25022.4490094,2341.02228149,4151.24011631,100285.779665,138187.231321,2.5e-05,especially_prior_driven_appendix_only
reserve_constrained_dacs,conditional,year_5_annual,cause_directed_cash,preventing_extreme_power_concentration,USD,200000,69520860832,54864.9069063,32439.6631012,2504.08347905,4761.15015191,133722.112236,183947.653193,3.5e-05,especially_prior_driven_appendix_only
reserve_constrained_dacs,conditional,year_5_annual,cause_directed_cash,biorisk_prevention,USD,200000,69520860832,29957.4224411,17794.5490604,1599.05959122,2861.27735263,72500.6762559,99694.3498283,2.5e-05,especially_prior_driven_appendix_only
reserve_constrained_dacs,conditional,year_5_annual,cause_directed_cash,space_governance,USD,200000,69520860832,15551.625963,9259.9756974,838.890626369,1504.21890176,37485.8626021,51737.8736754,4e-05,especially_prior_driven_appendix_only
reserve_constrained_dacs,conditional,year_5_annual,cause_directed_cash,global_health,USD,200000,69520860832,84573.7241603,50570.3129919,4119.92772299,7665.42847746,205433.502386,281106.67994,2.5e-05,especially_prior_driven_appendix_only
reserve_constrained_dacs,conditional,year_5_annual,cause_directed_cash,strategic_reasoning,USD,200000,69520860832,22656.9885011,13445.4589602,1280.60875142,2240.92324099,54353.8661424,75727.29546,5e-05,especially_prior_driven_appendix_only
reserve_constrained_dacs,conditional,year_5_annual,cause_directed_cash,environmental_protection,USD,200000,69520860832,71414.7259988,42149.4265944,3501.036913,6432.81829094,174420.167495,239555.769142,2e-05,especially_prior_driven_appendix_only
reserve_constrained_dacs,conditional,year_5_annual,ordinary_action_hours,factory_farming_reduction,hours,200000,69520860832,264.769139603,55.4525392762,0.464094423261,2.04846575265,638.652541222,1156.7566427,0.02995,especially_prior_driven_appendix_only
reserve_constrained_dacs,conditional,year_5_annual,ordinary_action_hours,wild_animal_suffering,hours,200000,69520860832,29.0582560297,5.96441142399,0.0485641004423,0.215702301002,69.6532803571,127.004785409,0.029945,especially_prior_driven_appendix_only
reserve_constrained_dacs,conditional,year_5_annual,ordinary_action_hours,residual_existential_risk_prevention,hours,200000,69520860832,71.9578233681,14.8618574186,0.122775013239,0.541457088516,173.42211115,317.939711472,0.029625,especially_prior_driven_appendix_only
reserve_constrained_dacs,conditional,year_5_annual,ordinary_action_hours,preventing_extreme_power_concentration,hours,200000,69520860832,43.3884128015,8.92895350002,0.0738650245357,0.325802197899,103.942001782,190.620330211,0.02966,especially_prior_driven_appendix_only
reserve_constrained_dacs,conditional,year_5_annual,ordinary_action_hours,biorisk_prevention,hours,200000,69520860832,48.211553657,9.93885993912,0.0817887148874,0.36273290524,115.586807356,209.715173084,0.02946,especially_prior_driven_appendix_only
reserve_constrained_dacs,conditional,year_5_annual,ordinary_action_hours,space_governance,hours,200000,69520860832,25.0635439849,5.12841314382,0.0424315762119,0.186483952215,60.3502446313,109.612016567,0.02979,especially_prior_driven_appendix_only
reserve_constrained_dacs,conditional,year_5_annual,ordinary_action_hours,global_health,hours,200000,69520860832,108.095790877,22.466204172,0.182707740426,0.819889249001,260.412224014,475.328936455,0.03009,especially_prior_driven_appendix_only
reserve_constrained_dacs,conditional,year_5_annual,ordinary_action_hours,strategic_reasoning,hours,200000,69520860832,66.6820776925,13.7846806109,0.115378890832,0.5047357899,160.232039908,291.791680838,0.029385,especially_prior_driven_appendix_only
reserve_constrained_dacs,conditional,year_5_annual,ordinary_action_hours,environmental_protection,hours,200000,69520860832,165.327897068,34.4842271336,0.283968097382,1.2698683195,397.583403637,723.90306396,0.02991,especially_prior_driven_appendix_only
reserve_constrained_dacs,conditional,year_5_annual,skilled_work_hours,factory_farming_reduction,hours,200000,69520860832,58.7992997095,10.1744851085,0.0658693400145,0.314490063231,136.603451477,255.662474239,0.029845,especially_prior_driven_appendix_only
reserve_constrained_dacs,conditional,year_5_annual,skilled_work_hours,wild_animal_suffering,hours,200000,69520860832,9.00269118468,1.52447931145,0.00940455830464,0.0462815298595,20.7481785654,39.1882580236,0.030505,especially_prior_driven_appendix_only
reserve_constrained_dacs,conditional,year_5_annual,skilled_work_hours,residual_existential_risk_prevention,hours,200000,69520860832,22.5207030439,3.86803186432,0.0248417309871,0.117872549842,52.3358326536,97.5961963164,0.029925,especially_prior_driven_appendix_only
reserve_constrained_dacs,conditional,year_5_annual,skilled_work_hours,preventing_extreme_power_concentration,hours,200000,69520860832,13.5398163833,2.30934486153,0.0147499204827,0.071019423023,31.2335534429,58.9597249073,0.02994,especially_prior_driven_appendix_only
reserve_constrained_dacs,conditional,year_5_annual,skilled_work_hours,biorisk_prevention,hours,200000,69520860832,16.4162618599,2.81726073545,0.0181165651775,0.0863639220148,38.3223311816,71.7536194291,0.029825,especially_prior_driven_appendix_only
reserve_constrained_dacs,conditional,year_5_annual,skilled_work_hours,space_governance,hours,200000,69520860832,8.40012545557,1.42878691933,0.00946665887999,0.0443080108421,19.4193693,36.6740568876,0.029245,especially_prior_driven_appendix_only
reserve_constrained_dacs,conditional,year_5_annual,skilled_work_hours,global_health,hours,200000,69520860832,29.6229263697,5.07519692998,0.0326836423405,0.157226672011,68.7896336394,128.775280882,0.029775,especially_prior_driven_appendix_only
reserve_constrained_dacs,conditional,year_5_annual,skilled_work_hours,strategic_reasoning,hours,200000,69520860832,19.5046472009,3.32239752401,0.0211248535171,0.101022527702,45.0532609328,84.8712864048,0.03005,especially_prior_driven_appendix_only
reserve_constrained_dacs,conditional,year_5_annual,skilled_work_hours,environmental_protection,hours,200000,69520860832,36.7226765832,6.31857885339,0.040527702751,0.195633855173,84.8764020629,159.962445451,0.029885,especially_prior_driven_appendix_only
reserve_constrained_dacs,conditional,five_year_cumulative,cause_directed_cash,factory_farming_reduction,USD,200000,69520860832,192938.706207,113801.679894,10134.2206104,18079.1681536,465635.102872,648355.204773,3e-05,especially_prior_driven_appendix_only
reserve_constrained_dacs,conditional,five_year_cumulative,cause_directed_cash,wild_animal_suffering,USD,200000,69520860832,36944.2092375,21958.8598997,2057.70796357,3635.50166903,89126.6532382,123383.401088,1.5e-05,especially_prior_driven_appendix_only
reserve_constrained_dacs,conditional,five_year_cumulative,cause_directed_cash,residual_existential_risk_prevention,USD,200000,69520860832,116748.860184,70183.1235456,6708.30757097,11772.6486982,280600.787096,386324.878731,2.5e-05,especially_prior_driven_appendix_only
reserve_constrained_dacs,conditional,five_year_cumulative,cause_directed_cash,preventing_extreme_power_concentration,USD,200000,69520860832,153550.371392,90858.0414989,7097.56209177,13411.4691734,373987.218529,514717.138449,3.5e-05,especially_prior_driven_appendix_only
reserve_constrained_dacs,conditional,five_year_cumulative,cause_directed_cash,biorisk_prevention,USD,200000,69520860832,83853.3052684,49890.413879,4566.5420919,8097.85156638,202766.632601,278601.038126,2.5e-05,especially_prior_driven_appendix_only
reserve_constrained_dacs,conditional,five_year_cumulative,cause_directed_cash,space_governance,USD,200000,69520860832,43531.6646439,25967.8045054,2398.06322354,4260.24362941,104793.264736,144607.750528,4e-05,especially_prior_driven_appendix_only
reserve_constrained_dacs,conditional,five_year_cumulative,cause_directed_cash,global_health,USD,200000,69520860832,236702.127549,141680.48212,11701.7239274,21609.0094439,574688.078604,785787.387977,2.5e-05,especially_prior_driven_appendix_only
reserve_constrained_dacs,conditional,five_year_cumulative,cause_directed_cash,strategic_reasoning,USD,200000,69520860832,63423.2665063,37718.1394543,3670.80270251,6365.90071767,152092.642482,211564.3201,5e-05,especially_prior_driven_appendix_only
reserve_constrained_dacs,conditional,five_year_cumulative,cause_directed_cash,environmental_protection,USD,200000,69520860832,199867.371467,118018.897036,9915.99691714,18112.6067743,487875.208174,670027.540056,2e-05,especially_prior_driven_appendix_only
reserve_constrained_dacs,conditional,five_year_cumulative,ordinary_action_hours,factory_farming_reduction,hours,200000,69520860832,740.867775952,155.165362195,1.29861283573,5.73194545467,1787.0552759,3236.7961103,0.02995,especially_prior_driven_appendix_only
reserve_constrained_dacs,conditional,five_year_cumulative,ordinary_action_hours,wild_animal_suffering,hours,200000,69520860832,81.3097989821,16.689408113,0.135890372797,0.603570658767,194.901380816,355.380362841,0.029945,especially_prior_driven_appendix_only
reserve_constrained_dacs,conditional,five_year_cumulative,ordinary_action_hours,residual_existential_risk_prevention,hours,200000,69520860832,201.349872727,41.585931309,0.343544761814,1.5150863486,485.263705512,889.647816503,0.029625,especially_prior_driven_appendix_only
reserve_constrained_dacs,conditional,five_year_cumulative,ordinary_action_hours,preventing_extreme_power_concentration,hours,200000,69520860832,121.407944078,24.9846863991,0.206686536545,0.911648351919,290.846885721,533.387162517,0.02966,especially_prior_driven_appendix_only
reserve_constrained_dacs,conditional,five_year_cumulative,ordinary_action_hours,biorisk_prevention,hours,200000,69520860832,134.903888673,27.8105713893,0.228858330648,1.01498656971,323.430974712,586.817686154,0.02946,especially_prior_driven_appendix_only
reserve_constrained_dacs,conditional,five_year_cumulative,ordinary_action_hours,space_governance,hours,200000,69520860832,70.1319350037,14.3501468703,0.11873055729,0.521812893813,168.869950574,306.712523422,0.02979,especially_prior_driven_appendix_only
reserve_constrained_dacs,conditional,five_year_cumulative,ordinary_action_hours,global_health,hours,200000,69520860832,302.469873556,62.8641492888,0.511246429632,2.29418551326,728.676406645,1330.04885889,0.03009,especially_prior_driven_appendix_only
reserve_constrained_dacs,conditional,five_year_cumulative,ordinary_action_hours,strategic_reasoning,hours,200000,69520860832,186.587465103,38.5718127187,0.322849189943,1.41233409101,448.355708,816.481308768,0.029385,especially_prior_driven_appendix_only
reserve_constrained_dacs,conditional,five_year_cumulative,ordinary_action_hours,environmental_protection,hours,200000,69520860832,462.614757852,96.4925621628,0.794589630288,3.55330126098,1112.50401935,2025.60031658,0.02991,especially_prior_driven_appendix_only
reserve_constrained_dacs,conditional,five_year_cumulative,skilled_work_hours,factory_farming_reduction,hours,200000,69520860832,164.530150563,28.4698895237,0.184313290866,0.879995131059,382.239015602,715.385822411,0.029845,especially_prior_driven_appendix_only
reserve_constrained_dacs,conditional,five_year_cumulative,skilled_work_hours,wild_animal_suffering,hours,200000,69520860832,25.1910166177,4.26574486231,0.0263155071827,0.129503363368,58.0568299308,109.655217405,0.030505,especially_prior_driven_appendix_only
reserve_constrained_dacs,conditional,five_year_cumulative,skilled_work_hours,residual_existential_risk_prevention,hours,200000,69520860832,63.0166461321,10.8233919139,0.0695112656061,0.329826859649,146.444302379,273.090274096,0.029925,especially_prior_driven_appendix_only
reserve_constrained_dacs,conditional,five_year_cumulative,skilled_work_hours,preventing_extreme_power_concentration,hours,200000,69520860832,37.8866421734,6.46192828226,0.0412727132773,0.198724073596,87.3966403677,164.979046759,0.02994,especially_prior_driven_appendix_only
reserve_constrained_dacs,conditional,five_year_cumulative,skilled_work_hours,biorisk_prevention,hours,200000,69520860832,45.9354116263,7.88316077351,0.050693141093,0.241660515729,107.232211104,200.778476384,0.029825,especially_prior_driven_appendix_only
reserve_constrained_dacs,conditional,five_year_cumulative,skilled_work_hours,space_governance,hours,200000,69520860832,23.5049382014,3.99798174674,0.0264892748477,0.123981131256,54.3386021697,102.620067438,0.029245,especially_prior_driven_appendix_only
reserve_constrained_dacs,conditional,five_year_cumulative,skilled_work_hours,global_health,hours,200000,69520860832,82.8898398419,14.201239116,0.0914542285673,0.439946192324,192.484754679,360.33450155,0.029775,especially_prior_driven_appendix_only
reserve_constrained_dacs,conditional,five_year_cumulative,skilled_work_hours,strategic_reasoning,hours,200000,69520860832,54.5772238191,9.29661692497,0.0591108286487,0.282677715129,126.066464078,237.483874803,0.03005,especially_prior_driven_appendix_only
reserve_constrained_dacs,conditional,five_year_cumulative,skilled_work_hours,environmental_protection,hours,200000,69520860832,102.756113375,17.6804270668,0.113403204946,0.547415833282,237.498189259,447.601338188,0.029885,especially_prior_driven_appendix_only
reserve_constrained_dacs,conditional,eoy5_annualized_run_rate,cause_directed_cash,factory_farming_reduction,USD,200000,69520860832,75916.8691263,44739.5694165,3926.03693766,7060.51988607,183267.270769,255385.367451,3e-05,especially_prior_driven_appendix_only
reserve_constrained_dacs,conditional,eoy5_annualized_run_rate,cause_directed_cash,wild_animal_suffering,USD,200000,69520860832,14536.795476,8628.31660611,793.889077575,1414.74772402,35093.1615235,48609.4977568,1.5e-05,especially_prior_driven_appendix_only
reserve_constrained_dacs,conditional,eoy5_annualized_run_rate,cause_directed_cash,residual_existential_risk_prevention,USD,200000,69520860832,45941.1411218,27569.0907245,2580.58939045,4574.49731821,110474.251662,152225.010538,2.5e-05,especially_prior_driven_appendix_only
reserve_constrained_dacs,conditional,eoy5_annualized_run_rate,cause_directed_cash,preventing_extreme_power_concentration,USD,200000,69520860832,60416.181585,35727.1095308,2758.81641761,5249.60292518,147224.135571,202556.97002,3.5e-05,especially_prior_driven_appendix_only
reserve_constrained_dacs,conditional,eoy5_annualized_run_rate,cause_directed_cash,biorisk_prevention,USD,200000,69520860832,32994.4443176,19602.5073048,1762.75616934,3153.44669516,79831.1458969,109792.259654,2.5e-05,especially_prior_driven_appendix_only
reserve_constrained_dacs,conditional,eoy5_annualized_run_rate,cause_directed_cash,space_governance,USD,200000,69520860832,17128.9717527,10202.0310261,924.569151899,1657.65947747,41274.2002275,56977.2145242,4e-05,especially_prior_driven_appendix_only
reserve_constrained_dacs,conditional,eoy5_annualized_run_rate,cause_directed_cash,global_health,USD,200000,69520860832,93134.5781771,55695.0353224,4540.66572965,8450.99619047,226218.063923,309513.503441,2.5e-05,especially_prior_driven_appendix_only
reserve_constrained_dacs,conditional,eoy5_annualized_run_rate,cause_directed_cash,strategic_reasoning,USD,200000,69520860832,24956.6290358,14820.5484449,1411.2624553,2469.80941646,59854.5086224,83394.8224186,5e-05,especially_prior_driven_appendix_only
reserve_constrained_dacs,conditional,eoy5_annualized_run_rate,cause_directed_cash,environmental_protection,USD,200000,69520860832,78641.1506431,46418.3134308,3858.59548133,7083.18660083,192056.501225,263746.018119,2e-05,especially_prior_driven_appendix_only
reserve_constrained_dacs,conditional,eoy5_annualized_run_rate,ordinary_action_hours,factory_farming_reduction,hours,200000,69520860832,291.48896103,61.0486670931,0.510929640288,2.2551916543,703.103715107,1273.49355159,0.02995,especially_prior_driven_appendix_only
reserve_constrained_dacs,conditional,eoy5_annualized_run_rate,ordinary_action_hours,wild_animal_suffering,hours,200000,69520860832,31.9907405831,6.56632450348,0.0534650647071,0.237470423121,76.6825104848,139.821782101,0.029945,especially_prior_driven_appendix_only
reserve_constrained_dacs,conditional,eoy5_annualized_run_rate,ordinary_action_hours,residual_existential_risk_prevention,hours,200000,69520860832,79.2196220566,16.3616778921,0.135165152189,0.596099546991,190.923425119,350.025370427,0.029625,especially_prior_driven_appendix_only
reserve_constrained_dacs,conditional,eoy5_annualized_run_rate,ordinary_action_hours,preventing_extreme_power_concentration,hours,200000,69520860832,47.7670599649,9.83004055048,0.0813192930669,0.358681318788,114.431561595,209.857244269,0.02966,especially_prior_driven_appendix_only
reserve_constrained_dacs,conditional,eoy5_annualized_run_rate,ordinary_action_hours,biorisk_prevention,hours,200000,69520860832,53.0769398058,10.9418641532,0.0900426218943,0.399338978245,127.251531034,230.879089634,0.02946,especially_prior_driven_appendix_only
reserve_constrained_dacs,conditional,eoy5_annualized_run_rate,ordinary_action_hours,space_governance,hours,200000,69520860832,27.5928924605,5.64595942439,0.0467136618847,0.205303433631,66.4406362913,120.673779707,0.02979,especially_prior_driven_appendix_only
reserve_constrained_dacs,conditional,eoy5_annualized_run_rate,ordinary_action_hours,global_health,hours,200000,69520860832,119.004540415,24.7334357857,0.201146136249,0.902630365872,286.692356713,523.297911693,0.03009,especially_prior_driven_appendix_only
reserve_constrained_dacs,conditional,eoy5_annualized_run_rate,ordinary_action_hours,strategic_reasoning,hours,200000,69520860832,73.4114616799,15.175795168,0.127022632109,0.555672429248,176.40224577,321.238547712,0.029385,especially_prior_driven_appendix_only
reserve_constrained_dacs,conditional,eoy5_annualized_run_rate,ordinary_action_hours,environmental_protection,hours,200000,69520860832,182.012363745,37.9642867526,0.31262542831,1.39802016825,437.706499417,796.957501607,0.02991,especially_prior_driven_appendix_only
reserve_constrained_dacs,conditional,eoy5_annualized_run_rate,skilled_work_hours,factory_farming_reduction,hours,200000,69520860832,64.7331739922,11.2012680093,0.0725167046031,0.346227592548,150.389120892,281.463274391,0.029845,especially_prior_driven_appendix_only
reserve_constrained_dacs,conditional,eoy5_annualized_run_rate,skilled_work_hours,wild_animal_suffering,hours,200000,69520860832,9.91121965286,1.67832584747,0.0103536421702,0.0509521429646,22.8420314482,43.1430363563,0.030505,especially_prior_driven_appendix_only
reserve_constrained_dacs,conditional,eoy5_annualized_run_rate,skilled_work_hours,residual_existential_risk_prevention,hours,200000,69520860832,24.7934345438,4.25838370384,0.0273486946647,0.12976794478,57.6174304444,107.445353743,0.029925,especially_prior_driven_appendix_only
reserve_constrained_dacs,conditional,eoy5_annualized_run_rate,skilled_work_hours,preventing_extreme_power_concentration,hours,200000,69520860832,14.9062198715,2.54239801269,0.0162384445681,0.0781865207593,34.3855634234,64.9097888888,0.02994,especially_prior_driven_appendix_only
reserve_constrained_dacs,conditional,eoy5_annualized_run_rate,skilled_work_hours,biorisk_prevention,hours,200000,69520860832,18.0729488366,3.10157145187,0.0199448423972,0.0950795471722,42.1897224017,78.9948103806,0.029825,especially_prior_driven_appendix_only
reserve_constrained_dacs,conditional,eoy5_annualized_run_rate,skilled_work_hours,space_governance,hours,200000,69520860832,9.24784453824,1.57297642495,0.0104220097761,0.0487794614776,21.3791221651,40.3751085002,0.029245,especially_prior_driven_appendix_only
reserve_constrained_dacs,conditional,eoy5_annualized_run_rate,skilled_work_hours,global_health,hours,200000,69520860832,32.6123960034,5.58737276695,0.0359819915675,0.173093583865,75.731706759,141.770951429,0.029775,especially_prior_driven_appendix_only
reserve_constrained_dacs,conditional,eoy5_annualized_run_rate,skilled_work_hours,strategic_reasoning,hours,200000,69520860832,21.4730060927,3.65768534753,0.0232567194683,0.11121746169,49.599920293,93.4362786108,0.03005,especially_prior_driven_appendix_only
reserve_constrained_dacs,conditional,eoy5_annualized_run_rate,skilled_work_hours,environmental_protection,hours,200000,69520860832,40.4286347705,6.95623360006,0.0446176544048,0.215376721291,93.441910528,176.105444533,0.029885,especially_prior_driven_appendix_only
reserve_constrained_dacs,probability_weighted,year_1,cause_directed_cash,factory_farming_reduction,USD,200000,69530860851,3724.84280117,1018.57215738,0,0,10638.7346148,16769.7154988,0.17967,especially_prior_driven_appendix_only
reserve_constrained_dacs,probability_weighted,year_1,cause_directed_cash,wild_animal_suffering,USD,200000,69530860851,719.700914473,209.61978821,0,0,2051.32221947,3202.08841162,0.179635,especially_prior_driven_appendix_only
reserve_constrained_dacs,probability_weighted,year_1,cause_directed_cash,residual_existential_risk_prevention,USD,200000,69530860851,2289.1844594,687.357279814,0,0,6506.13376622,10163.7000181,0.179635,especially_prior_driven_appendix_only
reserve_constrained_dacs,probability_weighted,year_1,cause_directed_cash,preventing_extreme_power_concentration,USD,200000,69530860851,2934.08951581,778.467601801,0,0,8499.39344108,13280.7327971,0.179645,especially_prior_driven_appendix_only
reserve_constrained_dacs,probability_weighted,year_1,cause_directed_cash,biorisk_prevention,USD,200000,69530860851,1624.61860594,467.317114071,0,0,4644.90818973,7227.830059,0.179635,especially_prior_driven_appendix_only
reserve_constrained_dacs,probability_weighted,year_1,cause_directed_cash,space_governance,USD,200000,69530860851,846.531032241,248.277333605,0,0,2414.66943477,3754.68899025,0.17965,especially_prior_driven_appendix_only
reserve_constrained_dacs,probability_weighted,year_1,cause_directed_cash,global_health,USD,200000,69530860851,4539.81749477,1237.6452537,0,0,13120.9976485,20505.6398507,0.17963,especially_prior_driven_appendix_only
reserve_constrained_dacs,probability_weighted,year_1,cause_directed_cash,strategic_reasoning,USD,200000,69530860851,1240.55555141,368.379089888,0,0,3525.46428527,5466.22183522,0.17964,especially_prior_driven_appendix_only
reserve_constrained_dacs,probability_weighted,year_1,cause_directed_cash,environmental_protection,USD,200000,69530860851,3821.33937381,1022.08384508,0,0,10986.4311129,17393.8024427,0.179645,especially_prior_driven_appendix_only
reserve_constrained_dacs,probability_weighted,year_1,ordinary_action_hours,factory_farming_reduction,hours,200000,69530860851,13.5426802432,0.841967551604,0,0,29.853329718,62.2346387168,0.204745,especially_prior_driven_appendix_only
reserve_constrained_dacs,probability_weighted,year_1,ordinary_action_hours,wild_animal_suffering,hours,200000,69530860851,1.49109461926,0.0900017428775,0,0,3.24936780698,6.84900655813,0.20441,especially_prior_driven_appendix_only
reserve_constrained_dacs,probability_weighted,year_1,ordinary_action_hours,residual_existential_risk_prevention,hours,200000,69530860851,3.71136230395,0.224942526713,0,0,8.05933250454,16.9264222492,0.20381,especially_prior_driven_appendix_only
reserve_constrained_dacs,probability_weighted,year_1,ordinary_action_hours,preventing_extreme_power_concentration,hours,200000,69530860851,2.23960247016,0.136061713464,0,0,4.87507194256,10.2946107588,0.204205,especially_prior_driven_appendix_only
reserve_constrained_dacs,probability_weighted,year_1,ordinary_action_hours,biorisk_prevention,hours,200000,69530860851,2.47786479797,0.151031226771,0,0,5.38403588022,11.2648942428,0.203725,especially_prior_driven_appendix_only
reserve_constrained_dacs,probability_weighted,year_1,ordinary_action_hours,space_governance,hours,200000,69530860851,1.28752161419,0.0776601384436,0,0,2.79153088272,5.87549687911,0.20444,especially_prior_driven_appendix_only
reserve_constrained_dacs,probability_weighted,year_1,ordinary_action_hours,global_health,hours,200000,69530860851,5.55685539536,0.341662465405,0,0,12.1318267904,25.4569121606,0.20409,especially_prior_driven_appendix_only
reserve_constrained_dacs,probability_weighted,year_1,ordinary_action_hours,strategic_reasoning,hours,200000,69530860851,3.44235899934,0.20820990578,0,0,7.46212653963,15.7809137936,0.20436,especially_prior_driven_appendix_only
reserve_constrained_dacs,probability_weighted,year_1,ordinary_action_hours,environmental_protection,hours,200000,69530860851,8.44926727205,0.524235906704,0,0,18.6175566781,39.0982629468,0.204985,especially_prior_driven_appendix_only
reserve_constrained_dacs,probability_weighted,year_1,skilled_work_hours,factory_farming_reduction,hours,200000,69530860851,3.00555692075,0.14959384121,0,0,6.15745415281,13.4767677146,0.20376,especially_prior_driven_appendix_only
reserve_constrained_dacs,probability_weighted,year_1,skilled_work_hours,wild_animal_suffering,hours,200000,69530860851,0.458733288787,0.0224087322939,0,0,0.927047676043,2.03695734765,0.204245,especially_prior_driven_appendix_only
reserve_constrained_dacs,probability_weighted,year_1,skilled_work_hours,residual_existential_risk_prevention,hours,200000,69530860851,1.15658747622,0.0565035047969,0,0,2.32805458826,5.08598310226,0.203975,especially_prior_driven_appendix_only
reserve_constrained_dacs,probability_weighted,year_1,skilled_work_hours,preventing_extreme_power_concentration,hours,200000,69530860851,0.699430532786,0.0337503183976,0,0,1.40010430652,3.06270267566,0.203945,especially_prior_driven_appendix_only
reserve_constrained_dacs,probability_weighted,year_1,skilled_work_hours,biorisk_prevention,hours,200000,69530860851,0.84903837691,0.0414615455486,0,0,1.71380595199,3.73210061814,0.20435,especially_prior_driven_appendix_only
reserve_constrained_dacs,probability_weighted,year_1,skilled_work_hours,space_governance,hours,200000,69530860851,0.430713903362,0.020787835036,0,0,0.863881642738,1.88949846039,0.204935,especially_prior_driven_appendix_only
reserve_constrained_dacs,probability_weighted,year_1,skilled_work_hours,global_health,hours,200000,69530860851,1.52740015707,0.0749650601733,0,0,3.0665454581,6.74681684419,0.20429,especially_prior_driven_appendix_only
reserve_constrained_dacs,probability_weighted,year_1,skilled_work_hours,strategic_reasoning,hours,200000,69530860851,0.999639559616,0.0487021679261,0,0,2.0094574436,4.42403344673,0.204345,especially_prior_driven_appendix_only
reserve_constrained_dacs,probability_weighted,year_1,skilled_work_hours,environmental_protection,hours,200000,69530860851,1.88514047738,0.0922412836392,0,0,3.79355199651,8.3595546356,0.204395,especially_prior_driven_appendix_only
reserve_constrained_dacs,probability_weighted,year_5_annual,cause_directed_cash,factory_farming_reduction,USD,200000,69530860851,30553.9969356,7688.56684632,0,0,88053.6703412,139649.171201,0.17967,especially_prior_driven_appendix_only
reserve_constrained_dacs,probability_weighted,year_5_annual,cause_directed_cash,wild_animal_suffering,USD,200000,69530860851,5841.71947424,1519.10794307,0,0,16832.688782,26527.6270088,0.179635,especially_prior_driven_appendix_only
reserve_constrained_dacs,probability_weighted,year_5_annual,cause_directed_cash,residual_existential_risk_prevention,USD,200000,69530860851,18512.3801472,4893.33048176,0,0,53285.2068882,84287.1995929,0.179635,especially_prior_driven_appendix_only
reserve_constrained_dacs,probability_weighted,year_5_annual,cause_directed_cash,preventing_extreme_power_concentration,USD,200000,69530860851,24179.3041432,6010.40154931,0,0,70597.8107505,110651.567722,0.179645,especially_prior_driven_appendix_only
reserve_constrained_dacs,probability_weighted,year_5_annual,cause_directed_cash,biorisk_prevention,USD,200000,69530860851,13224.503113,3427.8638607,0,0,38204.1743377,60071.9369904,0.179635,especially_prior_driven_appendix_only
reserve_constrained_dacs,probability_weighted,year_5_annual,cause_directed_cash,space_governance,USD,200000,69530860851,6867.68793912,1795.21305182,0,0,19790.1200997,31142.1374334,0.17965,especially_prior_driven_appendix_only
reserve_constrained_dacs,probability_weighted,year_5_annual,cause_directed_cash,global_health,USD,200000,69530860851,37319.9606289,9474.78663735,0,0,108760.356889,170547.28736,0.17963,especially_prior_driven_appendix_only
reserve_constrained_dacs,probability_weighted,year_5_annual,cause_directed_cash,strategic_reasoning,USD,200000,69530860851,10029.3115814,2625.86767965,0,0,28829.6453744,45279.1811674,0.17964,especially_prior_driven_appendix_only
reserve_constrained_dacs,probability_weighted,year_5_annual,cause_directed_cash,environmental_protection,USD,200000,69530860851,31486.667565,7872.0867064,0,0,91221.8083921,145001.344241,0.179645,especially_prior_driven_appendix_only
reserve_constrained_dacs,probability_weighted,year_5_annual,ordinary_action_hours,factory_farming_reduction,hours,200000,69530860851,113.550165116,7.05957408652,0,0,250.308687636,521.813509241,0.204745,especially_prior_driven_appendix_only
reserve_constrained_dacs,probability_weighted,year_5_annual,ordinary_action_hours,wild_animal_suffering,hours,200000,69530860851,12.5022548845,0.754629997973,0,0,27.2446993047,57.4262857566,0.20441,especially_prior_driven_appendix_only
reserve_constrained_dacs,probability_weighted,year_5_annual,ordinary_action_hours,residual_existential_risk_prevention,hours,200000,69530860851,31.1183454716,1.88605657014,0,0,67.5744033073,141.921540397,0.20381,especially_prior_driven_appendix_only
reserve_constrained_dacs,probability_weighted,year_5_annual,ordinary_action_hours,preventing_extreme_power_concentration,hours,200000,69530860851,18.7782053267,1.14082513596,0,0,40.8756032107,86.3163517471,0.204205,especially_prior_driven_appendix_only
reserve_constrained_dacs,probability_weighted,year_5_annual,ordinary_action_hours,biorisk_prevention,hours,200000,69530860851,20.7759433061,1.26633874754,0,0,45.1430700726,94.4518055746,0.203725,especially_prior_driven_appendix_only
reserve_constrained_dacs,probability_weighted,year_5_annual,ordinary_action_hours,space_governance,hours,200000,69530860851,10.7953735344,0.651150391565,0,0,23.4059127859,49.2637815248,0.20444,especially_prior_driven_appendix_only
reserve_constrained_dacs,probability_weighted,year_5_annual,ordinary_action_hours,global_health,hours,200000,69530860851,46.592095238,2.86470836378,0,0,101.72070155,213.446417347,0.20409,especially_prior_driven_appendix_only
reserve_constrained_dacs,probability_weighted,year_5_annual,ordinary_action_hours,strategic_reasoning,hours,200000,69530860851,28.8628562252,1.74575997923,0,0,62.5670609861,132.316892577,0.20436,especially_prior_driven_appendix_only
reserve_constrained_dacs,probability_weighted,year_5_annual,ordinary_action_hours,environmental_protection,hours,200000,69530860851,70.843856358,4.39551644852,0,0,156.101052147,327.823897016,0.204985,especially_prior_driven_appendix_only
reserve_constrained_dacs,probability_weighted,year_5_annual,skilled_work_hours,factory_farming_reduction,hours,200000,69530860851,25.2004387971,1.25428682245,0,0,51.6278848197,112.997513915,0.20376,especially_prior_driven_appendix_only
reserve_constrained_dacs,probability_weighted,year_5_annual,skilled_work_hours,wild_animal_suffering,hours,200000,69530860851,3.8463021906,0.187888601541,0,0,7.77293820682,17.0791039149,0.204245,especially_prior_driven_appendix_only
reserve_constrained_dacs,probability_weighted,year_5_annual,skilled_work_hours,residual_existential_risk_prevention,hours,200000,69530860851,9.6975411468,0.473760155605,0,0,19.519842317,42.6440121651,0.203975,especially_prior_driven_appendix_only
reserve_constrained_dacs,probability_weighted,year_5_annual,skilled_work_hours,preventing_extreme_power_concentration,hours,200000,69530860851,5.86445600566,0.282983438872,0,0,11.7393361085,25.6795839728,0.203945,especially_prior_driven_appendix_only
reserve_constrained_dacs,probability_weighted,year_5_annual,skilled_work_hours,biorisk_prevention,hours,200000,69530860851,7.11886023717,0.347639112677,0,0,14.3696037513,31.2922282598,0.20435,especially_prior_driven_appendix_only
reserve_constrained_dacs,probability_weighted,year_5_annual,skilled_work_hours,space_governance,hours,200000,69530860851,3.61137042049,0.174298001456,0,0,7.24331531219,15.8427178602,0.204935,especially_prior_driven_appendix_only
reserve_constrained_dacs,probability_weighted,year_5_annual,skilled_work_hours,global_health,hours,200000,69530860851,12.8066628554,0.628553196838,0,0,25.7118042256,56.569464309,0.20429,especially_prior_driven_appendix_only
reserve_constrained_dacs,probability_weighted,year_5_annual,skilled_work_hours,strategic_reasoning,hours,200000,69530860851,8.38159323062,0.408348946457,0,0,16.8485277963,37.0938188995,0.204345,especially_prior_driven_appendix_only
reserve_constrained_dacs,probability_weighted,year_5_annual,skilled_work_hours,environmental_protection,hours,200000,69530860851,15.8061778488,0.773407685898,0,0,31.8074744323,70.0916504062,0.204395,especially_prior_driven_appendix_only
reserve_constrained_dacs,probability_weighted,five_year_cumulative,cause_directed_cash,factory_farming_reduction,USD,200000,69530860851,85581.1159505,21695.2078635,0,0,246390.076924,390639.365109,0.17967,especially_prior_driven_appendix_only
reserve_constrained_dacs,probability_weighted,five_year_cumulative,cause_directed_cash,wild_animal_suffering,USD,200000,69530860851,16371.1764921,4304.2676975,0,0,47133.4569077,74242.6075553,0.179635,especially_prior_driven_appendix_only
reserve_constrained_dacs,probability_weighted,five_year_cumulative,cause_directed_cash,residual_existential_risk_prevention,USD,200000,69530860851,51890.9838991,13906.0159571,0,0,149279.107583,235752.855103,0.179635,especially_prior_driven_appendix_only
reserve_constrained_dacs,probability_weighted,five_year_cumulative,cause_directed_cash,preventing_extreme_power_concentration,USD,200000,69530860851,67713.023776,16937.8424147,0,0,197438.31819,309429.313615,0.179645,especially_prior_driven_appendix_only
reserve_constrained_dacs,probability_weighted,five_year_cumulative,cause_directed_cash,biorisk_prevention,USD,200000,69530860851,37054.3449842,9700.60573409,0,0,106963.104279,167987.541012,0.179635,especially_prior_driven_appendix_only
reserve_constrained_dacs,probability_weighted,five_year_cumulative,cause_directed_cash,space_governance,USD,200000,69530860851,19245.7849656,5094.15956215,0,0,55424.9839364,87133.2118189,0.17965,especially_prior_driven_appendix_only
reserve_constrained_dacs,probability_weighted,five_year_cumulative,cause_directed_cash,global_health,USD,200000,69530860851,104523.82355,26723.6362991,0,0,304481.787913,477050.74627,0.17963,especially_prior_driven_appendix_only
reserve_constrained_dacs,probability_weighted,five_year_cumulative,cause_directed_cash,strategic_reasoning,USD,200000,69530860851,28109.5062312,7461.95071238,0,0,80728.232862,126655.462937,0.17964,especially_prior_driven_appendix_only
reserve_constrained_dacs,probability_weighted,five_year_cumulative,cause_directed_cash,environmental_protection,USD,200000,69530860851,88173.3420974,22211.5781099,0,0,255333.574127,405426.581165,0.179645,especially_prior_driven_appendix_only
reserve_constrained_dacs,probability_weighted,five_year_cumulative,ordinary_action_hours,factory_farming_reduction,hours,200000,69530860851,317.732113399,19.7538540953,0,0,700.405043384,1460.12036989,0.204745,especially_prior_driven_appendix_only
reserve_constrained_dacs,probability_weighted,five_year_cumulative,ordinary_action_hours,wild_animal_suffering,hours,200000,69530860851,34.9833737595,2.11157935213,0,0,76.2351677792,160.688230787,0.20441,especially_prior_driven_appendix_only
reserve_constrained_dacs,probability_weighted,five_year_cumulative,ordinary_action_hours,residual_existential_risk_prevention,hours,200000,69530860851,87.0742694389,5.27749774212,0,0,189.08433953,397.119906617,0.20381,especially_prior_driven_appendix_only
reserve_constrained_dacs,probability_weighted,five_year_cumulative,ordinary_action_hours,preventing_extreme_power_concentration,hours,200000,69530860851,52.5445194923,3.19221712357,0,0,114.376687883,241.527406265,0.204205,especially_prior_driven_appendix_only
reserve_constrained_dacs,probability_weighted,five_year_cumulative,ordinary_action_hours,biorisk_prevention,hours,200000,69530860851,58.1345202601,3.54342493577,0,0,126.317764882,264.291749544,0.203725,especially_prior_driven_appendix_only
reserve_constrained_dacs,probability_weighted,five_year_cumulative,ordinary_action_hours,space_governance,hours,200000,69530860851,30.2072378714,1.82202632502,0,0,65.4936091715,137.84819601,0.20444,especially_prior_driven_appendix_only
reserve_constrained_dacs,probability_weighted,five_year_cumulative,ordinary_action_hours,global_health,hours,200000,69530860851,130.372376583,8.01592707295,0,0,284.631320851,597.258323768,0.20409,especially_prior_driven_appendix_only
reserve_constrained_dacs,probability_weighted,five_year_cumulative,ordinary_action_hours,strategic_reasoning,hours,200000,69530860851,80.7630380614,4.88492471254,0,0,175.072968814,370.244515927,0.20436,especially_prior_driven_appendix_only
reserve_constrained_dacs,probability_weighted,five_year_cumulative,ordinary_action_hours,environmental_protection,hours,200000,69530860851,198.232809075,12.299380888,0,0,436.796522064,917.305399906,0.204985,especially_prior_driven_appendix_only
reserve_constrained_dacs,probability_weighted,five_year_cumulative,skilled_work_hours,factory_farming_reduction,hours,200000,69530860851,70.5149892946,3.50970165915,0,0,144.463347431,316.185704074,0.20376,especially_prior_driven_appendix_only
reserve_constrained_dacs,probability_weighted,five_year_cumulative,skilled_work_hours,wild_animal_suffering,hours,200000,69530860851,10.7625886985,0.525743334587,0,0,21.7499647072,47.7901531563,0.204245,especially_prior_driven_appendix_only
reserve_constrained_dacs,probability_weighted,five_year_cumulative,skilled_work_hours,residual_existential_risk_prevention,hours,200000,69530860851,27.1353215576,1.325659151,0,0,54.6197422631,119.324988168,0.203975,especially_prior_driven_appendix_only
reserve_constrained_dacs,probability_weighted,five_year_cumulative,skilled_work_hours,preventing_extreme_power_concentration,hours,200000,69530860851,16.4097163461,0.791834393175,0,0,32.8486010377,71.8557166212,0.203945,especially_prior_driven_appendix_only
reserve_constrained_dacs,probability_weighted,five_year_cumulative,skilled_work_hours,biorisk_prevention,hours,200000,69530860851,19.9197465352,0.972751645564,0,0,40.2085242582,87.5608221949,0.20435,especially_prior_driven_appendix_only
reserve_constrained_dacs,probability_weighted,five_year_cumulative,skilled_work_hours,space_governance,hours,200000,69530860851,10.1052108096,0.48771459123,0,0,20.2679923873,44.3305408014,0.204935,especially_prior_driven_appendix_only
reserve_constrained_dacs,probability_weighted,five_year_cumulative,skilled_work_hours,global_health,hours,200000,69530860851,35.8351575312,1.75879564253,0,0,71.9458742093,158.290702883,0.20429,especially_prior_driven_appendix_only
reserve_constrained_dacs,probability_weighted,five_year_cumulative,skilled_work_hours,strategic_reasoning,hours,200000,69530860851,23.4530819756,1.14262778596,0,0,47.1449630997,103.794630866,0.204345,especially_prior_driven_appendix_only
reserve_constrained_dacs,probability_weighted,five_year_cumulative,skilled_work_hours,environmental_protection,hours,200000,69530860851,44.2282958154,2.16412242384,0,0,89.002566072,196.128012604,0.204395,especially_prior_driven_appendix_only
reserve_constrained_dacs,probability_weighted,eoy5_annualized_run_rate,cause_directed_cash,factory_farming_reduction,USD,200000,69530860851,33646.119749,8467.19955248,0,0,96967.4194049,153779.421718,0.17967,especially_prior_driven_appendix_only
reserve_constrained_dacs,probability_weighted,eoy5_annualized_run_rate,cause_directed_cash,wild_animal_suffering,USD,200000,69530860851,6433.71268276,1672.80892003,0,0,18541.3394965,29213.4522715,0.179635,especially_prior_driven_appendix_only
reserve_constrained_dacs,probability_weighted,eoy5_annualized_run_rate,cause_directed_cash,residual_existential_risk_prevention,USD,200000,69530860851,20389.3716537,5392.37290058,0,0,58672.8678795,92815.1323374,0.179635,especially_prior_driven_appendix_only
reserve_constrained_dacs,probability_weighted,eoy5_annualized_run_rate,cause_directed_cash,preventing_extreme_power_concentration,USD,200000,69530860851,26624.7987613,6620.35742354,0,0,77744.2509387,121833.755902,0.179645,especially_prior_driven_appendix_only
reserve_constrained_dacs,probability_weighted,eoy5_annualized_run_rate,cause_directed_cash,biorisk_prevention,USD,200000,69530860851,14564.2677423,3776.10736182,0,0,42072.4189704,66145.8705622,0.179635,especially_prior_driven_appendix_only
reserve_constrained_dacs,probability_weighted,eoy5_annualized_run_rate,cause_directed_cash,space_governance,USD,200000,69530860851,7563.72240464,1978.30137645,0,0,21802.6741315,34296.968587,0.17965,especially_prior_driven_appendix_only
reserve_constrained_dacs,probability_weighted,eoy5_annualized_run_rate,cause_directed_cash,global_health,USD,200000,69530860851,41095.7242798,10434.8976863,0,0,119758.42564,187801.010698,0.17963,especially_prior_driven_appendix_only
reserve_constrained_dacs,probability_weighted,eoy5_annualized_run_rate,cause_directed_cash,strategic_reasoning,USD,200000,69530860851,11046.2812886,2892.50752456,0,0,31754.455188,49858.8597576,0.17964,especially_prior_driven_appendix_only
reserve_constrained_dacs,probability_weighted,eoy5_annualized_run_rate,cause_directed_cash,environmental_protection,USD,200000,69530860851,34671.3663883,8674.06115934,0,0,100448.814476,159665.328885,0.179645,especially_prior_driven_appendix_only
reserve_constrained_dacs,probability_weighted,eoy5_annualized_run_rate,ordinary_action_hours,factory_farming_reduction,hours,200000,69530860851,125.009356091,7.77200816865,0,0,275.569197397,574.473588155,0.204745,especially_prior_driven_appendix_only
reserve_constrained_dacs,probability_weighted,eoy5_annualized_run_rate,ordinary_action_hours,wild_animal_suffering,hours,200000,69530860851,13.7639503316,0.830785318869,0,0,29.9941643721,63.2215989981,0.20441,especially_prior_driven_appendix_only
reserve_constrained_dacs,probability_weighted,eoy5_annualized_run_rate,ordinary_action_hours,residual_existential_risk_prevention,hours,200000,69530860851,34.2587289596,2.07639255428,0,0,74.3938385034,156.243897685,0.20381,especially_prior_driven_appendix_only
reserve_constrained_dacs,probability_weighted,eoy5_annualized_run_rate,ordinary_action_hours,preventing_extreme_power_concentration,hours,200000,69530860851,20.6732535707,1.25595427813,0,0,45.0006640851,95.0271762353,0.204205,especially_prior_driven_appendix_only
reserve_constrained_dacs,probability_weighted,eoy5_annualized_run_rate,ordinary_action_hours,biorisk_prevention,hours,200000,69530860851,22.8725981351,1.39413440096,0,0,49.6987927405,103.983639165,0.203725,especially_prior_driven_appendix_only
reserve_constrained_dacs,probability_weighted,eoy5_annualized_run_rate,ordinary_action_hours,space_governance,hours,200000,69530860851,11.8848149002,0.716862816402,0,0,25.767977379,54.2353558072,0.20444,especially_prior_driven_appendix_only
reserve_constrained_dacs,probability_weighted,eoy5_annualized_run_rate,ordinary_action_hours,global_health,hours,200000,69530860851,51.2940498033,3.15380737297,0,0,111.98609345,234.986881482,0.20409,especially_prior_driven_appendix_only
reserve_constrained_dacs,probability_weighted,eoy5_annualized_run_rate,ordinary_action_hours,strategic_reasoning,hours,200000,69530860851,31.7756215324,1.92193759182,0,0,68.8811680581,145.66997348,0.20436,especially_prior_driven_appendix_only
reserve_constrained_dacs,probability_weighted,eoy5_annualized_run_rate,ordinary_action_hours,environmental_protection,hours,200000,69530860851,77.9932363574,4.83910067727,0,0,171.854369337,360.907042586,0.204985,especially_prior_driven_appendix_only
reserve_constrained_dacs,probability_weighted,eoy5_annualized_run_rate,skilled_work_hours,factory_farming_reduction,hours,200000,69530860851,27.7436023454,1.38086622655,0,0,56.8380383336,124.400932751,0.20376,especially_prior_driven_appendix_only
reserve_constrained_dacs,probability_weighted,eoy5_annualized_run_rate,skilled_work_hours,wild_animal_suffering,hours,200000,69530860851,4.23446112727,0.206849836559,0,0,8.55736316348,18.802683209,0.204245,especially_prior_driven_appendix_only
reserve_constrained_dacs,probability_weighted,eoy5_annualized_run_rate,skilled_work_hours,residual_existential_risk_prevention,hours,200000,69530860851,10.6761920882,0.52157081351,0,0,21.4897346609,46.9475363286,0.203975,especially_prior_driven_appendix_only
reserve_constrained_dacs,probability_weighted,eoy5_annualized_run_rate,skilled_work_hours,preventing_extreme_power_concentration,hours,200000,69530860851,6.4562818411,0.311541400593,0,0,12.9240397525,28.2711016215,0.203945,especially_prior_driven_appendix_only
reserve_constrained_dacs,probability_weighted,eoy5_annualized_run_rate,skilled_work_hours,biorisk_prevention,hours,200000,69530860851,7.83727732532,0.382721958911,0,0,15.8197472491,34.4501595521,0.20435,especially_prior_driven_appendix_only
reserve_constrained_dacs,probability_weighted,eoy5_annualized_run_rate,skilled_work_hours,space_governance,hours,200000,69530860851,3.97582064642,0.191887708025,0,0,7.97429208681,17.4415242497,0.204935,especially_prior_driven_appendix_only
reserve_constrained_dacs,probability_weighted,eoy5_annualized_run_rate,skilled_work_hours,global_health,hours,200000,69530860851,14.0990783729,0.69198517083,0,0,28.3065734594,62.278309331,0.20429,especially_prior_driven_appendix_only
reserve_constrained_dacs,probability_weighted,eoy5_annualized_run_rate,skilled_work_hours,strategic_reasoning,hours,200000,69530860851,9.22744208876,0.449558473164,0,0,18.5488379409,40.837231816,0.204345,especially_prior_driven_appendix_only
reserve_constrained_dacs,probability_weighted,eoy5_annualized_run_rate,skilled_work_hours,environmental_protection,hours,200000,69530860851,17.4012967143,0.851458002823,0,0,35.0174030447,77.1651197132,0.204395,especially_prior_driven_appendix_only
high_bonus_surcharge_sensitive,conditional,year_1,cause_directed_cash,factory_farming_reduction,USD,200000,69520960835,8206.20700373,4808.74384301,431.154826361,761.435033217,19934.2663768,27712.791525,2.5e-05,especially_prior_driven_appendix_only
high_bonus_surcharge_sensitive,conditional,year_1,cause_directed_cash,wild_animal_suffering,USD,200000,69520960835,1565.49091827,924.799436479,87.3038903176,152.145689997,3772.55678425,5226.6729954,5e-05,especially_prior_driven_appendix_only
high_bonus_surcharge_sensitive,conditional,year_1,cause_directed_cash,residual_existential_risk_prevention,USD,200000,69520960835,4938.88736267,2948.55634683,283.29548823,494.047830731,11898.4586321,16373.7729832,3e-05,especially_prior_driven_appendix_only
high_bonus_surcharge_sensitive,conditional,year_1,cause_directed_cash,preventing_extreme_power_concentration,USD,200000,69520960835,6542.26365444,3871.91980184,298.824446382,563.789939557,16010.1104175,21947.2592388,3e-05,especially_prior_driven_appendix_only
high_bonus_surcharge_sensitive,conditional,year_1,cause_directed_cash,biorisk_prevention,USD,200000,69520960835,3548.99365921,2108.7938929,193.464217868,340.479953451,8567.40340145,11802.2984021,1.5e-05,especially_prior_driven_appendix_only
high_bonus_surcharge_sensitive,conditional,year_1,cause_directed_cash,space_governance,USD,200000,69520960835,1840.37833726,1092.95446505,102.908315532,179.692945778,4431.75204402,6140.21012499,3.5e-05,especially_prior_driven_appendix_only
high_bonus_surcharge_sensitive,conditional,year_1,cause_directed_cash,global_health,USD,200000,69520960835,10066.1409175,5990.66519342,493.013371038,908.287759493,24480.5289079,33676.7754015,4.5e-05,especially_prior_driven_appendix_only
high_bonus_surcharge_sensitive,conditional,year_1,cause_directed_cash,strategic_reasoning,USD,200000,69520960835,2679.41199126,1585.79648553,156.227539239,270.199185348,6443.09848826,8926.9858522,3.5e-05,especially_prior_driven_appendix_only
high_bonus_surcharge_sensitive,conditional,year_1,cause_directed_cash,environmental_protection,USD,200000,69520960835,8508.05337791,5028.51467181,416.893120974,761.361689125,20745.9866342,28576.9225066,5e-06,especially_prior_driven_appendix_only
high_bonus_surcharge_sensitive,conditional,year_1,ordinary_action_hours,factory_farming_reduction,hours,200000,69520960835,31.4069473987,6.65627086983,0.057947962134,0.250235434319,77.0360438372,138.595381844,0.02927,especially_prior_driven_appendix_only
high_bonus_surcharge_sensitive,conditional,year_1,ordinary_action_hours,wild_animal_suffering,hours,200000,69520960835,3.4472210339,0.711420801032,0.00577111469998,0.0258341989408,8.34484238164,15.1050662995,0.03051,especially_prior_driven_appendix_only
high_bonus_surcharge_sensitive,conditional,year_1,ordinary_action_hours,residual_existential_risk_prevention,hours,200000,69520960835,8.57187482873,1.78900564197,0.0153450811358,0.0658044101025,20.8500470104,37.5419850361,0.029485,especially_prior_driven_appendix_only
high_bonus_surcharge_sensitive,conditional,year_1,ordinary_action_hours,preventing_extreme_power_concentration,hours,200000,69520960835,5.1589725553,1.06718265103,0.00879613765106,0.0391858771495,12.5192562966,22.7285977521,0.03019,especially_prior_driven_appendix_only
high_bonus_surcharge_sensitive,conditional,year_1,ordinary_action_hours,biorisk_prevention,hours,200000,69520960835,5.74611117324,1.18647799713,0.0100108490229,0.0437219933582,13.9538680149,25.1149283688,0.02992,especially_prior_driven_appendix_only
high_bonus_surcharge_sensitive,conditional,year_1,ordinary_action_hours,space_governance,hours,200000,69520960835,2.99079147248,0.616207978829,0.00522657881443,0.0228908877809,7.21429186688,13.1326162363,0.02935,especially_prior_driven_appendix_only
high_bonus_surcharge_sensitive,conditional,year_1,ordinary_action_hours,global_health,hours,200000,69520960835,12.8651999569,2.68321056165,0.0219371029162,0.0982061509714,31.2319670557,56.45318513,0.0305,especially_prior_driven_appendix_only
high_bonus_surcharge_sensitive,conditional,year_1,ordinary_action_hours,strategic_reasoning,hours,200000,69520960835,7.92798757078,1.64967546964,0.0138536609423,0.0612115190734,19.1433992153,34.9765628487,0.029885,especially_prior_driven_appendix_only
high_bonus_surcharge_sensitive,conditional,year_1,ordinary_action_hours,environmental_protection,hours,200000,69520960835,19.7905805057,4.11770503374,0.0333795747599,0.151572795197,48.0310428027,87.293047662,0.0305,especially_prior_driven_appendix_only
high_bonus_surcharge_sensitive,conditional,year_1,skilled_work_hours,factory_farming_reduction,hours,200000,69520960835,6.91613847028,1.20413836403,0.00810505324529,0.0385058020373,16.30692441,30.5724653915,0.029625,especially_prior_driven_appendix_only
high_bonus_surcharge_sensitive,conditional,year_1,skilled_work_hours,wild_animal_suffering,hours,200000,69520960835,1.06521754897,0.181206944751,0.00120253717907,0.00575119883834,2.48657142888,4.6790355492,0.0297,especially_prior_driven_appendix_only
high_bonus_surcharge_sensitive,conditional,year_1,skilled_work_hours,residual_existential_risk_prevention,hours,200000,69520960835,2.67262849066,0.456728956201,0.00305780721584,0.0145336908175,6.25102266254,11.7392238489,0.029465,especially_prior_driven_appendix_only
high_bonus_surcharge_sensitive,conditional,year_1,skilled_work_hours,preventing_extreme_power_concentration,hours,200000,69520960835,1.59879087357,0.27314033077,0.0017396142551,0.00851201129385,3.76292680356,7.03538515821,0.030455,especially_prior_driven_appendix_only
high_bonus_surcharge_sensitive,conditional,year_1,skilled_work_hours,biorisk_prevention,hours,200000,69520960835,1.95217930412,0.333656851608,0.00215508616018,0.01048830036,4.59256068111,8.57826553579,0.029845,especially_prior_driven_appendix_only
high_bonus_surcharge_sensitive,conditional,year_1,skilled_work_hours,space_governance,hours,200000,69520960835,0.99002274694,0.168670575884,0.00113445898876,0.0053735790269,2.32903072473,4.3718717533,0.029415,especially_prior_driven_appendix_only
high_bonus_surcharge_sensitive,conditional,year_1,skilled_work_hours,global_health,hours,200000,69520960835,3.50551155466,0.600033055463,0.00395480769207,0.0189906142651,8.27793836991,15.5096301363,0.029875,especially_prior_driven_appendix_only
high_bonus_surcharge_sensitive,conditional,year_1,skilled_work_hours,strategic_reasoning,hours,200000,69520960835,2.30663822936,0.393861233434,0.00249537678147,0.0122466604277,5.43025673848,10.208015429,0.030375,especially_prior_driven_appendix_only
high_bonus_surcharge_sensitive,conditional,year_1,skilled_work_hours,environmental_protection,hours,200000,69520960835,4.34648176056,0.747758139805,0.00465618258285,0.0234305950059,10.2716583127,19.2029501413,0.03084,especially_prior_driven_appendix_only
high_bonus_surcharge_sensitive,conditional,year_5_annual,cause_directed_cash,factory_farming_reduction,USD,200000,69520960835,68166.8824516,39693.3388881,3236.14091217,5922.77350493,166336.508194,231565.548568,2.5e-05,especially_prior_driven_appendix_only
high_bonus_surcharge_sensitive,conditional,year_5_annual,cause_directed_cash,wild_animal_suffering,USD,200000,69520960835,12945.7812969,7558.67129895,629.544349234,1147.83595711,31425.1440329,43648.4015448,5e-05,especially_prior_driven_appendix_only
high_bonus_surcharge_sensitive,conditional,year_5_annual,cause_directed_cash,residual_existential_risk_prevention,USD,200000,69520960835,40772.4671728,24054.8530904,2018.3075779,3698.93831304,98963.4354066,136378.079778,3e-05,especially_prior_driven_appendix_only
high_bonus_surcharge_sensitive,conditional,year_5_annual,cause_directed_cash,preventing_extreme_power_concentration,USD,200000,69520960835,54459.4085895,32071.1837164,2249.60338465,4436.19620211,133751.044188,183489.375092,3e-05,especially_prior_driven_appendix_only
high_bonus_surcharge_sensitive,conditional,year_5_annual,cause_directed_cash,biorisk_prevention,USD,200000,69520960835,29382.6524234,17267.3174276,1400.52153288,2584.19197457,71411.9008566,98421.7725583,1.5e-05,especially_prior_driven_appendix_only
high_bonus_surcharge_sensitive,conditional,year_5_annual,cause_directed_cash,space_governance,USD,200000,69520960835,15214.73448,8938.2333434,737.730541075,1350.12219171,36869.5548022,51242.9485029,3.5e-05,especially_prior_driven_appendix_only
high_bonus_surcharge_sensitive,conditional,year_5_annual,cause_directed_cash,global_health,USD,200000,69520960835,83705.6398923,49512.8880027,3685.72599792,7097.48382282,204308.200004,281436.656721,4.5e-05,especially_prior_driven_appendix_only
high_bonus_surcharge_sensitive,conditional,year_5_annual,cause_directed_cash,strategic_reasoning,USD,200000,69520960835,22114.492055,12907.1302743,1119.24343968,2015.67438941,53623.7362987,74434.9063412,3.5e-05,especially_prior_driven_appendix_only
high_bonus_surcharge_sensitive,conditional,year_5_annual,cause_directed_cash,environmental_protection,USD,200000,69520960835,70812.3515911,41653.9421041,3178.57518841,6011.24668749,173155.245867,238752.991685,5e-06,especially_prior_driven_appendix_only
high_bonus_surcharge_sensitive,conditional,year_5_annual,ordinary_action_hours,factory_farming_reduction,hours,200000,69520960835,263.335174343,55.8102711393,0.485871374816,2.09812787237,645.917598328,1162.06897085,0.02927,especially_prior_driven_appendix_only
high_bonus_surcharge_sensitive,conditional,year_5_annual,ordinary_action_hours,wild_animal_suffering,hours,200000,69520960835,28.903622515,5.96498979327,0.0483885770998,0.216609821888,69.9682938153,126.65017128,0.03051,especially_prior_driven_appendix_only
high_bonus_surcharge_sensitive,conditional,year_5_annual,ordinary_action_hours,residual_existential_risk_prevention,hours,200000,69520960835,71.8718735639,15.0001242288,0.12866260337,0.551744669321,174.819624933,314.775105303,0.029485,especially_prior_driven_appendix_only
high_bonus_surcharge_sensitive,conditional,year_5_annual,ordinary_action_hours,preventing_extreme_power_concentration,hours,200000,69520960835,43.256000656,8.94791607403,0.0737522310743,0.328558508407,104.969148949,190.570550383,0.03019,especially_prior_driven_appendix_only
high_bonus_surcharge_sensitive,conditional,year_5_annual,ordinary_action_hours,biorisk_prevention,hours,200000,69520960835,48.1789321449,9.94816166824,0.0839371187306,0.366592098157,116.997816433,210.579014784,0.02992,especially_prior_driven_appendix_only
high_bonus_surcharge_sensitive,conditional,year_5_annual,ordinary_action_hours,space_governance,hours,200000,69520960835,25.0766361923,5.16666689942,0.0438228531364,0.191931289855,60.4890625762,110.111936135,0.02935,especially_prior_driven_appendix_only
high_bonus_surcharge_sensitive,conditional,year_5_annual,ordinary_action_hours,global_health,hours,200000,69520960835,107.869753484,22.4976885554,0.183934170605,0.823420804299,261.868031467,473.338244552,0.0305,especially_prior_driven_appendix_only
high_bonus_surcharge_sensitive,conditional,year_5_annual,ordinary_action_hours,strategic_reasoning,hours,200000,69520960835,66.473126555,13.8318943224,0.11615761867,0.513235044539,160.510039575,293.265026962,0.029885,especially_prior_driven_appendix_only
high_bonus_surcharge_sensitive,conditional,year_5_annual,ordinary_action_hours,environmental_protection,hours,200000,69520960835,165.936405779,34.5253729752,0.279874896064,1.2708795905,402.721820423,731.918630397,0.0305,especially_prior_driven_appendix_only
high_bonus_surcharge_sensitive,conditional,year_5_annual,skilled_work_hours,factory_farming_reduction,hours,200000,69520960835,57.98916102,10.0962370523,0.0679577541336,0.322856340159,136.727289284,256.338363667,0.029625,especially_prior_driven_appendix_only
high_bonus_surcharge_sensitive,conditional,year_5_annual,skilled_work_hours,wild_animal_suffering,hours,200000,69520960835,8.93143944909,1.51935053676,0.0100828117322,0.04822159026,20.8489450575,39.2319134509,0.0297,especially_prior_driven_appendix_only
high_bonus_surcharge_sensitive,conditional,year_5_annual,skilled_work_hours,residual_existential_risk_prevention,hours,200000,69520960835,22.4089619602,3.82949663276,0.0256385374251,0.121859407623,52.4124207859,98.4288768867,0.029465,especially_prior_driven_appendix_only
high_bonus_surcharge_sensitive,conditional,year_5_annual,skilled_work_hours,preventing_extreme_power_concentration,hours,200000,69520960835,13.4052465553,2.29017661953,0.0145859964466,0.0713699408485,31.5506939683,58.9889986343,0.030455,especially_prior_driven_appendix_only
high_bonus_surcharge_sensitive,conditional,year_5_annual,skilled_work_hours,biorisk_prevention,hours,200000,69520960835,16.3682726268,2.79758437118,0.0180695685738,0.087940364557,38.5068549416,71.9254571847,0.029845,especially_prior_driven_appendix_only
high_bonus_surcharge_sensitive,conditional,year_5_annual,skilled_work_hours,space_governance,hours,200000,69520960835,8.30095995512,1.41423790549,0.00951200229036,0.0450553933794,19.5280268458,36.6564631623,0.029415,especially_prior_driven_appendix_only
high_bonus_surcharge_sensitive,conditional,year_5_annual,skilled_work_hours,global_health,hours,200000,69520960835,29.3923661121,5.03104638812,0.0331595414181,0.159228996531,69.4073294092,130.042283451,0.029875,especially_prior_driven_appendix_only
high_bonus_surcharge_sensitive,conditional,year_5_annual,skilled_work_hours,strategic_reasoning,hours,200000,69520960835,19.3402743847,3.30237495725,0.0209227745524,0.102683537432,45.5306141919,85.5902832122,0.030375,especially_prior_driven_appendix_only
high_bonus_surcharge_sensitive,conditional,year_5_annual,skilled_work_hours,environmental_protection,hours,200000,69520960835,36.4435778386,6.26966440298,0.0390403001177,0.196456527357,86.1239043146,161.009351185,0.03084,especially_prior_driven_appendix_only
high_bonus_surcharge_sensitive,conditional,five_year_cumulative,cause_directed_cash,factory_farming_reduction,USD,200000,69520960835,190735.960317,111079.092476,9136.10818362,16673.9252517,465320.243099,647964.10338,2.5e-05,especially_prior_driven_appendix_only
high_bonus_surcharge_sensitive,conditional,five_year_cumulative,cause_directed_cash,wild_animal_suffering,USD,200000,69520960835,36222.7201958,21162.8143057,1785.18810845,3237.39055768,87876.489358,122052.288984,5e-05,especially_prior_driven_appendix_only
high_bonus_surcharge_sensitive,conditional,five_year_cumulative,cause_directed_cash,residual_existential_risk_prevention,USD,200000,69520960835,114083.438892,67351.9573535,5743.29840976,10438.984002,276637.312255,381442.548077,3e-05,especially_prior_driven_appendix_only
high_bonus_surcharge_sensitive,conditional,five_year_cumulative,cause_directed_cash,preventing_extreme_power_concentration,USD,200000,69520960835,152384.243485,89746.6815393,6342.55577973,12461.8682079,374195.530507,513170.90186,3e-05,especially_prior_driven_appendix_only
high_bonus_surcharge_sensitive,conditional,five_year_cumulative,cause_directed_cash,biorisk_prevention,USD,200000,69520960835,82214.3982106,48345.0109317,3967.84371211,7286.37998949,199707.550819,275326.101135,1.5e-05,especially_prior_driven_appendix_only
high_bonus_surcharge_sensitive,conditional,five_year_cumulative,cause_directed_cash,space_governance,USD,200000,69520960835,42571.3169535,25023.8198147,2094.54061348,3808.05778225,103090.485478,143248.083163,3.5e-05,especially_prior_driven_appendix_only
high_bonus_surcharge_sensitive,conditional,five_year_cumulative,cause_directed_cash,global_health,USD,200000,69520960835,234214.671167,138570.678879,10408.9096997,19935.1162375,571619.711438,787380.821948,4.5e-05,especially_prior_driven_appendix_only
high_bonus_surcharge_sensitive,conditional,five_year_cumulative,cause_directed_cash,strategic_reasoning,USD,200000,69520960835,61875.9322089,36164.140383,3179.15848632,5694.5009626,149911.256356,208059.511257,3.5e-05,especially_prior_driven_appendix_only
high_bonus_surcharge_sensitive,conditional,five_year_cumulative,cause_directed_cash,environmental_protection,USD,200000,69520960835,198140.734672,116588.683263,8963.03542455,16887.2462277,484541.679858,667954.115734,5e-06,especially_prior_driven_appendix_only
high_bonus_surcharge_sensitive,conditional,five_year_cumulative,ordinary_action_hours,factory_farming_reduction,hours,200000,69520960835,736.855304353,156.166355023,1.35954834237,5.87090826672,1807.38410541,3251.66088173,0.02927,especially_prior_driven_appendix_only
high_bonus_surcharge_sensitive,conditional,five_year_cumulative,ordinary_action_hours,wild_animal_suffering,hours,200000,69520960835,80.8771088722,16.6910264858,0.135399229499,0.606110052072,195.782840492,354.388093949,0.03051,especially_prior_driven_appendix_only
high_bonus_surcharge_sensitive,conditional,five_year_cumulative,ordinary_action_hours,residual_existential_risk_prevention,hours,200000,69520960835,201.109370982,41.9728246769,0.360019211263,1.54387269856,489.174179859,880.792725847,0.029485,especially_prior_driven_appendix_only
high_bonus_surcharge_sensitive,conditional,five_year_cumulative,ordinary_action_hours,preventing_extreme_power_concentration,hours,200000,69520960835,121.037433028,25.0377468126,0.206370921813,0.919360963891,293.721013113,533.247870338,0.03019,especially_prior_driven_appendix_only
high_bonus_surcharge_sensitive,conditional,five_year_cumulative,ordinary_action_hours,biorisk_prevention,hours,200000,69520960835,134.812608295,27.8365991634,0.234869919384,1.02578522879,327.379211119,589.234857882,0.02992,especially_prior_driven_appendix_only
high_bonus_surcharge_sensitive,conditional,five_year_cumulative,ordinary_action_hours,space_governance,hours,200000,69520960835,70.168569162,14.4571871956,0.122623579877,0.537055444091,169.258386108,308.111380928,0.02935,especially_prior_driven_appendix_only
high_bonus_surcharge_sensitive,conditional,five_year_cumulative,ordinary_action_hours,global_health,hours,200000,69520960835,301.837383603,62.9522477925,0.514678183803,2.30406738818,732.749996307,1324.47857421,0.0305,especially_prior_driven_appendix_only
high_bonus_surcharge_sensitive,conditional,five_year_cumulative,ordinary_action_hours,strategic_reasoning,hours,200000,69520960835,186.002785314,38.70392448,0.32502819903,1.43611640903,449.133596975,820.603974528,0.029885,especially_prior_driven_appendix_only
high_bonus_surcharge_sensitive,conditional,five_year_cumulative,ordinary_action_hours,environmental_protection,hours,200000,69520960835,464.317465711,96.6076950225,0.78313617706,3.55613096424,1126.88215806,2048.02919515,0.0305,especially_prior_driven_appendix_only
high_bonus_surcharge_sensitive,conditional,five_year_cumulative,skilled_work_hours,factory_farming_reduction,hours,200000,69520960835,162.263248726,28.2509385407,0.190157018447,0.903405355489,382.585534235,717.277072647,0.029625,especially_prior_driven_appendix_only
high_bonus_surcharge_sensitive,conditional,five_year_cumulative,skilled_work_hours,wild_animal_suffering,hours,200000,69520960835,24.9916424952,4.25139370378,0.0282133722781,0.134931972746,58.338791216,109.7773725,0.0297,especially_prior_driven_appendix_only
high_bonus_surcharge_sensitive,conditional,five_year_cumulative,skilled_work_hours,residual_existential_risk_prevention,hours,200000,69520960835,62.7039761271,10.7155639724,0.0717408616023,0.340982746102,146.658608621,275.420251839,0.029465,especially_prior_driven_appendix_only
high_bonus_surcharge_sensitive,conditional,five_year_cumulative,skilled_work_hours,preventing_extreme_power_concentration,hours,200000,69520960835,37.5100935721,6.40829237576,0.0408140267542,0.199704880356,88.2840519298,165.060959481,0.030455,especially_prior_driven_appendix_only
high_bonus_surcharge_sensitive,conditional,five_year_cumulative,skilled_work_hours,biorisk_prevention,hours,200000,69520960835,45.8011298274,7.82810305696,0.0505616368349,0.246071662293,107.748539057,201.259306801,0.029845,especially_prior_driven_appendix_only
high_bonus_surcharge_sensitive,conditional,five_year_cumulative,skilled_work_hours,space_governance,hours,200000,69520960835,23.2274567551,3.95727120344,0.0266161531978,0.126072431016,54.6426439263,102.570837289,0.029415,especially_prior_driven_appendix_only
high_bonus_surcharge_sensitive,conditional,five_year_cumulative,skilled_work_hours,global_health,hours,200000,69520960835,82.244694167,14.0776986089,0.0927858727754,0.445549026989,194.213169448,363.879783968,0.029875,especially_prior_driven_appendix_only
high_bonus_surcharge_sensitive,conditional,five_year_cumulative,skilled_work_hours,strategic_reasoning,hours,200000,69520960835,54.117281535,9.24059047671,0.0585453783346,0.287325494649,127.402177326,239.495746603,0.030375,especially_prior_driven_appendix_only
high_bonus_surcharge_sensitive,conditional,five_year_cumulative,skilled_work_hours,environmental_protection,hours,200000,69520960835,101.975148998,17.543556357,0.109241206751,0.549717805907,240.988906568,450.530753315,0.03084,especially_prior_driven_appendix_only
high_bonus_surcharge_sensitive,conditional,eoy5_annualized_run_rate,cause_directed_cash,factory_farming_reduction,USD,200000,69520960835,75065.6957737,43702.9703268,3564.86278915,6523.21384231,183168.82038,255037.627949,2.5e-05,especially_prior_driven_appendix_only
high_bonus_surcharge_sensitive,conditional,eoy5_annualized_run_rate,cause_directed_cash,wild_animal_suffering,USD,200000,69520960835,14257.5102252,8323.50332973,693.247219117,1264.65018028,34625.0084764,48073.4234632,5e-05,especially_prior_driven_appendix_only
high_bonus_surcharge_sensitive,conditional,eoy5_annualized_run_rate,cause_directed_cash,residual_existential_risk_prevention,USD,200000,69520960835,44905.8482094,26490.8906441,2221.29090047,4073.95000847,109006.223251,150281.858217,3e-05,especially_prior_driven_appendix_only
high_bonus_surcharge_sensitive,conditional,eoy5_annualized_run_rate,cause_directed_cash,preventing_extreme_power_concentration,USD,200000,69520960835,59966.675805,35314.5972186,2478.49750908,4886.72778725,147282.365917,202042.154962,3e-05,especially_prior_driven_appendix_only
high_bonus_surcharge_sensitive,conditional,eoy5_annualized_run_rate,cause_directed_cash,biorisk_prevention,USD,200000,69520960835,32359.2716364,19014.4403049,1542.14980601,2846.30002892,78649.6209984,108403.219979,1.5e-05,especially_prior_driven_appendix_only
high_bonus_surcharge_sensitive,conditional,eoy5_annualized_run_rate,cause_directed_cash,space_governance,USD,200000,69520960835,16756.8086431,9841.83380945,812.504491833,1487.03330739,40614.1770589,56452.8114002,3.5e-05,especially_prior_driven_appendix_only
high_bonus_surcharge_sensitive,conditional,eoy5_annualized_run_rate,cause_directed_cash,global_health,USD,200000,69520960835,92173.2883171,54518.8610215,4057.70193915,7816.28717058,224990.583427,309900.775066,4.5e-05,especially_prior_driven_appendix_only
high_bonus_surcharge_sensitive,conditional,eoy5_annualized_run_rate,cause_directed_cash,strategic_reasoning,USD,200000,69520960835,24356.6878412,14217.1688165,1233.27739601,2221.07953729,59062.2016012,81993.8280347,3.5e-05,especially_prior_driven_appendix_only
high_bonus_surcharge_sensitive,conditional,eoy5_annualized_run_rate,cause_directed_cash,environmental_protection,USD,200000,69520960835,77973.9871257,45863.9874736,3502.12806455,6617.86842519,190648.525549,262946.519303,5e-06,especially_prior_driven_appendix_only
high_bonus_surcharge_sensitive,conditional,eoy5_annualized_run_rate,ordinary_action_hours,factory_farming_reduction,hours,200000,69520960835,289.91028368,61.4425003369,0.534904265852,2.30986554756,711.101943113,1279.34198625,0.02927,especially_prior_driven_appendix_only
high_bonus_surcharge_sensitive,conditional,eoy5_annualized_run_rate,ordinary_action_hours,wild_animal_suffering,hours,200000,69520960835,31.8205018513,6.5669612403,0.0532718279998,0.238469528684,77.0293142921,139.431381226,0.03051,especially_prior_driven_appendix_only
high_bonus_surcharge_sensitive,conditional,eoy5_annualized_run_rate,ordinary_action_hours,residual_existential_risk_prevention,hours,200000,69520960835,79.124998419,16.5138982335,0.141646902792,0.607425324023,192.461972403,346.541400333,0.029485,especially_prior_driven_appendix_only
high_bonus_surcharge_sensitive,conditional,eoy5_annualized_run_rate,ordinary_action_hours,preventing_extreme_power_concentration,hours,200000,69520960835,47.6212851258,9.85091677875,0.081195116779,0.361715789072,115.562365815,209.802440789,0.03019,especially_prior_driven_appendix_only
high_bonus_surcharge_sensitive,conditional,eoy5_annualized_run_rate,ordinary_action_hours,biorisk_prevention,hours,200000,69520960835,53.0410262146,10.9521045889,0.0924078371346,0.403587630999,128.804935522,231.830108019,0.02992,especially_prior_driven_appendix_only
high_bonus_surcharge_sensitive,conditional,eoy5_annualized_run_rate,ordinary_action_hours,space_governance,hours,200000,69520960835,27.6073058998,5.68807365073,0.0482453429025,0.211300502593,66.5934633866,121.224149873,0.02935,especially_prior_driven_appendix_only
high_bonus_surcharge_sensitive,conditional,eoy5_annualized_run_rate,ordinary_action_hours,global_health,hours,200000,69520960835,118.755691909,24.7680974921,0.202496334611,0.906518316659,288.295080514,521.106324277,0.0305,especially_prior_driven_appendix_only
high_bonus_surcharge_sensitive,conditional,eoy5_annualized_run_rate,ordinary_action_hours,strategic_reasoning,hours,200000,69520960835,73.1814237303,15.2277735659,0.127879947159,0.565029406831,176.708300449,322.860580142,0.029885,especially_prior_driven_appendix_only
high_bonus_surcharge_sensitive,conditional,eoy5_annualized_run_rate,ordinary_action_hours,environmental_protection,hours,200000,69520960835,182.682281591,38.0095849269,0.30811915163,1.39913349413,443.363472025,805.781978419,0.0305,especially_prior_driven_appendix_only
high_bonus_surcharge_sensitive,conditional,eoy5_annualized_run_rate,skilled_work_hours,factory_farming_reduction,hours,200000,69520960835,63.8412781872,11.1151233603,0.0748158761104,0.355438172652,150.525456092,282.207372845,0.029625,especially_prior_driven_appendix_only
high_bonus_surcharge_sensitive,conditional,eoy5_annualized_run_rate,skilled_work_hours,wild_animal_suffering,hours,200000,69520960835,9.83277737515,1.67267949001,0.0111003431914,0.053087989277,22.9529670358,43.1910973772,0.0297,especially_prior_driven_appendix_only
high_bonus_surcharge_sensitive,conditional,eoy5_annualized_run_rate,skilled_work_hours,residual_existential_risk_prevention,hours,200000,69520960835,24.6704168369,4.2159595957,0.0282259127616,0.134157146007,57.7017476542,108.362066297,0.029465,especially_prior_driven_appendix_only
high_bonus_surcharge_sensitive,conditional,eoy5_annualized_run_rate,skilled_work_hours,preventing_extreme_power_concentration,hours,200000,69520960835,14.7580696021,2.52129536095,0.0160579777394,0.0785724119432,34.734708956,64.9420168451,0.030455,especially_prior_driven_appendix_only
high_bonus_surcharge_sensitive,conditional,eoy5_annualized_run_rate,skilled_work_hours,biorisk_prevention,hours,200000,69520960835,18.0201166534,3.07990939946,0.019893103017,0.0968150802463,42.3928678256,79.1839895611,0.029845,especially_prior_driven_appendix_only
high_bonus_surcharge_sensitive,conditional,eoy5_annualized_run_rate,skilled_work_hours,space_governance,hours,200000,69520960835,9.13867151022,1.55695916201,0.010471929127,0.0496022679406,21.4987451513,40.3557392613,0.029415,especially_prior_driven_appendix_only
high_bonus_surcharge_sensitive,conditional,eoy5_annualized_run_rate,skilled_work_hours,global_health,hours,200000,69520960835,32.3585681968,5.53876666581,0.0365059171575,0.175297977832,76.4117387992,143.165816643,0.029875,especially_prior_driven_appendix_only
high_bonus_surcharge_sensitive,conditional,eoy5_annualized_run_rate,skilled_work_hours,strategic_reasoning,hours,200000,69520960835,21.2920451941,3.63564215477,0.0230342472136,0.113046096255,50.1254468167,94.227834729,0.030375,especially_prior_driven_appendix_only
high_bonus_surcharge_sensitive,conditional,eoy5_annualized_run_rate,skilled_work_hours,environmental_protection,hours,200000,69520960835,40.1213700975,6.90238282897,0.0429801469186,0.216282415439,94.8153075023,177.258001304,0.03084,especially_prior_driven_appendix_only
high_bonus_surcharge_sensitive,probability_weighted,year_1,cause_directed_cash,factory_farming_reduction,USD,200000,69530960854,3602.44495957,927.256368512,0,0,10402.8009924,16352.6929014,0.179845,especially_prior_driven_appendix_only
high_bonus_surcharge_sensitive,probability_weighted,year_1,cause_directed_cash,wild_animal_suffering,USD,200000,69530960854,689.737472392,184.724280679,0,0,1977.42738242,3125.61453212,0.17984,especially_prior_driven_appendix_only
high_bonus_surcharge_sensitive,probability_weighted,year_1,cause_directed_cash,residual_existential_risk_prevention,USD,200000,69530960854,2173.04448654,596.378179819,0,0,6223.00279156,9756.12128818,0.179845,especially_prior_driven_appendix_only
high_bonus_surcharge_sensitive,probability_weighted,year_1,cause_directed_cash,preventing_extreme_power_concentration,USD,200000,69530960854,2867.596583,721.103419503,0,0,8339.75494923,13153.0721863,0.17984,especially_prior_driven_appendix_only
high_bonus_surcharge_sensitive,probability_weighted,year_1,cause_directed_cash,biorisk_prevention,USD,200000,69530960854,1563.83437705,414.872773759,0,0,4496.28134889,7063.69722567,0.179845,especially_prior_driven_appendix_only
high_bonus_surcharge_sensitive,probability_weighted,year_1,cause_directed_cash,space_governance,USD,200000,69530960854,811.378859673,218.06760078,0,0,2330.01449621,3668.16200845,0.179845,especially_prior_driven_appendix_only
high_bonus_surcharge_sensitive,probability_weighted,year_1,cause_directed_cash,global_health,USD,200000,69530960854,4405.20956475,1133.2709442,0,0,12827.5353033,20084.4629043,0.179835,especially_prior_driven_appendix_only
high_bonus_surcharge_sensitive,probability_weighted,year_1,cause_directed_cash,strategic_reasoning,USD,200000,69530960854,1180.8772211,321.824741516,0,0,3373.15217075,5305.37915011,0.17984,especially_prior_driven_appendix_only
high_bonus_surcharge_sensitive,probability_weighted,year_1,cause_directed_cash,environmental_protection,USD,200000,69530960854,3736.77278129,943.274837786,0,0,10818.2363304,17001.9121261,0.17985,especially_prior_driven_appendix_only
high_bonus_surcharge_sensitive,probability_weighted,year_1,ordinary_action_hours,factory_farming_reduction,hours,200000,69530960854,13.5854455706,0.845874112561,0,0,29.9868054825,63.1348199176,0.203825,especially_prior_driven_appendix_only
high_bonus_surcharge_sensitive,probability_weighted,year_1,ordinary_action_hours,wild_animal_suffering,hours,200000,69530960854,1.48356481851,0.0904745350046,0,0,3.24684749149,6.83512805753,0.20394,especially_prior_driven_appendix_only
high_bonus_surcharge_sensitive,probability_weighted,year_1,ordinary_action_hours,residual_existential_risk_prevention,hours,200000,69530960854,3.68007014404,0.224975888397,0,0,8.05965795212,17.0345031292,0.20438,especially_prior_driven_appendix_only
high_bonus_surcharge_sensitive,probability_weighted,year_1,ordinary_action_hours,preventing_extreme_power_concentration,hours,200000,69530960854,2.22235374997,0.135043393059,0,0,4.87141890243,10.2928742151,0.204655,especially_prior_driven_appendix_only
high_bonus_surcharge_sensitive,probability_weighted,year_1,ordinary_action_hours,biorisk_prevention,hours,200000,69530960854,2.46576237782,0.150040587708,0,0,5.37235845027,11.3422622626,0.20476,especially_prior_driven_appendix_only
high_bonus_surcharge_sensitive,probability_weighted,year_1,ordinary_action_hours,space_governance,hours,200000,69530960854,1.28930009197,0.077287236508,0,0,2.79070509112,5.91854736166,0.20531,especially_prior_driven_appendix_only
high_bonus_surcharge_sensitive,probability_weighted,year_1,ordinary_action_hours,global_health,hours,200000,69530960854,5.55575410876,0.340284964127,0,0,12.1595053285,25.5646889279,0.204995,especially_prior_driven_appendix_only
high_bonus_surcharge_sensitive,probability_weighted,year_1,ordinary_action_hours,strategic_reasoning,hours,200000,69530960854,3.42583823847,0.209676113803,0,0,7.47527471892,15.8210046797,0.204005,especially_prior_driven_appendix_only
high_bonus_surcharge_sensitive,probability_weighted,year_1,ordinary_action_hours,environmental_protection,hours,200000,69530960854,8.52689553197,0.526008087375,0,0,18.5888869696,39.2708138572,0.20463,especially_prior_driven_appendix_only
high_bonus_surcharge_sensitive,probability_weighted,year_1,skilled_work_hours,factory_farming_reduction,hours,200000,69530960854,3.03121353142,0.149195759293,0,0,6.17354981753,13.6395925803,0.20422,especially_prior_driven_appendix_only
high_bonus_surcharge_sensitive,probability_weighted,year_1,skilled_work_hours,wild_animal_suffering,hours,200000,69530960854,0.463409125432,0.022144816092,0,0,0.928235636979,2.07402427721,0.20505,especially_prior_driven_appendix_only
high_bonus_surcharge_sensitive,probability_weighted,year_1,skilled_work_hours,residual_existential_risk_prevention,hours,200000,69530960854,1.15587227374,0.0562341007282,0,0,2.34607229611,5.16647526249,0.20448,especially_prior_driven_appendix_only
high_bonus_surcharge_sensitive,probability_weighted,year_1,skilled_work_hours,preventing_extreme_power_concentration,hours,200000,69530960854,0.698596769178,0.0337707769021,0,0,1.40876472832,3.10918819993,0.20456,especially_prior_driven_appendix_only
high_bonus_surcharge_sensitive,probability_weighted,year_1,skilled_work_hours,biorisk_prevention,hours,200000,69530960854,0.849383168977,0.0412817848108,0,0,1.72132541891,3.8043241322,0.203435,especially_prior_driven_appendix_only
high_bonus_surcharge_sensitive,probability_weighted,year_1,skilled_work_hours,space_governance,hours,200000,69530960854,0.432087963521,0.0208222042266,0,0,0.870027735765,1.9311154766,0.204615,especially_prior_driven_appendix_only
high_bonus_surcharge_sensitive,probability_weighted,year_1,skilled_work_hours,global_health,hours,200000,69530960854,1.5268945894,0.0745351197745,0,0,3.10048633163,6.8174389,0.204515,especially_prior_driven_appendix_only
high_bonus_surcharge_sensitive,probability_weighted,year_1,skilled_work_hours,strategic_reasoning,hours,200000,69530960854,0.997361430821,0.0486312725624,0,0,2.03198681183,4.47247433219,0.204705,especially_prior_driven_appendix_only
high_bonus_surcharge_sensitive,probability_weighted,year_1,skilled_work_hours,environmental_protection,hours,200000,69530960854,1.88944589877,0.0919888613034,0,0,3.84100799784,8.45902383178,0.20422,especially_prior_driven_appendix_only
high_bonus_surcharge_sensitive,probability_weighted,year_5_annual,cause_directed_cash,factory_farming_reduction,USD,200000,69530960854,29754.8803058,7217.58957143,0,0,86431.2187037,136360.207776,0.179845,especially_prior_driven_appendix_only
high_bonus_surcharge_sensitive,probability_weighted,year_5_annual,cause_directed_cash,wild_animal_suffering,USD,200000,69530960854,5655.75471336,1397.28290368,0,0,16350.4223352,25993.656504,0.17984,especially_prior_driven_appendix_only
high_bonus_surcharge_sensitive,probability_weighted,year_5_annual,cause_directed_cash,residual_existential_risk_prevention,USD,200000,69530960854,17771.9773009,4463.18294102,0,0,51427.5412379,81063.6349469,0.179845,especially_prior_driven_appendix_only
high_bonus_surcharge_sensitive,probability_weighted,year_5_annual,cause_directed_cash,preventing_extreme_power_concentration,USD,200000,69530960854,23766.6368036,5708.81608412,0,0,69437.517982,109788.292799,0.17984,especially_prior_driven_appendix_only
high_bonus_surcharge_sensitive,probability_weighted,year_5_annual,cause_directed_cash,biorisk_prevention,USD,200000,69530960854,12848.6056459,3160.32656975,0,0,37243.4169499,58781.8976587,0.179845,especially_prior_driven_appendix_only
high_bonus_surcharge_sensitive,probability_weighted,year_5_annual,cause_directed_cash,space_governance,USD,200000,69530960854,6650.77916235,1645.0265815,0,0,19279.0175167,30472.4146671,0.179845,especially_prior_driven_appendix_only
high_bonus_surcharge_sensitive,probability_weighted,year_5_annual,cause_directed_cash,global_health,USD,200000,69530960854,36444.2051489,8906.45055945,0,0,106703.175406,167559.048071,0.179835,especially_prior_driven_appendix_only
high_bonus_surcharge_sensitive,probability_weighted,year_5_annual,cause_directed_cash,strategic_reasoning,USD,200000,69530960854,9653.29576334,2396.9676714,0,0,27859.1404325,44089.772399,0.17984,especially_prior_driven_appendix_only
high_bonus_surcharge_sensitive,probability_weighted,year_5_annual,cause_directed_cash,environmental_protection,USD,200000,69530960854,30961.3100758,7465.81201918,0,0,90062.2066071,141986.185702,0.17985,especially_prior_driven_appendix_only
high_bonus_surcharge_sensitive,probability_weighted,year_5_annual,ordinary_action_hours,factory_farming_reduction,hours,200000,69530960854,113.908735938,7.09232909763,0,0,251.427830584,529.361182386,0.203825,especially_prior_driven_appendix_only
high_bonus_surcharge_sensitive,probability_weighted,year_5_annual,ordinary_action_hours,wild_animal_suffering,hours,200000,69530960854,12.4391204014,0.758594178115,0,0,27.2235674287,57.309919867,0.20394,especially_prior_driven_appendix_only
high_bonus_surcharge_sensitive,probability_weighted,year_5_annual,ordinary_action_hours,residual_existential_risk_prevention,hours,200000,69530960854,30.8559727462,1.88633629502,0,0,67.5771320601,142.827757006,0.20438,especially_prior_driven_appendix_only
high_bonus_surcharge_sensitive,probability_weighted,year_5_annual,ordinary_action_hours,preventing_extreme_power_concentration,hours,200000,69530960854,18.633581442,1.13228691103,0,0,40.8449738742,86.3017914958,0.204655,especially_prior_driven_appendix_only
high_bonus_surcharge_sensitive,probability_weighted,year_5_annual,ordinary_action_hours,biorisk_prevention,hours,200000,69530960854,20.6744691679,1.25803262002,0,0,45.0451593138,95.1005066631,0.20476,especially_prior_driven_appendix_only
high_bonus_surcharge_sensitive,probability_weighted,year_5_annual,ordinary_action_hours,space_governance,hours,200000,69530960854,10.8102853865,0.64802375226,0,0,23.3989888409,49.6247432631,0.20531,especially_prior_driven_appendix_only
high_bonus_surcharge_sensitive,probability_weighted,year_5_annual,ordinary_action_hours,global_health,hours,200000,69530960854,46.5828613734,2.85315854537,0,0,101.952775447,214.350084088,0.204995,especially_prior_driven_appendix_only
high_bonus_surcharge_sensitive,probability_weighted,year_5_annual,ordinary_action_hours,strategic_reasoning,hours,200000,69530960854,28.7243359995,1.75805356958,0,0,62.6773034125,132.653039238,0.204005,especially_prior_driven_appendix_only
high_bonus_surcharge_sensitive,probability_weighted,year_5_annual,ordinary_action_hours,environmental_protection,hours,200000,69530960854,71.4947394604,4.41037550184,0,0,155.860667668,329.270670034,0.20463,especially_prior_driven_appendix_only
high_bonus_surcharge_sensitive,probability_weighted,year_5_annual,skilled_work_hours,factory_farming_reduction,hours,200000,69530960854,25.4155596096,1.25094905869,0,0,51.7628407777,114.362737789,0.20422,especially_prior_driven_appendix_only
high_bonus_surcharge_sensitive,probability_weighted,year_5_annual,skilled_work_hours,wild_animal_suffering,hours,200000,69530960854,3.88550728247,0.185675765694,0,0,7.78289880236,17.3898958628,0.20505,especially_prior_driven_appendix_only
high_bonus_surcharge_sensitive,probability_weighted,year_5_annual,skilled_work_hours,residual_existential_risk_prevention,hours,200000,69530960854,9.69154444905,0.471501306106,0,0,19.6709138674,43.3189079701,0.20448,especially_prior_driven_appendix_only
high_bonus_surcharge_sensitive,probability_weighted,year_5_annual,skilled_work_hours,preventing_extreme_power_concentration,hours,200000,69530960854,5.85746521849,0.283154975564,0,0,11.8119504144,26.0693472148,0.20456,especially_prior_driven_appendix_only
high_bonus_surcharge_sensitive,probability_weighted,year_5_annual,skilled_work_hours,biorisk_prevention,hours,200000,69530960854,7.12175118603,0.346131888029,0,0,14.4326515894,31.8977946469,0.203435,especially_prior_driven_appendix_only
high_bonus_surcharge_sensitive,probability_weighted,year_5_annual,skilled_work_hours,space_governance,hours,200000,69530960854,3.62289138644,0.1745861739,0,0,7.29484793834,16.1916605346,0.204615,especially_prior_driven_appendix_only
high_bonus_surcharge_sensitive,probability_weighted,year_5_annual,skilled_work_hours,global_health,hours,200000,69530960854,12.802423865,0.624948311955,0,0,25.996385396,57.1616030846,0.204515,especially_prior_driven_appendix_only
high_bonus_surcharge_sensitive,probability_weighted,year_5_annual,skilled_work_hours,strategic_reasoning,hours,200000,69530960854,8.36249199689,0.4077545161,0,0,17.0374278838,37.499977093,0.204705,especially_prior_driven_appendix_only
high_bonus_surcharge_sensitive,probability_weighted,year_5_annual,skilled_work_hours,environmental_protection,hours,200000,69530960854,15.8422771512,0.771291221697,0,0,32.2053747511,70.9256613588,0.20422,especially_prior_driven_appendix_only
high_bonus_surcharge_sensitive,probability_weighted,five_year_cumulative,cause_directed_cash,factory_farming_reduction,USD,200000,69530960854,83300.6963118,20320.369886,0,0,241701.311265,381446.567972,0.179845,especially_prior_driven_appendix_only
high_bonus_surcharge_sensitive,probability_weighted,five_year_cumulative,cause_directed_cash,wild_animal_suffering,USD,200000,69530960854,15838.301605,3945.53473947,0,0,45748.8300239,72703.447646,0.17984,especially_prior_driven_appendix_only
high_bonus_surcharge_sensitive,probability_weighted,five_year_cumulative,cause_directed_cash,residual_existential_risk_prevention,USD,200000,69530960854,49770.8053895,12610.3120177,0,0,143899.657318,226330.079933,0.179845,especially_prior_driven_appendix_only
high_bonus_surcharge_sensitive,probability_weighted,five_year_cumulative,cause_directed_cash,preventing_extreme_power_concentration,USD,200000,69530960854,66528.7598567,16035.9088667,0,0,194257.748894,307258.62726,0.17984,especially_prior_driven_appendix_only
high_bonus_surcharge_sensitive,probability_weighted,five_year_cumulative,cause_directed_cash,biorisk_prevention,USD,200000,69530960854,35977.2312977,8912.77440753,0,0,104197.128507,164370.792465,0.179845,especially_prior_driven_appendix_only
high_bonus_surcharge_sensitive,probability_weighted,five_year_cumulative,cause_directed_cash,space_governance,USD,200000,69530960854,18624.672522,4640.33203257,0,0,53933.2885488,85245.4396063,0.179845,especially_prior_driven_appendix_only
high_bonus_surcharge_sensitive,probability_weighted,five_year_cumulative,cause_directed_cash,global_health,USD,200000,69530960854,102022.527907,25037.8500648,0,0,298425.984474,468578.433685,0.179835,especially_prior_driven_appendix_only
high_bonus_surcharge_sensitive,probability_weighted,five_year_cumulative,cause_directed_cash,strategic_reasoning,USD,200000,69530960854,27035.3422439,6775.15297304,0,0,77939.7114192,123325.519748,0.17984,especially_prior_driven_appendix_only
high_bonus_surcharge_sensitive,probability_weighted,five_year_cumulative,cause_directed_cash,environmental_protection,USD,200000,69530960854,86670.4563584,20986.3580935,0,0,251921.646199,397151.478924,0.17985,especially_prior_driven_appendix_only
high_bonus_surcharge_sensitive,probability_weighted,five_year_cumulative,ordinary_action_hours,factory_farming_reduction,hours,200000,69530960854,318.735453771,19.8455080255,0,0,703.536590167,1481.24000576,0.203825,especially_prior_driven_appendix_only
high_bonus_surcharge_sensitive,probability_weighted,five_year_cumulative,ordinary_action_hours,wild_animal_suffering,hours,200000,69530960854,34.8067130497,2.1226717828,0,0,76.1760373004,160.362619811,0.20394,especially_prior_driven_appendix_only
high_bonus_surcharge_sensitive,probability_weighted,five_year_cumulative,ordinary_action_hours,residual_existential_risk_prevention,hours,200000,69530960854,86.3401072255,5.27828045855,0,0,189.09197503,399.655650338,0.20438,especially_prior_driven_appendix_only
high_bonus_surcharge_sensitive,probability_weighted,five_year_cumulative,ordinary_action_hours,preventing_extreme_power_concentration,hours,200000,69530960854,52.13983798,3.16832576022,0,0,114.290981942,241.486664277,0.204655,especially_prior_driven_appendix_only
high_bonus_surcharge_sensitive,probability_weighted,five_year_cumulative,ordinary_action_hours,biorisk_prevention,hours,200000,69530960854,57.8505788642,3.52018301931,0,0,126.04379441,266.106922314,0.20476,especially_prior_driven_appendix_only
high_bonus_surcharge_sensitive,probability_weighted,five_year_cumulative,ordinary_action_hours,space_governance,hours,200000,69530960854,30.2489636962,1.81327747192,0,0,65.47423483,138.858226562,0.20531,especially_prior_driven_appendix_only
high_bonus_surcharge_sensitive,probability_weighted,five_year_cumulative,ordinary_action_hours,global_health,hours,200000,69530960854,130.346538705,7.98360877374,0,0,285.280701939,599.78693254,0.204995,especially_prior_driven_appendix_only
high_bonus_surcharge_sensitive,probability_weighted,five_year_cumulative,ordinary_action_hours,strategic_reasoning,hours,200000,69530960854,80.3754355949,4.91932420845,0,0,175.381445329,371.185109794,0.204005,especially_prior_driven_appendix_only
high_bonus_surcharge_sensitive,probability_weighted,five_year_cumulative,ordinary_action_hours,environmental_protection,hours,200000,69530960854,200.054087481,12.340958973,0,0,436.123886594,921.353709727,0.20463,especially_prior_driven_appendix_only
high_bonus_surcharge_sensitive,probability_weighted,five_year_cumulative,skilled_work_hours,factory_farming_reduction,hours,200000,69530960854,71.1169328525,3.50036204496,0,0,144.840976488,320.005825923,0.20422,especially_prior_driven_appendix_only
high_bonus_surcharge_sensitive,probability_weighted,five_year_cumulative,skilled_work_hours,wild_animal_suffering,hours,200000,69530960854,10.8722910197,0.519551454466,0,0,21.7778360983,48.65980035,0.20505,especially_prior_driven_appendix_only
high_bonus_surcharge_sensitive,probability_weighted,five_year_cumulative,skilled_work_hours,residual_existential_risk_prevention,hours,200000,69530960854,27.118541807,1.31933851708,0,0,55.0424654088,121.213458082,0.20448,especially_prior_driven_appendix_only
high_bonus_surcharge_sensitive,probability_weighted,five_year_cumulative,skilled_work_hours,preventing_extreme_power_concentration,hours,200000,69530960854,16.3901549692,0.792314381164,0,0,33.0517878568,72.9463385368,0.20456,especially_prior_driven_appendix_only
high_bonus_surcharge_sensitive,probability_weighted,five_year_cumulative,skilled_work_hours,biorisk_prevention,hours,200000,69530960854,19.9278358875,0.9685341821,0,0,40.3849425207,89.2552969477,0.203435,especially_prior_driven_appendix_only
high_bonus_surcharge_sensitive,probability_weighted,five_year_cumulative,skilled_work_hours,space_governance,hours,200000,69530960854,10.1374483749,0.488520945317,0,0,20.4121891853,45.3069400279,0.204615,especially_prior_driven_appendix_only
high_bonus_surcharge_sensitive,probability_weighted,five_year_cumulative,skilled_work_hours,global_health,hours,200000,69530960854,35.823296136,1.74870857932,0,0,72.742179319,159.947604962,0.204515,especially_prior_driven_appendix_only
high_bonus_surcharge_sensitive,probability_weighted,five_year_cumulative,skilled_work_hours,strategic_reasoning,hours,200000,69530960854,23.3996335693,1.14096447166,0,0,47.6735367391,104.931128563,0.204705,especially_prior_driven_appendix_only
high_bonus_surcharge_sensitive,probability_weighted,five_year_cumulative,skilled_work_hours,environmental_protection,hours,200000,69530960854,44.3293076249,2.1582002075,0,0,90.1159568724,198.461712976,0.20422,especially_prior_driven_appendix_only
high_bonus_surcharge_sensitive,probability_weighted,eoy5_annualized_run_rate,cause_directed_cash,factory_farming_reduction,USD,200000,69530960854,32765.296585,7948.29049915,0,0,95184.4687314,150230.883406,0.179845,especially_prior_driven_appendix_only
high_bonus_surcharge_sensitive,probability_weighted,eoy5_annualized_run_rate,cause_directed_cash,wild_animal_suffering,USD,200000,69530960854,6228.41808225,1538.28789201,0,0,18004.6806284,28631.0066252,0.17984,especially_prior_driven_appendix_only
high_bonus_surcharge_sensitive,probability_weighted,eoy5_annualized_run_rate,cause_directed_cash,residual_existential_risk_prevention,USD,200000,69530960854,19572.0562232,4912.43794985,0,0,56633.5276501,89273.0879159,0.179845,especially_prior_driven_appendix_only
high_bonus_surcharge_sensitive,probability_weighted,eoy5_annualized_run_rate,cause_directed_cash,preventing_extreme_power_concentration,USD,200000,69530960854,26169.1734938,6285.15377312,0,0,76468.9752394,120895.2321,0.17984,especially_prior_driven_appendix_only
high_bonus_surcharge_sensitive,probability_weighted,eoy5_annualized_run_rate,cause_directed_cash,biorisk_prevention,USD,200000,69530960854,14149.2350499,3478.04471865,0,0,41007.5514985,64741.9580493,0.179845,especially_prior_driven_appendix_only
high_bonus_surcharge_sensitive,probability_weighted,eoy5_annualized_run_rate,cause_directed_cash,space_governance,USD,200000,69530960854,7324.31351443,1809.99054366,0,0,21226.0635638,33568.1480338,0.179845,especially_prior_driven_appendix_only
high_bonus_surcharge_sensitive,probability_weighted,eoy5_annualized_run_rate,cause_directed_cash,global_health,USD,200000,69530960854,40130.0198515,9806.37937226,0,0,117482.979074,184531.659495,0.179835,especially_prior_driven_appendix_only
high_bonus_surcharge_sensitive,probability_weighted,eoy5_annualized_run_rate,cause_directed_cash,strategic_reasoning,USD,200000,69530960854,10631.0565589,2638.3696136,0,0,30675.7929004,48562.4612172,0.17984,especially_prior_driven_appendix_only
high_bonus_surcharge_sensitive,probability_weighted,eoy5_annualized_run_rate,cause_directed_cash,environmental_protection,USD,200000,69530960854,34091.3945917,8221.7388495,0,0,99166.7166873,156366.812136,0.17985,especially_prior_driven_appendix_only
high_bonus_surcharge_sensitive,probability_weighted,eoy5_annualized_run_rate,ordinary_action_hours,factory_farming_reduction,hours,200000,69530960854,125.404112959,7.80806873133,0,0,276.801281377,582.782953086,0.203825,especially_prior_driven_appendix_only
high_bonus_surcharge_sensitive,probability_weighted,eoy5_annualized_run_rate,ordinary_action_hours,wild_animal_suffering,hours,200000,69530960854,13.6944444786,0.835149553888,0,0,29.9708999215,63.0934897619,0.20394,especially_prior_driven_appendix_only
high_bonus_surcharge_sensitive,probability_weighted,eoy5_annualized_run_rate,ordinary_action_hours,residual_existential_risk_prevention,hours,200000,69530960854,33.9698782526,2.07670050828,0,0,74.3968426349,157.241567346,0.20438,especially_prior_driven_appendix_only
high_bonus_surcharge_sensitive,probability_weighted,eoy5_annualized_run_rate,ordinary_action_hours,preventing_extreme_power_concentration,hours,200000,69530960854,20.5140346151,1.24655439746,0,0,44.9669437147,95.0111466009,0.204655,especially_prior_driven_appendix_only
high_bonus_surcharge_sensitive,probability_weighted,eoy5_annualized_run_rate,ordinary_action_hours,biorisk_prevention,hours,200000,69530960854,22.7608834875,1.38499004038,0,0,49.5910010795,104.697805501,0.20476,especially_prior_driven_appendix_only
high_bonus_surcharge_sensitive,probability_weighted,eoy5_annualized_run_rate,ordinary_action_hours,space_governance,hours,200000,69530960854,11.9012316182,0.71342064469,0,0,25.7603546872,54.6327448768,0.20531,especially_prior_driven_appendix_only
high_bonus_surcharge_sensitive,probability_weighted,eoy5_annualized_run_rate,ordinary_action_hours,global_health,hours,200000,69530960854,51.2838840808,3.14109197655,0,0,112.241587648,235.98174395,0.204995,especially_prior_driven_appendix_only
high_bonus_surcharge_sensitive,probability_weighted,eoy5_annualized_run_rate,ordinary_action_hours,strategic_reasoning,hours,200000,69530960854,31.6231222013,1.93547181972,0,0,69.002535867,146.040043197,0.204005,especially_prior_driven_appendix_only
high_bonus_surcharge_sensitive,probability_weighted,eoy5_annualized_run_rate,ordinary_action_hours,environmental_protection,hours,200000,69530960854,78.7098049105,4.85545926808,0,0,171.589725873,362.49982022,0.20463,especially_prior_driven_appendix_only
high_bonus_surcharge_sensitive,probability_weighted,eoy5_annualized_run_rate,skilled_work_hours,factory_farming_reduction,hours,200000,69530960854,27.9804325977,1.37719162425,0,0,56.9866137002,125.903931511,0.20422,especially_prior_driven_appendix_only
high_bonus_surcharge_sensitive,probability_weighted,eoy5_annualized_run_rate,skilled_work_hours,wild_animal_suffering,hours,200000,69530960854,4.27762269629,0.204413687003,0,0,8.56832895673,19.144839482,0.20505,especially_prior_driven_appendix_only
high_bonus_surcharge_sensitive,probability_weighted,eoy5_annualized_run_rate,skilled_work_hours,residual_existential_risk_prevention,hours,200000,69530960854,10.6695902191,0.519084006722,0,0,21.6560519641,47.6905408846,0.20448,especially_prior_driven_appendix_only
high_bonus_surcharge_sensitive,probability_weighted,eoy5_annualized_run_rate,skilled_work_hours,preventing_extreme_power_concentration,hours,200000,69530960854,6.44858556164,0.311730248327,0,0,13.0039821076,28.7001987686,0.20456,especially_prior_driven_appendix_only
high_bonus_surcharge_sensitive,probability_weighted,eoy5_annualized_run_rate,skilled_work_hours,biorisk_prevention,hours,200000,69530960854,7.84046002132,0.381062629023,0,0,15.8891577131,35.1168381434,0.203435,especially_prior_driven_appendix_only
high_bonus_surcharge_sensitive,probability_weighted,eoy5_annualized_run_rate,skilled_work_hours,space_governance,hours,200000,69530960854,3.98850427865,0.192204962092,0,0,8.03102525322,17.8256813224,0.204615,especially_prior_driven_appendix_only
high_bonus_surcharge_sensitive,probability_weighted,eoy5_annualized_run_rate,skilled_work_hours,global_health,hours,200000,69530960854,14.0944115945,0.688016490226,0,0,28.6198738304,62.9302052308,0.204515,especially_prior_driven_appendix_only
high_bonus_surcharge_sensitive,probability_weighted,eoy5_annualized_run_rate,skilled_work_hours,strategic_reasoning,hours,200000,69530960854,9.20641320758,0.448904054422,0,0,18.75680134,41.284378451,0.204705,especially_prior_driven_appendix_only
high_bonus_surcharge_sensitive,probability_weighted,eoy5_annualized_run_rate,skilled_work_hours,environmental_protection,hours,200000,69530960854,17.4410390655,0.849127950492,0,0,35.4554584416,78.0832969087,0.20422,especially_prior_driven_appendix_only
near_zero_additionality,conditional,year_1,cause_directed_cash,factory_farming_reduction,USD,200000,69521060838,8296.7064105,4894.32033475,440.651079123,789.111184199,20130.9141031,27794.7825125,1.5e-05,especially_prior_driven_appendix_only
near_zero_additionality,conditional,year_1,cause_directed_cash,wild_animal_suffering,USD,200000,69521060838,1587.92083524,945.42209908,89.5558844284,159.695783461,3818.50848687,5253.18192538,2e-05,especially_prior_driven_appendix_only
near_zero_additionality,conditional,year_1,cause_directed_cash,residual_existential_risk_prevention,USD,200000,69521060838,5016.91509811,3033.71122165,290.18988096,516.71042673,12042.2500718,16453.0490035,3e-05,especially_prior_driven_appendix_only
near_zero_additionality,conditional,year_1,cause_directed_cash,preventing_extreme_power_concentration,USD,200000,69521060838,6586.75641112,3906.32736176,310.265339794,581.630270259,16030.9326243,22035.3338898,1e-05,especially_prior_driven_appendix_only
near_zero_additionality,conditional,year_1,cause_directed_cash,biorisk_prevention,USD,200000,69521060838,3605.03888347,2152.87024247,198.452887182,356.571286893,8697.41746973,11946.3872607,2.5e-05,especially_prior_driven_appendix_only
near_zero_additionality,conditional,year_1,cause_directed_cash,space_governance,USD,200000,69521060838,1869.4348476,1123.86781203,103.771822816,188.391310446,4507.68380954,6199.91524568,2e-05,especially_prior_driven_appendix_only
near_zero_additionality,conditional,year_1,cause_directed_cash,global_health,USD,200000,69521060838,10162.4996773,6088.89006135,513.884063753,941.343319776,24738.4552741,33733.6109938,1.5e-05,especially_prior_driven_appendix_only
near_zero_additionality,conditional,year_1,cause_directed_cash,strategic_reasoning,USD,200000,69521060838,2730.94479463,1627.91721724,158.19165778,281.325722896,6561.05349447,9069.69754339,1e-05,especially_prior_driven_appendix_only
near_zero_additionality,conditional,year_1,cause_directed_cash,environmental_protection,USD,200000,69521060838,8572.04890043,5083.71091876,424.716008473,783.318467011,20815.6709247,28644.7426487,4e-05,especially_prior_driven_appendix_only
near_zero_additionality,conditional,year_1,ordinary_action_hours,factory_farming_reduction,hours,200000,69521060838,1.56429694748,0.335871658176,0.00269484818133,0.0125395163108,3.80624739545,6.8929128604,0.029935,especially_prior_driven_appendix_only
near_zero_additionality,conditional,year_1,ordinary_action_hours,wild_animal_suffering,hours,200000,69521060838,0.172805566156,0.0360331366753,0.000284147560363,0.00131973940165,0.415092191971,0.757106005046,0.030005,especially_prior_driven_appendix_only
near_zero_additionality,conditional,year_1,ordinary_action_hours,residual_existential_risk_prevention,hours,200000,69521060838,0.427647554811,0.0896910312992,0.000710935974874,0.00329658134588,1.02992868238,1.88231739827,0.029765,especially_prior_driven_appendix_only
near_zero_additionality,conditional,year_1,ordinary_action_hours,preventing_extreme_power_concentration,hours,200000,69521060838,0.258011415279,0.05408193298,0.000418158213119,0.00194980181121,0.622169999409,1.13537118774,0.030285,especially_prior_driven_appendix_only
near_zero_additionality,conditional,year_1,ordinary_action_hours,biorisk_prevention,hours,200000,69521060838,0.286918487994,0.059973870232,0.000473929860694,0.00219612619342,0.691043350932,1.25779169801,0.02997,especially_prior_driven_appendix_only
near_zero_additionality,conditional,year_1,ordinary_action_hours,space_governance,hours,200000,69521060838,0.148639729344,0.030993832986,0.000237424184314,0.00112641190387,0.358355655501,0.649147055181,0.03021,especially_prior_driven_appendix_only
near_zero_additionality,conditional,year_1,ordinary_action_hours,global_health,hours,200000,69521060838,0.64515834822,0.135662442882,0.00107319488513,0.00501415716782,1.55334158236,2.8174758496,0.02993,especially_prior_driven_appendix_only
near_zero_additionality,conditional,year_1,ordinary_action_hours,strategic_reasoning,hours,200000,69521060838,0.397669001199,0.0831662652074,0.000652114051753,0.00304565760476,0.956580017346,1.74188009965,0.0299,especially_prior_driven_appendix_only
near_zero_additionality,conditional,year_1,ordinary_action_hours,environmental_protection,hours,200000,69521060838,0.987469932367,0.208306736859,0.00161927947308,0.0075876331767,2.39322519143,4.31862156034,0.030475,especially_prior_driven_appendix_only
near_zero_additionality,conditional,year_1,skilled_work_hours,factory_farming_reduction,hours,200000,69521060838,0.353015217652,0.0615318624046,0.000395035277158,0.00192777015533,0.816314445984,1.55947284619,0.029705,especially_prior_driven_appendix_only
near_zero_additionality,conditional,year_1,skilled_work_hours,wild_animal_suffering,hours,200000,69521060838,0.0542085966361,0.00923268081595,5.79167419259e-05,0.000285686634364,0.124526154317,0.238120028632,0.029935,especially_prior_driven_appendix_only
near_zero_additionality,conditional,year_1,skilled_work_hours,residual_existential_risk_prevention,hours,200000,69521060838,0.135511405011,0.0231349175688,0.000144298667197,0.000722027152113,0.312172936075,0.593725871882,0.030095,especially_prior_driven_appendix_only
near_zero_additionality,conditional,year_1,skilled_work_hours,preventing_extreme_power_concentration,hours,200000,69521060838,0.081604153274,0.0139227539146,8.85772650261e-05,0.000431107116238,0.187964430151,0.358942407461,0.02999,especially_prior_driven_appendix_only
near_zero_additionality,conditional,year_1,skilled_work_hours,biorisk_prevention,hours,200000,69521060838,0.0992539866254,0.0170036594319,0.000107930576377,0.000528101093224,0.228637753025,0.43479417856,0.029725,especially_prior_driven_appendix_only
near_zero_additionality,conditional,year_1,skilled_work_hours,space_governance,hours,200000,69521060838,0.0503395007907,0.00857546373028,5.48265965432e-05,0.000265911340696,0.115945034218,0.219763156146,0.02967,especially_prior_driven_appendix_only
near_zero_additionality,conditional,year_1,skilled_work_hours,global_health,hours,200000,69521060838,0.178404429163,0.0306168283958,0.000194955806597,0.000958529017893,0.411101784106,0.780440136569,0.029685,especially_prior_driven_appendix_only
near_zero_additionality,conditional,year_1,skilled_work_hours,strategic_reasoning,hours,200000,69521060838,0.11732710638,0.0201191182,0.000128654507756,0.000624240198004,0.270624760477,0.513014890993,0.02954,especially_prior_driven_appendix_only
near_zero_additionality,conditional,year_1,skilled_work_hours,environmental_protection,hours,200000,69521060838,0.221432192699,0.0380260396008,0.0002396924352,0.00118068652993,0.507352024796,0.966920872146,0.03015,especially_prior_driven_appendix_only
near_zero_additionality,conditional,year_5_annual,cause_directed_cash,factory_farming_reduction,USD,200000,69521060838,67980.4017531,39530.4939063,3145.64005756,5862.16467202,166385.223633,230345.164782,1.5e-05,especially_prior_driven_appendix_only
near_zero_additionality,conditional,year_5_annual,cause_directed_cash,wild_animal_suffering,USD,200000,69521060838,12867.8036767,7492.50494405,617.55514108,1136.71664161,31338.0556982,43265.3288695,2e-05,especially_prior_driven_appendix_only
near_zero_additionality,conditional,year_5_annual,cause_directed_cash,residual_existential_risk_prevention,USD,200000,69521060838,40480.7247773,23905.4929258,1985.16960002,3647.74592279,98584.1390807,135330.958865,3e-05,especially_prior_driven_appendix_only
near_zero_additionality,conditional,year_5_annual,cause_directed_cash,preventing_extreme_power_concentration,USD,200000,69521060838,54252.8989227,31801.1075653,2184.36279004,4356.8584543,132964.462901,182993.452182,1e-05,especially_prior_driven_appendix_only
near_zero_additionality,conditional,year_5_annual,cause_directed_cash,biorisk_prevention,USD,200000,69521060838,29298.3659477,17152.6011172,1372.58678828,2570.19820292,71456.5186191,98582.3577371,2.5e-05,especially_prior_driven_appendix_only
near_zero_additionality,conditional,year_5_annual,cause_directed_cash,space_governance,USD,200000,69521060838,15139.5551443,8895.17326335,716.009759131,1338.56438205,36945.2966736,51082.1271913,2e-05,especially_prior_driven_appendix_only
near_zero_additionality,conditional,year_5_annual,cause_directed_cash,global_health,USD,200000,69521060838,83480.4384698,49309.6044318,3637.17063449,6996.90526159,204694.546496,279693.427518,1.5e-05,especially_prior_driven_appendix_only
near_zero_additionality,conditional,year_5_annual,cause_directed_cash,strategic_reasoning,USD,200000,69521060838,22028.8621291,12820.2165849,1095.04906982,1988.88788032,53632.8042351,74565.1609185,1e-05,especially_prior_driven_appendix_only
near_zero_additionality,conditional,year_5_annual,cause_directed_cash,environmental_protection,USD,200000,69521060838,70573.9795363,41285.5046511,3073.27184108,5930.07205311,172453.116564,238074.275829,4e-05,especially_prior_driven_appendix_only
near_zero_additionality,conditional,year_5_annual,ordinary_action_hours,factory_farming_reduction,hours,200000,69521060838,13.1160282519,2.8161546724,0.0225952655204,0.105139021375,31.9139204695,57.7944232141,0.029935,especially_prior_driven_appendix_only
near_zero_additionality,conditional,year_5_annual,ordinary_action_hours,wild_animal_suffering,hours,200000,69521060838,1.44890820854,0.302123992123,0.00238246800612,0.0110655072908,3.48038837883,6.34804265769,0.030005,especially_prior_driven_appendix_only
near_zero_additionality,conditional,year_5_annual,ordinary_action_hours,residual_existential_risk_prevention,hours,200000,69521060838,3.58566026726,0.752024800893,0.0059609247124,0.0276405666693,8.63555587537,15.7825074163,0.029765,especially_prior_driven_appendix_only
near_zero_additionality,conditional,year_5_annual,ordinary_action_hours,preventing_extreme_power_concentration,hours,200000,69521060838,2.16332648196,0.453456207294,0.00350609578692,0.0163483382632,5.21665614889,9.51965072798,0.030285,especially_prior_driven_appendix_only
near_zero_additionality,conditional,year_5_annual,ordinary_action_hours,biorisk_prevention,hours,200000,69521060838,2.40570116857,0.502857835022,0.0039737196012,0.0184136734679,5.79413271166,10.5460996218,0.02997,especially_prior_driven_appendix_only
near_zero_additionality,conditional,year_5_annual,ordinary_action_hours,space_governance,hours,200000,69521060838,1.24628696142,0.259871368882,0.00199071046848,0.00944453057863,3.00467434228,5.44284838575,0.03021,especially_prior_driven_appendix_only
near_zero_additionality,conditional,year_5_annual,ordinary_action_hours,global_health,hours,200000,69521060838,5.409404612,1.1374774057,0.00899832634452,0.0420417793302,13.024171729,23.6234513543,0.02993,especially_prior_driven_appendix_only
near_zero_additionality,conditional,year_5_annual,ordinary_action_hours,strategic_reasoning,hours,200000,69521060838,3.33430162543,0.697317146739,0.00546772551085,0.0255366676091,8.02055553005,14.6049946817,0.0299,especially_prior_driven_appendix_only
near_zero_additionality,conditional,year_5_annual,ordinary_action_hours,environmental_protection,hours,200000,69521060838,8.27955558677,1.74657187059,0.013577035582,0.0636193858662,20.0662727589,36.2099807751,0.030475,especially_prior_driven_appendix_only
near_zero_additionality,conditional,year_5_annual,skilled_work_hours,factory_farming_reduction,hours,200000,69521060838,2.95989682493,0.515921000162,0.00331221886233,0.0161636113023,6.84448266248,13.0755800181,0.029705,especially_prior_driven_appendix_only
near_zero_additionality,conditional,year_5_annual,skilled_work_hours,wild_animal_suffering,hours,200000,69521060838,0.454518233333,0.0774124776106,0.000485609605378,0.00239537254966,1.04410390928,1.99654485546,0.029935,especially_prior_driven_appendix_only
near_zero_additionality,conditional,year_5_annual,skilled_work_hours,residual_existential_risk_prevention,hours,200000,69521060838,1.13621101124,0.193977385769,0.00120988882496,0.00605391996771,2.61745000248,4.97816307963,0.030095,especially_prior_driven_appendix_only
near_zero_additionality,conditional,year_5_annual,skilled_work_hours,preventing_extreme_power_concentration,hours,200000,69521060838,0.684219438989,0.116736936668,0.000742686299065,0.00361466735923,1.5760094528,3.00959403179,0.02999,especially_prior_driven_appendix_only
near_zero_additionality,conditional,year_5_annual,skilled_work_hours,biorisk_prevention,hours,200000,69521060838,0.832206503243,0.142569144468,0.000904956371159,0.00442792455088,1.91703962152,3.6455819587,0.029725,especially_prior_driven_appendix_only
near_zero_additionality,conditional,year_5_annual,skilled_work_hours,space_governance,hours,200000,69521060838,0.422077352784,0.0719019651231,0.000459699924862,0.00222956431814,0.972154517671,1.84262953999,0.02967,especially_prior_driven_appendix_only
near_zero_additionality,conditional,year_5_annual,skilled_work_hours,global_health,hours,200000,69521060838,1.49585252144,0.256710330396,0.00163462945531,0.00803689715003,3.44693034366,6.54369037585,0.029685,especially_prior_driven_appendix_only
near_zero_additionality,conditional,year_5_annual,skilled_work_hours,strategic_reasoning,hours,200000,69521060838,0.983742661188,0.168691067985,0.00107871856503,0.00523401396788,2.26908453015,4.30143254755,0.02954,especially_prior_driven_appendix_only
near_zero_additionality,conditional,year_5_annual,skilled_work_hours,environmental_protection,hours,200000,69521060838,1.85662376955,0.318833716653,0.00200972887976,0.00989960244323,4.25395159252,8.1072596203,0.03015,especially_prior_driven_appendix_only
near_zero_additionality,conditional,five_year_cumulative,cause_directed_cash,factory_farming_reduction,USD,200000,69521060838,190547.30475,110919.282358,9003.17528874,16616.9846593,466235.484819,645030.009917,1.5e-05,especially_prior_driven_appendix_only
near_zero_additionality,conditional,five_year_cumulative,cause_directed_cash,wild_animal_suffering,USD,200000,69521060838,36098.4497679,21055.9473535,1785.79615161,3240.77359418,87816.3037176,121219.259662,2e-05,especially_prior_driven_appendix_only
near_zero_additionality,conditional,five_year_cumulative,cause_directed_cash,residual_existential_risk_prevention,USD,200000,69521060838,113599.618667,67192.0066333,5737.80249613,10419.4853511,276269.253769,379071.090569,3e-05,especially_prior_driven_appendix_only
near_zero_additionality,conditional,five_year_cumulative,cause_directed_cash,preventing_extreme_power_concentration,USD,200000,69521060838,152009.171227,89169.2144069,6247.74109919,12324.5094128,372303.480103,512349.273544,1e-05,especially_prior_driven_appendix_only
near_zero_additionality,conditional,five_year_cumulative,cause_directed_cash,biorisk_prevention,USD,200000,69521060838,82173.2299825,48197.23885,3954.80874679,7318.81477072,200231.045595,276338.366432,2.5e-05,especially_prior_driven_appendix_only
near_zero_additionality,conditional,five_year_cumulative,cause_directed_cash,space_governance,USD,200000,69521060838,42473.4065195,24993.3164027,2069.86841306,3821.68363804,103498.970821,143100.446511,2e-05,especially_prior_driven_appendix_only
near_zero_additionality,conditional,five_year_cumulative,cause_directed_cash,global_health,USD,200000,69521060838,233949.024447,138343.257969,10399.5084908,19820.3196155,573193.383816,783540.945018,1.5e-05,especially_prior_driven_appendix_only
near_zero_additionality,conditional,five_year_cumulative,cause_directed_cash,strategic_reasoning,USD,200000,69521060838,61819.9201036,36041.8624405,3175.37095528,5678.55938042,150356.011565,208941.318196,1e-05,especially_prior_driven_appendix_only
near_zero_additionality,conditional,five_year_cumulative,cause_directed_cash,environmental_protection,USD,200000,69521060838,197746.304924,115826.870247,8764.05333117,16773.6250848,482882.681425,666536.492238,4e-05,especially_prior_driven_appendix_only
near_zero_additionality,conditional,five_year_cumulative,ordinary_action_hours,factory_farming_reduction,hours,200000,69521060838,36.7008129985,7.88006582644,0.0632252842543,0.294196344215,89.3004196624,161.718340186,0.029935,especially_prior_driven_appendix_only
near_zero_additionality,conditional,five_year_cumulative,ordinary_action_hours,wild_animal_suffering,hours,200000,69521060838,4.05428443673,0.845392821996,0.00666653891621,0.0309631167311,9.73870142701,17.7628716568,0.030005,especially_prior_driven_appendix_only
near_zero_additionality,conditional,five_year_cumulative,ordinary_action_hours,residual_existential_risk_prevention,hours,200000,69521060838,10.0332695552,2.10428958048,0.0166796517182,0.077342870038,24.1637113944,44.1620620363,0.029765,especially_prior_driven_appendix_only
near_zero_additionality,conditional,five_year_cumulative,ordinary_action_hours,preventing_extreme_power_concentration,hours,200000,69521060838,6.05334474309,1.26884535069,0.00981063500009,0.045745350186,14.5970653708,26.6375547893,0.030285,especially_prior_driven_appendix_only
near_zero_additionality,conditional,five_year_cumulative,ordinary_action_hours,biorisk_prevention,hours,200000,69521060838,6.7315491414,1.40707926314,0.0111191236547,0.0515244991533,16.2129401565,29.5097282995,0.02997,especially_prior_driven_appendix_only
near_zero_additionality,conditional,five_year_cumulative,ordinary_action_hours,space_governance,hours,200000,69521060838,3.48731672692,0.72716300467,0.00557033663199,0.0264273562062,8.40757499445,15.2299886023,0.03021,especially_prior_driven_appendix_only
near_zero_additionality,conditional,five_year_cumulative,ordinary_action_hours,global_health,hours,200000,69521060838,15.1364074005,3.18284962146,0.0251788030741,0.117639841245,36.4437832784,66.1023180098,0.02993,especially_prior_driven_appendix_only
near_zero_additionality,conditional,five_year_cumulative,ordinary_action_hours,strategic_reasoning,hours,200000,69521060838,9.32992656658,1.95120852987,0.0152995989065,0.0714558130346,22.4428388685,40.8671869533,0.0299,especially_prior_driven_appendix_only
near_zero_additionality,conditional,five_year_cumulative,ordinary_action_hours,environmental_protection,hours,200000,69521060838,23.1675637978,4.88719651862,0.0379907876377,0.178017547607,56.1487448759,101.321505839,0.030475,especially_prior_driven_appendix_only
near_zero_additionality,conditional,five_year_cumulative,skilled_work_hours,factory_farming_reduction,hours,200000,69521060838,8.28228010646,1.44363215642,0.00926813534872,0.0452284536442,19.1519927712,36.5876321606,0.029705,especially_prior_driven_appendix_only
near_zero_additionality,conditional,five_year_cumulative,skilled_work_hours,wild_animal_suffering,hours,200000,69521060838,1.27181707492,0.216612896066,0.00135881586826,0.00670264796007,2.92157515898,5.58666221022,0.029935,especially_prior_driven_appendix_only
near_zero_additionality,conditional,five_year_cumulative,skilled_work_hours,residual_existential_risk_prevention,hours,200000,69521060838,3.17930604063,0.542780758344,0.00338546873038,0.0169398677996,7.32405734638,13.9297223788,0.030095,especially_prior_driven_appendix_only
near_zero_additionality,conditional,five_year_cumulative,skilled_work_hours,preventing_extreme_power_concentration,hours,200000,69521060838,1.91455898066,0.326649226458,0.00207815891023,0.0101144361887,4.40993470738,8.42134109812,0.02999,especially_prior_driven_appendix_only
near_zero_additionality,conditional,five_year_cumulative,skilled_work_hours,biorisk_prevention,hours,200000,69521060838,2.32865122467,0.398932009749,0.00253221736884,0.0123900641103,5.36419343636,10.2009403431,0.029725,especially_prior_driven_appendix_only
near_zero_additionality,conditional,five_year_cumulative,skilled_work_hours,space_governance,hours,200000,69521060838,1.18104213394,0.201193572133,0.00128631630351,0.0062386891471,2.72024887972,5.15598174035,0.02967,especially_prior_driven_appendix_only
near_zero_additionality,conditional,five_year_cumulative,skilled_work_hours,global_health,hours,200000,69521060838,4.18564237652,0.718317896979,0.00457396315477,0.0224885654198,9.64508031942,18.310326281,0.029685,especially_prior_driven_appendix_only
near_zero_additionality,conditional,five_year_cumulative,skilled_work_hours,strategic_reasoning,hours,200000,69521060838,2.75267441892,0.472025465462,0.00301843268196,0.0146456354147,6.34927322658,12.0361185964,0.02954,especially_prior_driven_appendix_only
near_zero_additionality,conditional,five_year_cumulative,skilled_work_hours,environmental_protection,hours,200000,69521060838,5.19513990562,0.892149390634,0.0056235532874,0.0277007224329,11.9032590433,22.6854512311,0.03015,especially_prior_driven_appendix_only
near_zero_additionality,conditional,eoy5_annualized_run_rate,cause_directed_cash,factory_farming_reduction,USD,200000,69521060838,74847.9679332,43527.4236005,3456.62766208,6452.36478236,183180.132015,253585.088528,1.5e-05,especially_prior_driven_appendix_only
near_zero_additionality,conditional,eoy5_annualized_run_rate,cause_directed_cash,wild_animal_suffering,USD,200000,69521060838,14168.4167747,8251.37157045,678.962177337,1250.76180463,34508.8519506,47640.9022872,2e-05,especially_prior_driven_appendix_only
near_zero_additionality,conditional,eoy5_annualized_run_rate,cause_directed_cash,residual_existential_risk_prevention,USD,200000,69521060838,44573.2760721,26327.2220611,2183.30052692,4015.41878967,108563.321359,148988.156754,3e-05,especially_prior_driven_appendix_only
near_zero_additionality,conditional,eoy5_annualized_run_rate,cause_directed_cash,preventing_extreme_power_concentration,USD,200000,69521060838,59732.4532193,35017.1110475,2405.04452875,4798.9754209,146395.354718,201500.617429,1e-05,especially_prior_driven_appendix_only
near_zero_additionality,conditional,eoy5_annualized_run_rate,cause_directed_cash,biorisk_prevention,USD,200000,69521060838,32259.3275952,18887.2351096,1509.90353184,2828.84104629,78678.9558868,108550.756466,2.5e-05,especially_prior_driven_appendix_only
near_zero_additionality,conditional,eoy5_annualized_run_rate,cause_directed_cash,space_governance,USD,200000,69521060838,16669.8697546,9792.53775914,787.420186828,1473.53084676,40675.8751452,56247.7527244,2e-05,especially_prior_driven_appendix_only
near_zero_additionality,conditional,eoy5_annualized_run_rate,cause_directed_cash,global_health,USD,200000,69521060838,91913.0024132,54296.7780857,4002.86670418,7702.68252876,225371.099787,307916.931704,1.5e-05,especially_prior_driven_appendix_only
near_zero_additionality,conditional,eoy5_annualized_run_rate,cause_directed_cash,strategic_reasoning,USD,200000,69521060838,24255.9342151,14115.3398866,1203.50078215,2187.44274769,59053.068498,82088.061708,1e-05,especially_prior_driven_appendix_only
near_zero_additionality,conditional,eoy5_annualized_run_rate,cause_directed_cash,environmental_protection,USD,200000,69521060838,77702.0909368,45456.0106431,3383.96806201,6530.60953128,189870.943333,262100.889213,4e-05,especially_prior_driven_appendix_only
near_zero_additionality,conditional,eoy5_annualized_run_rate,ordinary_action_hours,factory_farming_reduction,hours,200000,69521060838,14.4396641306,3.10035376778,0.0248755216738,0.115749381331,35.1345913426,63.6268879422,0.029935,especially_prior_driven_appendix_only
near_zero_additionality,conditional,eoy5_annualized_run_rate,ordinary_action_hours,wild_animal_suffering,hours,200000,69521060838,1.59512830298,0.33261356931,0.0026229005572,0.0121822098614,3.83162023358,6.98867081581,0.030005,especially_prior_driven_appendix_only
near_zero_additionality,conditional,eoy5_annualized_run_rate,ordinary_action_hours,residual_existential_risk_prevention,hours,200000,69521060838,3.94751589056,0.827917211993,0.00656248592191,0.0304299816543,9.50703399124,17.3752375225,0.029765,especially_prior_driven_appendix_only
near_zero_additionality,conditional,eoy5_annualized_run_rate,ordinary_action_hours,preventing_extreme_power_concentration,hours,200000,69521060838,2.38164383335,0.499217842893,0.00385992196725,0.017998170565,5.74310768685,10.4803494253,0.030285,especially_prior_driven_appendix_only
near_zero_additionality,conditional,eoy5_annualized_run_rate,ordinary_action_hours,biorisk_prevention,hours,200000,69521060838,2.64847835072,0.553604955988,0.00437473717563,0.0202719340931,6.37886170091,11.6103849047,0.02997,especially_prior_driven_appendix_only
near_zero_additionality,conditional,eoy5_annualized_run_rate,ordinary_action_hours,space_governance,hours,200000,69521060838,1.3720590401,0.28609691987,0.00219160785521,0.0103976483434,3.30789835847,5.99212666321,0.03021,especially_prior_driven_appendix_only
near_zero_additionality,conditional,eoy5_annualized_run_rate,ordinary_action_hours,global_health,hours,200000,69521060838,5.95530782972,1.25226870352,0.00990641432424,0.0462845277029,14.3385376833,26.0074693809,0.02993,especially_prior_driven_appendix_only
near_zero_additionality,conditional,eoy5_annualized_run_rate,ordinary_action_hours,strategic_reasoning,hours,200000,69521060838,3.67079078029,0.767688601914,0.00601951432388,0.0281137625054,8.82996939088,16.0788932275,0.0299,especially_prior_driven_appendix_only
near_zero_additionality,conditional,eoy5_annualized_run_rate,ordinary_action_hours,environmental_protection,hours,200000,69521060838,9.115107068,1.92283141716,0.0149471951361,0.0700396908619,22.0913094594,39.8641990185,0.030475,especially_prior_driven_appendix_only
near_zero_additionality,conditional,eoy5_annualized_run_rate,skilled_work_hours,factory_farming_reduction,hours,200000,69521060838,3.2586020091,0.567986422196,0.00364647948146,0.0177948014338,7.53521027062,14.3951339648,0.029705,especially_prior_driven_appendix_only
near_zero_additionality,conditional,eoy5_annualized_run_rate,skilled_work_hours,wild_animal_suffering,hours,200000,69521060838,0.500387045871,0.0852247459934,0.000534616079316,0.00263710739413,1.1494721937,2.19803103353,0.029935,especially_prior_driven_appendix_only
near_zero_additionality,conditional,eoy5_annualized_run_rate,skilled_work_hours,residual_existential_risk_prevention,hours,200000,69521060838,1.25087450779,0.21355308525,0.0013319876972,0.0066648660195,2.881596333,5.48054650968,0.030095,especially_prior_driven_appendix_only
near_zero_additionality,conditional,eoy5_annualized_run_rate,skilled_work_hours,preventing_extreme_power_concentration,hours,200000,69521060838,0.753269107144,0.128517728442,0.000817636292549,0.00397945030374,1.73505627831,3.31331453041,0.02999,especially_prior_driven_appendix_only
near_zero_additionality,conditional,eoy5_annualized_run_rate,skilled_work_hours,biorisk_prevention,hours,200000,69521060838,0.916190645773,0.156956856295,0.000996282243477,0.00487477932207,2.11050233562,4.01348472517,0.029725,especially_prior_driven_appendix_only
near_zero_additionality,conditional,eoy5_annualized_run_rate,skilled_work_hours,space_governance,hours,200000,69521060838,0.464672314991,0.079158126741,0.000506091660399,0.00245456622181,1.07026185432,2.02858297981,0.02967,especially_prior_driven_appendix_only
near_zero_additionality,conditional,eoy5_annualized_run_rate,skilled_work_hours,global_health,hours,200000,69521060838,1.64681011535,0.2826168775,0.00179959206089,0.00884796016517,3.79478569944,7.2040627991,0.029685,especially_prior_driven_appendix_only
near_zero_additionality,conditional,eoy5_annualized_run_rate,skilled_work_hours,strategic_reasoning,hours,200000,69521060838,1.08301944351,0.185714937231,0.00118758007159,0.00576221721234,2.4980747121,4.7355220707,0.02954,especially_prior_driven_appendix_only
near_zero_additionality,conditional,eoy5_annualized_run_rate,skilled_work_hours,environmental_protection,hours,200000,69521060838,2.04398947106,0.351009596315,0.0022125455557,0.0108986448916,4.68324945966,8.9254234352,0.03015,especially_prior_driven_appendix_only
near_zero_additionality,probability_weighted,year_1,cause_directed_cash,factory_farming_reduction,USD,200000,69531060857,3678.940135,961.487922926,0,0,10571.6845107,16599.6912116,0.178685,especially_prior_driven_appendix_only
near_zero_additionality,probability_weighted,year_1,cause_directed_cash,wild_animal_suffering,USD,200000,69531060857,708.297853109,193.850981138,0,0,2025.14986938,3155.91408178,0.17868,especially_prior_driven_appendix_only
near_zero_additionality,probability_weighted,year_1,cause_directed_cash,residual_existential_risk_prevention,USD,200000,69531060857,2248.52277606,626.584834586,0,0,6440.96548361,10042.1316967,0.17869,especially_prior_driven_appendix_only
near_zero_additionality,probability_weighted,year_1,cause_directed_cash,preventing_extreme_power_concentration,USD,200000,69531060857,2910.26999801,750.510068799,0,0,8444.00624251,13228.8889923,0.1787,especially_prior_driven_appendix_only
near_zero_additionality,probability_weighted,year_1,cause_directed_cash,biorisk_prevention,USD,200000,69531060857,1603.44274626,436.168851117,0,0,4591.606639,7199.16144417,0.17869,especially_prior_driven_appendix_only
near_zero_additionality,probability_weighted,year_1,cause_directed_cash,space_governance,USD,200000,69531060857,832.872786312,228.844891997,0,0,2382.81808421,3730.1582565,0.178685,especially_prior_driven_appendix_only
near_zero_additionality,probability_weighted,year_1,cause_directed_cash,global_health,USD,200000,69531060857,4495.76483206,1180.10553967,0,0,13012.1773015,20334.9065732,0.1787,especially_prior_driven_appendix_only
near_zero_additionality,probability_weighted,year_1,cause_directed_cash,strategic_reasoning,USD,200000,69531060857,1216.2449208,337.40694916,0,0,3463.22711951,5426.18000711,0.17868,especially_prior_driven_appendix_only
near_zero_additionality,probability_weighted,year_1,cause_directed_cash,environmental_protection,USD,200000,69531060857,3791.69518262,977.821194695,0,0,10989.5801136,17235.3247754,0.17868,especially_prior_driven_appendix_only
near_zero_additionality,probability_weighted,year_1,ordinary_action_hours,factory_farming_reduction,hours,200000,69531060857,0.683087127166,0.0429120195356,0,0,1.5053957064,3.16310826383,0.20279,especially_prior_driven_appendix_only
near_zero_additionality,probability_weighted,year_1,ordinary_action_hours,wild_animal_suffering,hours,200000,69531060857,0.0750820445231,0.00454834468882,0,0,0.162787000481,0.348609017745,0.20338,especially_prior_driven_appendix_only
near_zero_additionality,probability_weighted,year_1,ordinary_action_hours,residual_existential_risk_prevention,hours,200000,69531060857,0.185839258884,0.0114389219049,0,0,0.405183692488,0.859971234091,0.20293,especially_prior_driven_appendix_only
near_zero_additionality,probability_weighted,year_1,ordinary_action_hours,preventing_extreme_power_concentration,hours,200000,69531060857,0.112390565739,0.00683224733195,0,0,0.244288440737,0.517429366455,0.203495,especially_prior_driven_appendix_only
near_zero_additionality,probability_weighted,year_1,ordinary_action_hours,biorisk_prevention,hours,200000,69531060857,0.12474853799,0.00762534655688,0,0,0.272212903548,0.573909777303,0.20348,especially_prior_driven_appendix_only
near_zero_additionality,probability_weighted,year_1,ordinary_action_hours,space_governance,hours,200000,69531060857,0.0648077756153,0.00394528299365,0,0,0.140004789649,0.299451668905,0.203445,especially_prior_driven_appendix_only
near_zero_additionality,probability_weighted,year_1,ordinary_action_hours,global_health,hours,200000,69531060857,0.278720370692,0.0171531243781,0,0,0.611407702709,1.29613195204,0.20343,especially_prior_driven_appendix_only
near_zero_additionality,probability_weighted,year_1,ordinary_action_hours,strategic_reasoning,hours,200000,69531060857,0.172060063098,0.0104769036048,0,0,0.37341990196,0.799906824773,0.20351,especially_prior_driven_appendix_only
near_zero_additionality,probability_weighted,year_1,ordinary_action_hours,environmental_protection,hours,200000,69531060857,0.428967943023,0.0263698613188,0,0,0.937264935642,1.99436983108,0.20361,especially_prior_driven_appendix_only
near_zero_additionality,probability_weighted,year_1,skilled_work_hours,factory_farming_reduction,hours,200000,69531060857,0.152864942388,0.00750681458191,0,0,0.307942778382,0.680230129121,0.203155,especially_prior_driven_appendix_only
near_zero_additionality,probability_weighted,year_1,skilled_work_hours,wild_animal_suffering,hours,200000,69531060857,0.0235511520403,0.0011322476713,0,0,0.0468150396379,0.104230240369,0.203305,especially_prior_driven_appendix_only
near_zero_additionality,probability_weighted,year_1,skilled_work_hours,residual_existential_risk_prevention,hours,200000,69531060857,0.0589123372212,0.00283696603544,0,0,0.1173902137,0.261325612773,0.20316,especially_prior_driven_appendix_only
near_zero_additionality,probability_weighted,year_1,skilled_work_hours,preventing_extreme_power_concentration,hours,200000,69531060857,0.035465492914,0.00169552785984,0,0,0.0705869117153,0.156152030936,0.203505,especially_prior_driven_appendix_only
near_zero_additionality,probability_weighted,year_1,skilled_work_hours,biorisk_prevention,hours,200000,69531060857,0.0429112807429,0.00206984432049,0,0,0.0860872746386,0.190586237137,0.203775,especially_prior_driven_appendix_only
near_zero_additionality,probability_weighted,year_1,skilled_work_hours,space_governance,hours,200000,69531060857,0.0219622803954,0.0010578105894,0,0,0.0437267030071,0.0964283856609,0.202395,especially_prior_driven_appendix_only
near_zero_additionality,probability_weighted,year_1,skilled_work_hours,global_health,hours,200000,69531060857,0.0772696138205,0.00371991147304,0,0,0.154715685434,0.342376618575,0.203195,especially_prior_driven_appendix_only
near_zero_additionality,probability_weighted,year_1,skilled_work_hours,strategic_reasoning,hours,200000,69531060857,0.0511832262608,0.00245959274694,0,0,0.101840027862,0.224152618024,0.203425,especially_prior_driven_appendix_only
near_zero_additionality,probability_weighted,year_1,skilled_work_hours,environmental_protection,hours,200000,69531060857,0.095697385042,0.00466519006821,0,0,0.19296662123,0.425442140891,0.20333,especially_prior_driven_appendix_only
near_zero_additionality,probability_weighted,year_5_annual,cause_directed_cash,factory_farming_reduction,USD,200000,69531060857,29885.1085691,7249.21677703,0,0,86392.6057899,136592.839575,0.178685,especially_prior_driven_appendix_only
near_zero_additionality,probability_weighted,year_5_annual,cause_directed_cash,wild_animal_suffering,USD,200000,69531060857,5667.53946631,1401.87192726,0,0,16330.7249556,25762.6150527,0.17868,especially_prior_driven_appendix_only
near_zero_additionality,probability_weighted,year_5_annual,cause_directed_cash,residual_existential_risk_prevention,USD,200000,69531060857,17890.9799787,4483.56057617,0,0,51705.3446423,81598.0921054,0.17869,especially_prior_driven_appendix_only
near_zero_additionality,probability_weighted,year_5_annual,cause_directed_cash,preventing_extreme_power_concentration,USD,200000,69531060857,23808.51065,5779.5602828,0,0,69328.3316645,109425.756865,0.1787,especially_prior_driven_appendix_only
near_zero_additionality,probability_weighted,year_5_annual,cause_directed_cash,biorisk_prevention,USD,200000,69531060857,12877.6088592,3189.24132492,0,0,37073.6671147,58938.6988973,0.17869,especially_prior_driven_appendix_only
near_zero_additionality,probability_weighted,year_5_annual,cause_directed_cash,space_governance,USD,200000,69531060857,6656.40367372,1652.15851522,0,0,19172.0256366,30420.4180266,0.178685,especially_prior_driven_appendix_only
near_zero_additionality,probability_weighted,year_5_annual,cause_directed_cash,global_health,USD,200000,69531060857,36639.1814083,9003.68214497,0,0,106551.693273,168029.926237,0.1787,especially_prior_driven_appendix_only
near_zero_additionality,probability_weighted,year_5_annual,cause_directed_cash,strategic_reasoning,USD,200000,69531060857,9668.5253396,2410.18494605,0,0,27813.8170564,43990.0973839,0.17868,especially_prior_driven_appendix_only
near_zero_additionality,probability_weighted,year_5_annual,cause_directed_cash,environmental_protection,USD,200000,69531060857,31000.8928236,7511.11903164,0,0,90242.0160468,142501.164984,0.17868,especially_prior_driven_appendix_only
near_zero_additionality,probability_weighted,year_5_annual,ordinary_action_hours,factory_farming_reduction,hours,200000,69531060857,5.72742283547,0.359800779183,0,0,12.6221639998,26.5214462121,0.20279,especially_prior_driven_appendix_only
near_zero_additionality,probability_weighted,year_5_annual,ordinary_action_hours,wild_animal_suffering,hours,200000,69531060857,0.629534065617,0.0381361208525,0,0,1.36490638865,2.9229525334,0.203375,especially_prior_driven_appendix_only
near_zero_additionality,probability_weighted,year_5_annual,ordinary_action_hours,residual_existential_risk_prevention,hours,200000,69531060857,1.55819070911,0.0959109605871,0,0,3.39730942163,7.21052803969,0.20293,especially_prior_driven_appendix_only
near_zero_additionality,probability_weighted,year_5_annual,ordinary_action_hours,preventing_extreme_power_concentration,hours,200000,69531060857,0.942351666577,0.057285766091,0,0,2.04826461849,4.33844622643,0.203495,especially_prior_driven_appendix_only
near_zero_additionality,probability_weighted,year_5_annual,ordinary_action_hours,biorisk_prevention,hours,200000,69531060857,1.04596851084,0.0639355980539,0,0,2.28240049898,4.81201274816,0.20348,especially_prior_driven_appendix_only
near_zero_additionality,probability_weighted,year_5_annual,ordinary_action_hours,space_governance,hours,200000,69531060857,0.543388272467,0.0330796804853,0,0,1.17388631321,2.51078707005,0.203445,especially_prior_driven_appendix_only
near_zero_additionality,probability_weighted,year_5_annual,ordinary_action_hours,global_health,hours,200000,69531060857,2.33696310811,0.143822350555,0,0,5.12641843041,10.8675679055,0.20343,especially_prior_driven_appendix_only
near_zero_additionality,probability_weighted,year_5_annual,ordinary_action_hours,strategic_reasoning,hours,200000,69531060857,1.44265745213,0.087844807148,0,0,3.1309822549,6.70691106925,0.20351,especially_prior_driven_appendix_only
near_zero_additionality,probability_weighted,year_5_annual,ordinary_action_hours,environmental_protection,hours,200000,69531060857,3.59673121458,0.221101144903,0,0,7.85860599884,16.7220239683,0.20361,especially_prior_driven_appendix_only
near_zero_additionality,probability_weighted,year_5_annual,skilled_work_hours,factory_farming_reduction,hours,200000,69531060857,1.28171374772,0.0629417530329,0,0,2.5819817572,5.70346800571,0.20315,especially_prior_driven_appendix_only
near_zero_additionality,probability_weighted,year_5_annual,skilled_work_hours,wild_animal_suffering,hours,200000,69531060857,0.197467351722,0.00949346124401,0,0,0.39252610158,0.873930476937,0.203305,especially_prior_driven_appendix_only
near_zero_additionality,probability_weighted,year_5_annual,skilled_work_hours,residual_existential_risk_prevention,hours,200000,69531060857,0.493957289009,0.0237868690664,0,0,0.98427179179,2.19111475325,0.203155,especially_prior_driven_appendix_only
near_zero_additionality,probability_weighted,year_5_annual,skilled_work_hours,preventing_extreme_power_concentration,hours,200000,69531060857,0.29736451751,0.0142163489786,0,0,0.591844105921,1.30927472092,0.2035,especially_prior_driven_appendix_only
near_zero_additionality,probability_weighted,year_5_annual,skilled_work_hours,biorisk_prevention,hours,200000,69531060857,0.359794584691,0.0173548485334,0,0,0.721808687354,1.59799229599,0.20377,especially_prior_driven_appendix_only
near_zero_additionality,probability_weighted,year_5_annual,skilled_work_hours,space_governance,hours,200000,69531060857,0.184145274085,0.00886933494193,0,0,0.366631586752,0.808514925926,0.20239,especially_prior_driven_appendix_only
near_zero_additionality,probability_weighted,year_5_annual,skilled_work_hours,global_health,hours,200000,69531060857,0.647875992803,0.0311900269663,0,0,1.29723151633,2.87069626343,0.20319,especially_prior_driven_appendix_only
near_zero_additionality,probability_weighted,year_5_annual,skilled_work_hours,strategic_reasoning,hours,200000,69531060857,0.42915166634,0.0206227391859,0,0,0.853889464385,1.87943348959,0.20342,especially_prior_driven_appendix_only
near_zero_additionality,probability_weighted,year_5_annual,skilled_work_hours,environmental_protection,hours,200000,69531060857,0.802385766891,0.039115824418,0,0,1.61795090108,3.56716871978,0.203325,especially_prior_driven_appendix_only
near_zero_additionality,probability_weighted,five_year_cumulative,cause_directed_cash,factory_farming_reduction,USD,200000,69531060857,83867.134384,20563.5263804,0,0,242196.054554,382641.470938,0.178685,especially_prior_driven_appendix_only
near_zero_additionality,probability_weighted,five_year_cumulative,cause_directed_cash,wild_animal_suffering,USD,200000,69531060857,15927.4187497,3998.15817917,0,0,45817.8419707,72213.8823571,0.17868,especially_prior_driven_appendix_only
near_zero_additionality,probability_weighted,five_year_cumulative,cause_directed_cash,residual_existential_risk_prevention,USD,200000,69531060857,50305.8322441,12834.9498291,0,0,145177.448147,228920.151334,0.17869,especially_prior_driven_appendix_only
near_zero_additionality,probability_weighted,five_year_cumulative,cause_directed_cash,preventing_extreme_power_concentration,USD,200000,69531060857,66770.5628276,16322.0817234,0,0,194271.748761,306472.741317,0.1787,especially_prior_driven_appendix_only
near_zero_additionality,probability_weighted,five_year_cumulative,cause_directed_cash,biorisk_prevention,USD,200000,69531060857,36177.9076765,9079.12766858,0,0,104034.579554,165123.4984,0.17869,especially_prior_driven_appendix_only
near_zero_additionality,probability_weighted,five_year_cumulative,cause_directed_cash,space_governance,USD,200000,69531060857,18708.2731892,4715.34152598,0,0,53817.2225169,85321.8758516,0.178685,especially_prior_driven_appendix_only
near_zero_additionality,probability_weighted,five_year_cumulative,cause_directed_cash,global_health,USD,200000,69531060857,102789.211611,25496.6156895,0,0,298618.507759,470653.983756,0.1787,especially_prior_driven_appendix_only
near_zero_additionality,probability_weighted,five_year_cumulative,cause_directed_cash,strategic_reasoning,USD,200000,69531060857,27188.211872,6893.15462773,0,0,78105.9582675,123386.077322,0.17868,especially_prior_driven_appendix_only
near_zero_additionality,probability_weighted,five_year_cumulative,cause_directed_cash,environmental_protection,USD,200000,69531060857,86945.3703476,21239.4327447,0,0,252890.358318,399149.826651,0.17868,especially_prior_driven_appendix_only
near_zero_additionality,probability_weighted,five_year_cumulative,ordinary_action_hours,factory_farming_reduction,hours,200000,69531060857,16.0262749066,1.0067819968,0,0,35.3188992656,74.2113861899,0.20279,especially_prior_driven_appendix_only
near_zero_additionality,probability_weighted,five_year_cumulative,ordinary_action_hours,wild_animal_suffering,hours,200000,69531060857,1.76154027535,0.106711163853,0,0,3.81923347284,8.17890387787,0.203375,especially_prior_driven_appendix_only
near_zero_additionality,probability_weighted,five_year_cumulative,ordinary_action_hours,residual_existential_risk_prevention,hours,200000,69531060857,4.36007491998,0.26837470623,0,0,9.50623278529,20.1762481844,0.20293,especially_prior_driven_appendix_only
near_zero_additionality,probability_weighted,five_year_cumulative,ordinary_action_hours,preventing_extreme_power_concentration,hours,200000,69531060857,2.63685558079,0.160295033557,0,0,5.73138264807,12.1396889822,0.203495,especially_prior_driven_appendix_only
near_zero_additionality,probability_weighted,five_year_cumulative,ordinary_action_hours,biorisk_prevention,hours,200000,69531060857,2.92679262207,0.178902361527,0,0,6.38653350633,13.4648063136,0.20348,especially_prior_driven_appendix_only
near_zero_additionality,probability_weighted,five_year_cumulative,ordinary_action_hours,space_governance,hours,200000,69531060857,1.52049012021,0.0925624086973,0,0,3.28472775716,7.0255968474,0.203445,especially_prior_driven_appendix_only
near_zero_additionality,probability_weighted,five_year_cumulative,ordinary_action_hours,global_health,hours,200000,69531060857,6.539208697,0.402438687331,0,0,14.3445653328,30.409249644,0.20343,especially_prior_driven_appendix_only
near_zero_additionality,probability_weighted,five_year_cumulative,ordinary_action_hours,strategic_reasoning,hours,200000,69531060857,4.03679378806,0.245804276882,0,0,8.76100539215,18.7670447351,0.20351,especially_prior_driven_appendix_only
near_zero_additionality,probability_weighted,five_year_cumulative,ordinary_action_hours,environmental_protection,hours,200000,69531060857,10.064247894,0.618677515555,0,0,21.9896773362,46.7909844985,0.20361,especially_prior_driven_appendix_only
near_zero_additionality,probability_weighted,five_year_cumulative,skilled_work_hours,factory_farming_reduction,hours,200000,69531060857,3.58644672526,0.176121419037,0,0,7.22481133897,15.9592453371,0.20315,especially_prior_driven_appendix_only
near_zero_additionality,probability_weighted,five_year_cumulative,skilled_work_hours,wild_animal_suffering,hours,200000,69531060857,0.552546259406,0.0265642722883,0,0,1.09835285304,2.44540179327,0.2033,especially_prior_driven_appendix_only
near_zero_additionality,probability_weighted,five_year_cumulative,skilled_work_hours,residual_existential_risk_prevention,hours,200000,69531060857,1.38217406558,0.0665595877545,0,0,2.75415501373,6.13110091506,0.203155,especially_prior_driven_appendix_only
near_zero_additionality,probability_weighted,five_year_cumulative,skilled_work_hours,preventing_extreme_power_concentration,hours,200000,69531060857,0.83207502606,0.0397796920962,0,0,1.65607754409,3.66356687965,0.2035,especially_prior_driven_appendix_only
near_zero_additionality,probability_weighted,five_year_cumulative,skilled_work_hours,biorisk_prevention,hours,200000,69531060857,1.00676466358,0.0485617321346,0,0,2.01973990498,4.47144633282,0.20377,especially_prior_driven_appendix_only
near_zero_additionality,probability_weighted,five_year_cumulative,skilled_work_hours,space_governance,hours,200000,69531060857,0.515268886201,0.0248178638283,0,0,1.0258957244,2.26235827897,0.20239,especially_prior_driven_appendix_only
near_zero_additionality,probability_weighted,five_year_cumulative,skilled_work_hours,global_health,hours,200000,69531060857,1.81286401656,0.0872748460982,0,0,3.62986800442,8.03268220502,0.20319,especially_prior_driven_appendix_only
near_zero_additionality,probability_weighted,five_year_cumulative,skilled_work_hours,strategic_reasoning,hours,200000,69531060857,1.2008372315,0.0577058298321,0,0,2.38932373062,5.25896526904,0.20342,especially_prior_driven_appendix_only
near_zero_additionality,probability_weighted,five_year_cumulative,skilled_work_hours,environmental_protection,hours,200000,69531060857,2.24520787983,0.109452536216,0,0,4.52729380577,9.98152715167,0.203325,especially_prior_driven_appendix_only
near_zero_additionality,probability_weighted,eoy5_annualized_run_rate,cause_directed_cash,factory_farming_reduction,USD,200000,69531060857,32899.8755175,7973.70466761,0,0,95118.9407055,150402.101413,0.178685,especially_prior_driven_appendix_only
near_zero_additionality,probability_weighted,eoy5_annualized_run_rate,cause_directed_cash,wild_animal_suffering,USD,200000,69531060857,6239.17032972,1541.25712178,0,0,17979.0645044,28373.4562951,0.17868,especially_prior_driven_appendix_only
near_zero_additionality,probability_weighted,eoy5_annualized_run_rate,cause_directed_cash,residual_existential_risk_prevention,USD,200000,69531060857,19695.3816402,4929.64640269,0,0,56930.7063028,89857.9874595,0.17869,especially_prior_driven_appendix_only
near_zero_additionality,probability_weighted,eoy5_annualized_run_rate,cause_directed_cash,preventing_extreme_power_concentration,USD,200000,69531060857,26210.4441817,6360.3013148,0,0,76343.9210273,120477.81553,0.1787,especially_prior_driven_appendix_only
near_zero_additionality,probability_weighted,eoy5_annualized_run_rate,cause_directed_cash,biorisk_prevention,USD,200000,69531060857,14176.5095917,3508.02224425,0,0,40816.5362107,64886.3564972,0.17869,especially_prior_driven_appendix_only
near_zero_additionality,probability_weighted,eoy5_annualized_run_rate,cause_directed_cash,space_governance,USD,200000,69531060857,7327.80309215,1817.54095706,0,0,21108.1069297,33481.1570235,0.178685,especially_prior_driven_appendix_only
near_zero_additionality,probability_weighted,eoy5_annualized_run_rate,cause_directed_cash,global_health,USD,200000,69531060857,40335.4282462,9909.29384619,0,0,117314.7804,185011.684481,0.1787,especially_prior_driven_appendix_only
near_zero_additionality,probability_weighted,eoy5_annualized_run_rate,cause_directed_cash,strategic_reasoning,USD,200000,69531060857,10643.6848826,2648.62134755,0,0,30630.7467341,48436.5996563,0.17868,especially_prior_driven_appendix_only
near_zero_additionality,probability_weighted,eoy5_annualized_run_rate,cause_directed_cash,environmental_protection,USD,200000,69531060857,34128.6362568,8264.49036743,0,0,99362.7755318,156884.975571,0.17868,especially_prior_driven_appendix_only
near_zero_additionality,probability_weighted,eoy5_annualized_run_rate,ordinary_action_hours,factory_farming_reduction,hours,200000,69531060857,6.30541963538,0.396110949559,0,0,13.8959603668,29.1979224354,0.20279,especially_prior_driven_appendix_only
near_zero_additionality,probability_weighted,eoy5_annualized_run_rate,ordinary_action_hours,wild_animal_suffering,hours,200000,69531060857,0.693065026367,0.0419847202045,0,0,1.50264923521,3.21792939457,0.203375,especially_prior_driven_appendix_only
near_zero_additionality,probability_weighted,eoy5_annualized_run_rate,ordinary_action_hours,residual_existential_risk_prevention,hours,200000,69531060857,1.71543931278,0.105590048353,0,0,3.74015716142,7.93819600699,0.20293,especially_prior_driven_appendix_only
near_zero_additionality,probability_weighted,eoy5_annualized_run_rate,ordinary_action_hours,preventing_extreme_power_concentration,hours,200000,69531060857,1.03745137605,0.0630668984488,0,0,2.25497022219,4.77627107497,0.203495,especially_prior_driven_appendix_only
near_zero_additionality,probability_weighted,eoy5_annualized_run_rate,ordinary_action_hours,biorisk_prevention,hours,200000,69531060857,1.15152496606,0.0703878143712,0,0,2.51273449429,5.29762871357,0.20348,especially_prior_driven_appendix_only
near_zero_additionality,probability_weighted,eoy5_annualized_run_rate,ordinary_action_hours,space_governance,hours,200000,69531060857,0.598225621065,0.0364179968645,0,0,1.29235190445,2.76416925144,0.203445,especially_prior_driven_appendix_only
near_zero_additionality,probability_weighted,eoy5_annualized_run_rate,ordinary_action_hours,global_health,hours,200000,69531060857,2.57280342177,0.158336532721,0,0,5.64376340962,11.9642949419,0.20343,especially_prior_driven_appendix_only
near_zero_additionality,probability_weighted,eoy5_annualized_run_rate,ordinary_action_hours,strategic_reasoning,hours,200000,69531060857,1.58824673629,0.096709879429,0,0,3.44695294117,7.3837553056,0.20351,especially_prior_driven_appendix_only
near_zero_additionality,probability_weighted,eoy5_annualized_run_rate,ordinary_action_hours,environmental_protection,hours,200000,69531060857,3.95970408944,0.243414104481,0,0,8.651676329,18.4095676715,0.20361,especially_prior_driven_appendix_only
near_zero_additionality,probability_weighted,eoy5_annualized_run_rate,skilled_work_hours,factory_farming_reduction,hours,200000,69531060857,1.41106100666,0.0692936730637,0,0,2.84254872353,6.27904734573,0.20315,especially_prior_driven_appendix_only
near_zero_additionality,probability_weighted,eoy5_annualized_run_rate,skilled_work_hours,wild_animal_suffering,hours,200000,69531060857,0.217395249602,0.0104515169659,0,0,0.432138827427,0.962125295711,0.203305,especially_prior_driven_appendix_only
near_zero_additionality,probability_weighted,eoy5_annualized_run_rate,skilled_work_hours,residual_existential_risk_prevention,hours,200000,69531060857,0.543806189734,0.0261873787887,0,0,1.08360197261,2.4122364256,0.203155,especially_prior_driven_appendix_only
near_zero_additionality,probability_weighted,eoy5_annualized_run_rate,skilled_work_hours,preventing_extreme_power_concentration,hours,200000,69531060857,0.327373780745,0.0156510263985,0,0,0.651571492757,1.44140336248,0.2035,especially_prior_driven_appendix_only
near_zero_additionality,probability_weighted,eoy5_annualized_run_rate,skilled_work_hours,biorisk_prevention,hours,200000,69531060857,0.396104129935,0.0191062552661,0,0,0.794651765894,1.75925757357,0.20377,especially_prior_driven_appendix_only
near_zero_additionality,probability_weighted,eoy5_annualized_run_rate,skilled_work_hours,space_governance,hours,200000,69531060857,0.202728742112,0.00976440544066,0,0,0.403631104681,0.890108175331,0.20239,especially_prior_driven_appendix_only
near_zero_additionality,probability_weighted,eoy5_annualized_run_rate,skilled_work_hours,global_health,hours,200000,69531060857,0.713257973728,0.0343376443665,0,0,1.42814478863,3.16039955607,0.20319,especially_prior_driven_appendix_only
near_zero_additionality,probability_weighted,eoy5_annualized_run_rate,skilled_work_hours,strategic_reasoning,hours,200000,69531060857,0.472460550099,0.0227039330487,0,0,0.940061795653,2.06910108946,0.20342,especially_prior_driven_appendix_only
near_zero_additionality,probability_weighted,eoy5_annualized_run_rate,skilled_work_hours,environmental_protection,hours,200000,69531060857,0.883360477311,0.0430632929373,0,0,1.78123034981,3.92715822361,0.203325,especially_prior_driven_appendix_only
voluntary_pools,conditional,year_1,cause_directed_cash,factory_farming_reduction,USD,200000,69521160841,8281.87786994,4867.61156752,415.839517042,766.057077727,20110.4460302,27819.9650035,9e-05,especially_prior_driven_appendix_only
voluntary_pools,conditional,year_1,cause_directed_cash,wild_animal_suffering,USD,200000,69521160841,1580.54999236,938.35152701,82.0373051743,151.286174986,3826.10303739,5257.88785116,7.5e-05,especially_prior_driven_appendix_only
voluntary_pools,conditional,year_1,cause_directed_cash,residual_existential_risk_prevention,USD,200000,69521160841,4998.67713266,3005.01254163,264.270767743,487.769596402,12032.1483488,16562.6436512,7.5e-05,especially_prior_driven_appendix_only
voluntary_pools,conditional,year_1,cause_directed_cash,preventing_extreme_power_concentration,USD,200000,69521160841,6571.74376513,3884.68481418,291.411071196,565.729706554,15980.7635525,22015.97199,6e-05,especially_prior_driven_appendix_only
voluntary_pools,conditional,year_1,cause_directed_cash,biorisk_prevention,USD,200000,69521160841,3587.82907398,2133.34581886,183.942430487,341.612647913,8665.67842481,11946.9301196,7.5e-05,especially_prior_driven_appendix_only
voluntary_pools,conditional,year_1,cause_directed_cash,space_governance,USD,200000,69521160841,1862.02900609,1108.80946632,96.1500206248,177.796989533,4490.86932701,6201.48028054,7e-05,especially_prior_driven_appendix_only
voluntary_pools,conditional,year_1,cause_directed_cash,global_health,USD,200000,69521160841,10138.3842617,6039.3879776,490.061430555,917.8496299,24663.6397908,33861.4648169,7e-05,especially_prior_driven_appendix_only
voluntary_pools,conditional,year_1,cause_directed_cash,strategic_reasoning,USD,200000,69521160841,2708.28616411,1608.89754237,145.700948894,265.155578767,6542.22204206,9000.78572902,5.5e-05,especially_prior_driven_appendix_only
voluntary_pools,conditional,year_1,cause_directed_cash,environmental_protection,USD,200000,69521160841,8545.69873377,5059.7475195,409.569026443,767.600877705,20771.2633186,28598.9572145,9.5e-05,especially_prior_driven_appendix_only
voluntary_pools,conditional,year_1,ordinary_action_hours,factory_farming_reduction,hours,200000,69521160841,31.5036921267,6.7052818681,0.0531587540101,0.2470872343,76.6466916267,137.676162019,0.030535,especially_prior_driven_appendix_only
voluntary_pools,conditional,year_1,ordinary_action_hours,wild_animal_suffering,hours,200000,69521160841,3.4636912778,0.716978029044,0.00588042581266,0.0263442924764,8.35197785731,15.1609049543,0.029525,especially_prior_driven_appendix_only
voluntary_pools,conditional,year_1,ordinary_action_hours,residual_existential_risk_prevention,hours,200000,69521160841,8.60246382733,1.78671545636,0.0141224121937,0.0655740313418,20.7965665825,37.8348716877,0.03014,especially_prior_driven_appendix_only
voluntary_pools,conditional,year_1,ordinary_action_hours,preventing_extreme_power_concentration,hours,200000,69521160841,5.20201728896,1.08167563728,0.00876230176674,0.0396898538372,12.5342842624,22.7288009595,0.02992,especially_prior_driven_appendix_only
voluntary_pools,conditional,year_1,ordinary_action_hours,biorisk_prevention,hours,200000,69521160841,5.766835047,1.19973024225,0.0093046168265,0.0434491217165,13.9235306197,25.1386512585,0.03018,especially_prior_driven_appendix_only
voluntary_pools,conditional,year_1,ordinary_action_hours,space_governance,hours,200000,69521160841,2.99495475896,0.623045276149,0.00499121772344,0.0229168053288,7.22889204402,13.0872331965,0.029735,especially_prior_driven_appendix_only
voluntary_pools,conditional,year_1,ordinary_action_hours,global_health,hours,200000,69521160841,12.944130689,2.71987140595,0.0216974214976,0.0995974290798,31.3677998098,56.6616870817,0.03008,especially_prior_driven_appendix_only
voluntary_pools,conditional,year_1,ordinary_action_hours,strategic_reasoning,hours,200000,69521160841,7.94518002984,1.65734754799,0.0126116183516,0.0600552662432,19.1431065294,34.7370985303,0.030825,especially_prior_driven_appendix_only
voluntary_pools,conditional,year_1,ordinary_action_hours,environmental_protection,hours,200000,69521160841,19.838771036,4.17864050776,0.033595446592,0.154216711704,47.7899274145,87.0547046843,0.029855,especially_prior_driven_appendix_only
voluntary_pools,conditional,year_1,skilled_work_hours,factory_farming_reduction,hours,200000,69521160841,7.02134607847,1.22687910563,0.00777826992749,0.0382399145968,16.398396406,30.9274104833,0.030335,especially_prior_driven_appendix_only
voluntary_pools,conditional,year_1,skilled_work_hours,wild_animal_suffering,hours,200000,69521160841,1.08159429192,0.184224711661,0.00119970449888,0.00581733097086,2.49834694129,4.73175471784,0.02962,especially_prior_driven_appendix_only
voluntary_pools,conditional,year_1,skilled_work_hours,residual_existential_risk_prevention,hours,200000,69521160841,2.70088863813,0.463417283792,0.0031558326738,0.0147428272702,6.26374197516,11.8453870029,0.029115,especially_prior_driven_appendix_only
voluntary_pools,conditional,year_1,skilled_work_hours,preventing_extreme_power_concentration,hours,200000,69521160841,1.63065226436,0.277496784655,0.00177645775164,0.00867728977981,3.77499721349,7.16786450478,0.030035,especially_prior_driven_appendix_only
voluntary_pools,conditional,year_1,skilled_work_hours,biorisk_prevention,hours,200000,69521160841,1.97198199668,0.338059246577,0.00218007715233,0.0105503203331,4.57540826588,8.63149253844,0.02994,especially_prior_driven_appendix_only
voluntary_pools,conditional,year_1,skilled_work_hours,space_governance,hours,200000,69521160841,1.00906716236,0.171646464143,0.00112089319081,0.00541288567266,2.32891751525,4.4158340276,0.029665,especially_prior_driven_appendix_only
voluntary_pools,conditional,year_1,skilled_work_hours,global_health,hours,200000,69521160841,3.56344542907,0.612330203836,0.00395858847373,0.0192890933224,8.29972274746,15.6533032721,0.02975,especially_prior_driven_appendix_only
voluntary_pools,conditional,year_1,skilled_work_hours,strategic_reasoning,hours,200000,69521160841,2.33729752002,0.402051360186,0.00258634109982,0.0125403265067,5.41651072509,10.3499692041,0.02987,especially_prior_driven_appendix_only
voluntary_pools,conditional,year_1,skilled_work_hours,environmental_protection,hours,200000,69521160841,4.38903736891,0.760361833102,0.0048376039274,0.0238931735563,10.1740220618,19.4084328047,0.030175,especially_prior_driven_appendix_only
voluntary_pools,conditional,year_5_annual,cause_directed_cash,factory_farming_reduction,USD,200000,69521160841,67858.1606162,39282.6971639,3061.25924069,5779.46508651,165956.366335,230110.626607,9e-05,especially_prior_driven_appendix_only
voluntary_pools,conditional,year_5_annual,cause_directed_cash,wild_animal_suffering,USD,200000,69521160841,12806.9663511,7451.94190059,592.679787095,1101.99514838,31291.6498533,43167.1486928,7.5e-05,especially_prior_driven_appendix_only
voluntary_pools,conditional,year_5_annual,cause_directed_cash,residual_existential_risk_prevention,USD,200000,69521160841,40331.1720268,23671.2841853,1880.67858055,3503.69672818,98245.9279704,135732.321479,7.5e-05,especially_prior_driven_appendix_only
voluntary_pools,conditional,year_5_annual,cause_directed_cash,preventing_extreme_power_concentration,USD,200000,69521160841,54128.445892,31643.1662644,2111.08540383,4303.34097503,132430.546637,182753.03711,6e-05,especially_prior_driven_appendix_only
voluntary_pools,conditional,year_5_annual,cause_directed_cash,biorisk_prevention,USD,200000,69521160841,29155.9268033,17017.513242,1312.05918237,2508.62220361,71171.9126181,98298.1848973,7.5e-05,especially_prior_driven_appendix_only
voluntary_pools,conditional,year_5_annual,cause_directed_cash,space_governance,USD,200000,69521160841,15078.1035815,8787.29042091,686.113216938,1291.93195137,36722.054483,50956.8845656,7e-05,especially_prior_driven_appendix_only
voluntary_pools,conditional,year_5_annual,cause_directed_cash,global_health,USD,200000,69521160841,83281.119924,49039.8128116,3544.61502266,6904.76738117,203976.810655,280662.006675,7e-05,especially_prior_driven_appendix_only
voluntary_pools,conditional,year_5_annual,cause_directed_cash,strategic_reasoning,USD,200000,69521160841,21839.3044185,12669.4555809,1046.63466357,1924.58153032,53354.4904862,73672.962566,5.5e-05,especially_prior_driven_appendix_only
voluntary_pools,conditional,year_5_annual,cause_directed_cash,environmental_protection,USD,200000,69521160841,70359.5209147,41178.8332785,3028.07029865,5869.450598,171939.997764,237616.093866,9.5e-05,especially_prior_driven_appendix_only
voluntary_pools,conditional,year_5_annual,ordinary_action_hours,factory_farming_reduction,hours,200000,69521160841,264.146341678,56.2212095095,0.4457157067,2.07173142606,642.653029793,1154.36166616,0.030535,especially_prior_driven_appendix_only
voluntary_pools,conditional,year_5_annual,ordinary_action_hours,wild_animal_suffering,hours,200000,69521160841,29.0417191754,6.01158501275,0.0493051087369,0.220886759994,70.0281220344,127.118356925,0.029525,especially_prior_driven_appendix_only
voluntary_pools,conditional,year_5_annual,ordinary_action_hours,residual_existential_risk_prevention,hours,200000,69521160841,72.1283505522,14.9809219033,0.118410994548,0.54981303202,174.371212115,317.230847228,0.03014,especially_prior_driven_appendix_only
voluntary_pools,conditional,year_5_annual,ordinary_action_hours,preventing_extreme_power_concentration,hours,200000,69521160841,43.6169141921,9.06943418951,0.0734685301981,0.332784159097,105.095152662,190.572254199,0.02992,especially_prior_driven_appendix_only
voluntary_pools,conditional,year_5_annual,ordinary_action_hours,biorisk_prevention,hours,200000,69521160841,48.3526938556,10.0592766465,0.0780156333914,0.364304174392,116.743449042,210.777922091,0.03018,especially_prior_driven_appendix_only
voluntary_pools,conditional,year_5_annual,ordinary_action_hours,space_governance,hours,200000,69521160841,25.1115437482,5.22399500771,0.0418494409119,0.192148598526,60.611479446,109.731416802,0.029735,especially_prior_driven_appendix_only
voluntary_pools,conditional,year_5_annual,ordinary_action_hours,global_health,hours,200000,69521160841,108.531557315,22.8050756345,0.181924534095,0.83508613613,263.006936867,475.086453224,0.03008,especially_prior_driven_appendix_only
voluntary_pools,conditional,year_5_annual,ordinary_action_hours,strategic_reasoning,hours,200000,69521160841,66.6172787117,13.8962217485,0.105743569256,0.50354030927,160.507585516,291.257210754,0.030825,especially_prior_driven_appendix_only
voluntary_pools,conditional,year_5_annual,ordinary_action_hours,environmental_protection,hours,200000,69521160841,166.34046484,35.0362934882,0.281684898348,1.29304781351,400.70016063,729.920216199,0.029855,especially_prior_driven_appendix_only
voluntary_pools,conditional,year_5_annual,skilled_work_hours,factory_farming_reduction,hours,200000,69521160841,58.8712863502,10.2869094241,0.0652178016997,0.320626976235,137.494246788,259.314441745,0.030335,especially_prior_driven_appendix_only
voluntary_pools,conditional,year_5_annual,skilled_work_hours,wild_animal_suffering,hours,200000,69521160841,9.06875213998,1.54465335162,0.0100590607983,0.0487760827556,20.9476782001,39.6739434034,0.02962,especially_prior_driven_appendix_only
voluntary_pools,conditional,year_5_annual,skilled_work_hours,residual_existential_risk_prevention,hours,200000,69521160841,22.6459124274,3.88557568718,0.026460443188,0.123612936342,52.5190673302,99.3190141011,0.029115,especially_prior_driven_appendix_only
voluntary_pools,conditional,year_5_annual,skilled_work_hours,preventing_extreme_power_concentration,hours,200000,69521160841,13.6723920627,2.3267038098,0.0148949149945,0.0727557373846,31.6518997131,60.0997870016,0.030035,especially_prior_driven_appendix_only
voluntary_pools,conditional,year_5_annual,skilled_work_hours,biorisk_prevention,hours,200000,69521160841,16.5343105876,2.83449675976,0.0182791084311,0.0884603781774,38.363038537,72.37174513,0.02994,especially_prior_driven_appendix_only
voluntary_pools,conditional,year_5_annual,skilled_work_hours,space_governance,hours,200000,69521160841,8.46064005363,1.43918958397,0.00939825829219,0.0453849644861,19.5270776279,37.0250699237,0.029665,especially_prior_driven_appendix_only
voluntary_pools,conditional,year_5_annual,skilled_work_hours,global_health,hours,200000,69521160841,29.8781193668,5.13415324755,0.0331912418182,0.161731628626,69.5899830364,131.246927436,0.02975,especially_prior_driven_appendix_only
voluntary_pools,conditional,year_5_annual,skilled_work_hours,strategic_reasoning,hours,200000,69521160841,19.5973407448,3.37104602002,0.0216854753754,0.105145814556,45.4153591565,86.7805110191,0.02987,especially_prior_driven_appendix_only
voluntary_pools,conditional,year_5_annual,skilled_work_hours,environmental_protection,hours,200000,69521160841,36.800390247,6.3753415237,0.0405614483144,0.200335070588,85.3052619025,162.732244286,0.030175,especially_prior_driven_appendix_only
voluntary_pools,conditional,five_year_cumulative,cause_directed_cash,factory_farming_reduction,USD,200000,69521160841,190164.60715,110244.559523,8742.527719,16373.4954154,464693.418542,644237.085109,9e-05,especially_prior_driven_appendix_only
voluntary_pools,conditional,five_year_cumulative,cause_directed_cash,wild_animal_suffering,USD,200000,69521160841,35916.4724611,20935.3846568,1710.58793443,3141.35936429,87634.6182017,120882.505913,7.5e-05,especially_prior_driven_appendix_only
voluntary_pools,conditional,five_year_cumulative,cause_directed_cash,residual_existential_risk_prevention,USD,200000,69521160841,113139.866278,66546.0247801,5453.56230301,9998.70181643,275234.236242,380174.151263,7.5e-05,especially_prior_driven_appendix_only
voluntary_pools,conditional,five_year_cumulative,cause_directed_cash,preventing_extreme_power_concentration,USD,200000,69521160841,151636.2777,88725.7773316,6024.37916659,12162.3261238,370802.751301,511657.112006,6e-05,especially_prior_driven_appendix_only
voluntary_pools,conditional,five_year_cumulative,cause_directed_cash,biorisk_prevention,USD,200000,69521160841,81751.2209041,47773.8761434,3781.68345509,7145.5032773,199360.540905,275287.273769,7.5e-05,especially_prior_driven_appendix_only
voluntary_pools,conditional,five_year_cumulative,cause_directed_cash,space_governance,USD,200000,69521160841,42287.9600834,24681.8798281,1984.69313681,3683.64647678,102889.312794,142767.24662,7e-05,especially_prior_driven_appendix_only
voluntary_pools,conditional,five_year_cumulative,cause_directed_cash,global_health,USD,200000,69521160841,233347.493242,137489.758504,10140.9441996,19560.1090675,571204.077557,785691.033728,7e-05,especially_prior_driven_appendix_only
voluntary_pools,conditional,five_year_cumulative,cause_directed_cash,strategic_reasoning,USD,200000,69521160841,61267.9719938,35618.24742,3030.22174421,5499.52050958,149497.287143,206326.78147,5.5e-05,especially_prior_driven_appendix_only
voluntary_pools,conditional,five_year_cumulative,cause_directed_cash,environmental_protection,USD,200000,69521160841,197111.758802,115467.538812,8625.27121899,16584.5482956,481449.179645,665237.496515,9.5e-05,especially_prior_driven_appendix_only
voluntary_pools,conditional,five_year_cumulative,ordinary_action_hours,factory_farming_reduction,hours,200000,69521160841,739.125084511,157.316228444,1.24718615177,5.79704665089,1798.24930355,3230.09457044,0.030535,especially_prior_driven_appendix_only
voluntary_pools,conditional,five_year_cumulative,ordinary_action_hours,wild_animal_suffering,hours,200000,69521160841,81.2635261329,16.8214076045,0.137963836374,0.618077631177,195.950249729,355.698154698,0.029525,especially_prior_driven_appendix_only
voluntary_pools,conditional,five_year_cumulative,ordinary_action_hours,residual_existential_risk_prevention,hours,200000,69521160841,201.827035949,41.9190933991,0.331333516853,1.5384676584,487.919446743,887.664297289,0.03014,especially_prior_driven_appendix_only
voluntary_pools,conditional,five_year_cumulative,ordinary_action_hours,preventing_extreme_power_concentration,hours,200000,69521160841,122.047328703,25.377774567,0.205577079912,0.931185032334,294.073592311,533.252637896,0.02992,especially_prior_driven_appendix_only
voluntary_pools,conditional,five_year_cumulative,ordinary_action_hours,biorisk_prevention,hours,200000,69521160841,135.298822256,28.147517222,0.218300625545,1.01938324027,326.667449156,589.791433374,0.03018,especially_prior_driven_appendix_only
voluntary_pools,conditional,five_year_cumulative,ordinary_action_hours,space_governance,hours,200000,69521160841,70.266246268,14.6176007097,0.117101646588,0.537663509637,169.600928725,307.046624996,0.029735,especially_prior_driven_appendix_only
voluntary_pools,conditional,five_year_cumulative,ordinary_action_hours,global_health,hours,200000,69521160841,303.689220011,63.812367601,0.509054888982,2.33670891303,735.936841691,1329.37035076,0.03008,especially_prior_driven_appendix_only
voluntary_pools,conditional,five_year_cumulative,ordinary_action_hours,strategic_reasoning,hours,200000,69521160841,186.406146854,38.8839232413,0.295887969018,1.40898893878,449.126730113,814.98577321,0.030825,especially_prior_driven_appendix_only
voluntary_pools,conditional,five_year_cumulative,ordinary_action_hours,environmental_protection,hours,200000,69521160841,465.44808969,98.0373349898,0.788200862351,3.61816131305,1121.22522011,2042.43730221,0.029855,especially_prior_driven_appendix_only
voluntary_pools,conditional,five_year_cumulative,skilled_work_hours,factory_farming_reduction,hours,200000,69521160841,164.731581072,28.7844713243,0.182490179068,0.897167227079,384.731607986,725.60463057,0.030335,especially_prior_driven_appendix_only
voluntary_pools,conditional,five_year_cumulative,skilled_work_hours,wild_animal_suffering,hours,200000,69521160841,25.3758660798,4.3221951582,0.0281469132431,0.136483534316,58.6150628534,111.014245303,0.02962,especially_prior_driven_appendix_only
voluntary_pools,conditional,five_year_cumulative,skilled_work_hours,residual_existential_risk_prevention,hours,200000,69521160841,63.3670026639,10.8724824274,0.0740406896546,0.345889409031,146.957023263,277.91100276,0.029115,especially_prior_driven_appendix_only
voluntary_pools,conditional,five_year_cumulative,skilled_work_hours,preventing_extreme_power_concentration,hours,200000,69521160841,38.2576108177,6.51050148614,0.0416784318654,0.203582567911,88.5672423165,168.169128766,0.030035,especially_prior_driven_appendix_only
voluntary_pools,conditional,five_year_cumulative,skilled_work_hours,biorisk_prevention,hours,200000,69521160841,46.2657314606,7.93139001584,0.0511479639585,0.247526746276,107.346117007,202.508094171,0.02994,especially_prior_driven_appendix_only
voluntary_pools,conditional,five_year_cumulative,skilled_work_hours,space_governance,hours,200000,69521160841,23.67426804,4.02709012028,0.0262978787075,0.126994625397,54.6399878577,103.602259878,0.029665,especially_prior_driven_appendix_only
voluntary_pools,conditional,five_year_cumulative,skilled_work_hours,global_health,hours,200000,69521160841,83.6039119897,14.3662086285,0.0928745757298,0.452551804872,194.72426446,367.250576769,0.02975,especially_prior_driven_appendix_only
voluntary_pools,conditional,five_year_cumulative,skilled_work_hours,strategic_reasoning,hours,200000,69521160841,54.8365956619,9.43274345053,0.0606795411882,0.294215352658,127.079674704,242.826200558,0.02987,especially_prior_driven_appendix_only
voluntary_pools,conditional,five_year_cumulative,skilled_work_hours,environmental_protection,hours,200000,69521160841,102.97356904,17.839258392,0.113497630604,0.56057061036,238.698209911,455.351692727,0.030175,especially_prior_driven_appendix_only
voluntary_pools,conditional,eoy5_annualized_run_rate,cause_directed_cash,factory_farming_reduction,USD,200000,69521160841,74706.5404903,43241.3153113,3358.69934893,6359.33449879,182704.657548,253368.210982,9e-05,especially_prior_driven_appendix_only
voluntary_pools,conditional,eoy5_annualized_run_rate,cause_directed_cash,wild_animal_suffering,USD,200000,69521160841,14099.5574746,8204.35474649,649.892829898,1211.84726775,34451.8382376,47534.7539516,7.5e-05,especially_prior_driven_appendix_only
voluntary_pools,conditional,eoy5_annualized_run_rate,cause_directed_cash,residual_existential_risk_prevention,USD,200000,69521160841,44401.9569867,26054.4425816,2065.76478049,3850.5415736,108184.353322,149446.222817,7.5e-05,especially_prior_driven_appendix_only
voluntary_pools,conditional,eoy5_annualized_run_rate,cause_directed_cash,preventing_extreme_power_concentration,USD,200000,69521160841,59591.3337481,34832.0238158,2318.65862044,4735.40072898,145802.182492,201199.715507,6e-05,especially_prior_driven_appendix_only
voluntary_pools,conditional,eoy5_annualized_run_rate,cause_directed_cash,biorisk_prevention,USD,200000,69521160841,32098.692366,18733.4074559,1441.43394455,2759.14341315,78368.8191826,108225.80438,7.5e-05,especially_prior_driven_appendix_only
voluntary_pools,conditional,eoy5_annualized_run_rate,cause_directed_cash,space_governance,USD,200000,69521160841,16599.9138854,9674.02798402,751.52141897,1420.72770457,40428.361915,56113.1799735,7e-05,especially_prior_driven_appendix_only
voluntary_pools,conditional,eoy5_annualized_run_rate,cause_directed_cash,global_health,USD,200000,69521160841,91686.1864486,53973.7340348,3899.71785439,7597.51725056,224549.197292,308985.440306,7e-05,especially_prior_driven_appendix_only
voluntary_pools,conditional,eoy5_annualized_run_rate,cause_directed_cash,strategic_reasoning,USD,200000,69521160841,24043.3558158,13946.9964685,1147.44309009,2115.75187136,58749.7658444,81132.21275,5.5e-05,especially_prior_driven_appendix_only
voluntary_pools,conditional,eoy5_annualized_run_rate,cause_directed_cash,environmental_protection,USD,200000,69521160841,77460.6948846,45339.509962,3330.27748284,6459.60642473,189302.83949,261599.54371,9.5e-05,especially_prior_driven_appendix_only
voluntary_pools,conditional,eoy5_annualized_run_rate,ordinary_action_hours,factory_farming_reduction,hours,200000,69521160841,290.803311939,61.8949095517,0.490696190862,2.2808052397,707.507922708,1270.85688017,0.030535,especially_prior_driven_appendix_only
voluntary_pools,conditional,eoy5_annualized_run_rate,ordinary_action_hours,wild_animal_suffering,hours,200000,69521160841,31.972534872,6.61825872964,0.0542808536553,0.243178084398,77.0951802213,139.946814963,0.029525,especially_prior_driven_appendix_only
voluntary_pools,conditional,eoy5_annualized_run_rate,ordinary_action_hours,residual_existential_risk_prevention,hours,200000,69521160841,79.4073584061,16.4927580587,0.130360727942,0.605298750847,191.968306915,349.244969425,0.03014,especially_prior_driven_appendix_only
voluntary_pools,conditional,eoy5_annualized_run_rate,ordinary_action_hours,preventing_extreme_power_concentration,hours,200000,69521160841,48.0186211289,9.98469819029,0.0808827855392,0.366367881574,115.701085499,209.804316549,0.02992,especially_prior_driven_appendix_only
voluntary_pools,conditional,eoy5_annualized_run_rate,ordinary_action_hours,biorisk_prevention,hours,200000,69521160841,53.2323235107,11.0744330054,0.0858887707061,0.401068815845,128.524898028,232.04908854,0.03018,especially_prior_driven_appendix_only
voluntary_pools,conditional,eoy5_annualized_run_rate,ordinary_action_hours,space_governance,hours,200000,69521160841,27.6457362366,5.75118716446,0.0460727789856,0.211539741496,66.7282342525,120.805229506,0.029735,especially_prior_driven_appendix_only
voluntary_pools,conditional,eoy5_annualized_run_rate,ordinary_action_hours,global_health,hours,200000,69521160841,119.484283283,25.1065052857,0.200283890747,0.919360883813,289.548921321,523.030957677,0.03008,especially_prior_driven_appendix_only
voluntary_pools,conditional,eoy5_annualized_run_rate,ordinary_action_hours,strategic_reasoning,hours,200000,69521160841,73.3401233524,15.2985927507,0.11641493863,0.554356303783,176.705598733,320.650140279,0.030825,especially_prior_driven_appendix_only
voluntary_pools,conditional,eoy5_annualized_run_rate,ordinary_action_hours,environmental_protection,hours,200000,69521160841,183.127117255,38.5720662255,0.310111814695,1.42353887726,441.137791519,803.581889393,0.029855,especially_prior_driven_appendix_only
voluntary_pools,conditional,eoy5_annualized_run_rate,skilled_work_hours,factory_farming_reduction,hours,200000,69521160841,64.8124253397,11.3250378981,0.0717994147153,0.352983827048,151.369812978,285.483789077,0.030335,especially_prior_driven_appendix_only
voluntary_pools,conditional,eoy5_annualized_run_rate,skilled_work_hours,wild_animal_suffering,hours,200000,69521160841,9.98394731007,1.70053579995,0.0110741953743,0.053698439731,23.0616640735,43.677735857,0.02962,especially_prior_driven_appendix_only
voluntary_pools,conditional,eoy5_annualized_run_rate,skilled_work_hours,residual_existential_risk_prevention,hours,200000,69521160841,24.9312797366,4.27769800423,0.0291307631428,0.13608763634,57.8191566938,109.342033873,0.029115,especially_prior_driven_appendix_only
voluntary_pools,conditional,eoy5_annualized_run_rate,skilled_work_hours,preventing_extreme_power_concentration,hours,200000,69521160841,15.052174748,2.56150878143,0.0163980715536,0.080098059506,34.8461281245,66.164903121,0.030035,especially_prior_driven_appendix_only
voluntary_pools,conditional,eoy5_annualized_run_rate,skilled_work_hours,biorisk_prevention,hours,200000,69521160841,18.2029107386,3.12054689148,0.0201237890984,0.0973875723054,42.2345378389,79.6753157394,0.02994,especially_prior_driven_appendix_only
voluntary_pools,conditional,eoy5_annualized_run_rate,skilled_work_hours,space_governance,hours,200000,69521160841,9.31446611408,1.58442889978,0.0103467063767,0.0499650985168,21.4977001408,40.7615448702,0.029665,especially_prior_driven_appendix_only
voluntary_pools,conditional,eoy5_annualized_run_rate,skilled_work_hours,global_health,hours,200000,69521160841,32.8933424222,5.65227880464,0.0365408166806,0.17805316913,76.6128253612,144.492030204,0.02975,especially_prior_driven_appendix_only
voluntary_pools,conditional,eoy5_annualized_run_rate,skilled_work_hours,strategic_reasoning,hours,200000,69521160841,21.5750540309,3.7112433248,0.0238739178445,0.115756860062,49.9985605393,95.5381772687,0.02987,especially_prior_driven_appendix_only
voluntary_pools,conditional,eoy5_annualized_run_rate,skilled_work_hours,environmental_protection,hours,200000,69521160841,40.5141910977,7.01872461325,0.0446548054837,0.220552371289,93.914049801,179.154764351,0.030175,especially_prior_driven_appendix_only
voluntary_pools,probability_weighted,year_1,cause_directed_cash,factory_farming_reduction,USD,200000,69531160860,3672.23932145,940.033845947,0,0,10649.9020322,16759.6547025,0.17764,especially_prior_driven_appendix_only
voluntary_pools,probability_weighted,year_1,cause_directed_cash,wild_animal_suffering,USD,200000,69531160860,702.241472125,186.920908018,0,0,2025.43036517,3160.2046331,0.17762,especially_prior_driven_appendix_only
voluntary_pools,probability_weighted,year_1,cause_directed_cash,residual_existential_risk_prevention,USD,200000,69531160860,2227.74525981,603.014186407,0,0,6440.15366347,10008.2944506,0.1776,especially_prior_driven_appendix_only
voluntary_pools,probability_weighted,year_1,cause_directed_cash,preventing_extreme_power_concentration,USD,200000,69531160860,2900.80826774,734.96288698,0,0,8487.025535,13197.321989,0.177585,especially_prior_driven_appendix_only
voluntary_pools,probability_weighted,year_1,cause_directed_cash,biorisk_prevention,USD,200000,69531160860,1600.61674689,421.442408196,0,0,4620.37957525,7223.03917474,0.17763,especially_prior_driven_appendix_only
voluntary_pools,probability_weighted,year_1,cause_directed_cash,space_governance,USD,200000,69531160860,828.51820231,221.245499262,0,0,2402.3319015,3714.47847832,0.177615,especially_prior_driven_appendix_only
voluntary_pools,probability_weighted,year_1,cause_directed_cash,global_health,USD,200000,69531160860,4491.74686631,1150.66206925,0,0,13068.1242018,20435.0537904,0.17763,especially_prior_driven_appendix_only
voluntary_pools,probability_weighted,year_1,cause_directed_cash,strategic_reasoning,USD,200000,69531160860,1205.77240701,322.867023496,0,0,3459.10296673,5410.64156614,0.177625,especially_prior_driven_appendix_only
voluntary_pools,probability_weighted,year_1,cause_directed_cash,environmental_protection,USD,200000,69531160860,3790.36774599,956.958705675,0,0,11015.9167343,17378.3677557,0.177665,especially_prior_driven_appendix_only
voluntary_pools,probability_weighted,year_1,ordinary_action_hours,factory_farming_reduction,hours,200000,69531160860,13.7021662565,0.857574923133,0,0,30.4567873571,63.4912280928,0.20221,especially_prior_driven_appendix_only
voluntary_pools,probability_weighted,year_1,ordinary_action_hours,wild_animal_suffering,hours,200000,69531160860,1.50760643477,0.0914704446873,0,0,3.28440088166,6.95809855644,0.202375,especially_prior_driven_appendix_only
voluntary_pools,probability_weighted,year_1,ordinary_action_hours,residual_existential_risk_prevention,hours,200000,69531160860,3.71601584523,0.228502283604,0,0,8.16884682345,17.21910728,0.20262,especially_prior_driven_appendix_only
voluntary_pools,probability_weighted,year_1,ordinary_action_hours,preventing_extreme_power_concentration,hours,200000,69531160860,2.24705734841,0.137546847766,0,0,4.94497987719,10.3336812395,0.20184,especially_prior_driven_appendix_only
voluntary_pools,probability_weighted,year_1,ordinary_action_hours,biorisk_prevention,hours,200000,69531160860,2.50227502689,0.154132269366,0,0,5.5218872925,11.5002135943,0.201735,especially_prior_driven_appendix_only
voluntary_pools,probability_weighted,year_1,ordinary_action_hours,space_governance,hours,200000,69531160860,1.29344885283,0.0788406229944,0,0,2.84990084691,5.93956289877,0.202705,especially_prior_driven_appendix_only
voluntary_pools,probability_weighted,year_1,ordinary_action_hours,global_health,hours,200000,69531160860,5.59588643562,0.344241114453,0,0,12.3116044027,25.8396065055,0.20296,especially_prior_driven_appendix_only
voluntary_pools,probability_weighted,year_1,ordinary_action_hours,strategic_reasoning,hours,200000,69531160860,3.4643429966,0.210822187687,0,0,7.62092311761,15.8554644295,0.202835,especially_prior_driven_appendix_only
voluntary_pools,probability_weighted,year_1,ordinary_action_hours,environmental_protection,hours,200000,69531160860,8.58877087422,0.531560256688,0,0,18.9397109879,39.5500036565,0.201995,especially_prior_driven_appendix_only
voluntary_pools,probability_weighted,year_1,skilled_work_hours,factory_farming_reduction,hours,200000,69531160860,2.99795632375,0.150916958353,0,0,6.26298644059,13.6084837206,0.202325,especially_prior_driven_appendix_only
voluntary_pools,probability_weighted,year_1,skilled_work_hours,wild_animal_suffering,hours,200000,69531160860,0.462920610713,0.0226641470499,0,0,0.945955844378,2.08695821568,0.202035,especially_prior_driven_appendix_only
voluntary_pools,probability_weighted,year_1,skilled_work_hours,residual_existential_risk_prevention,hours,200000,69531160860,1.16153647647,0.0570534273308,0,0,2.38153823883,5.19517989556,0.20188,especially_prior_driven_appendix_only
voluntary_pools,probability_weighted,year_1,skilled_work_hours,preventing_extreme_power_concentration,hours,200000,69531160860,0.697616721235,0.0342174901697,0,0,1.43458192652,3.10699199489,0.20195,especially_prior_driven_appendix_only
voluntary_pools,probability_weighted,year_1,skilled_work_hours,biorisk_prevention,hours,200000,69531160860,0.847860052297,0.0415836307032,0,0,1.74171387392,3.77138878383,0.20232,especially_prior_driven_appendix_only
voluntary_pools,probability_weighted,year_1,skilled_work_hours,space_governance,hours,200000,69531160860,0.428968918288,0.0210191568389,0,0,0.880676884796,1.90977967002,0.202755,especially_prior_driven_appendix_only
voluntary_pools,probability_weighted,year_1,skilled_work_hours,global_health,hours,200000,69531160860,1.52306675988,0.0753496666617,0,0,3.15703170975,6.85088342694,0.20191,especially_prior_driven_appendix_only
voluntary_pools,probability_weighted,year_1,skilled_work_hours,strategic_reasoning,hours,200000,69531160860,1.00578469268,0.0493585632009,0,0,2.05751014812,4.46141022744,0.201685,especially_prior_driven_appendix_only
voluntary_pools,probability_weighted,year_1,skilled_work_hours,environmental_protection,hours,200000,69531160860,1.90363982074,0.0935253228218,0,0,3.88687500814,8.51975447173,0.20235,especially_prior_driven_appendix_only
voluntary_pools,probability_weighted,year_5_annual,cause_directed_cash,factory_farming_reduction,USD,200000,69531160860,29888.317342,7211.04020762,0,0,87048.5615205,137666.326788,0.17764,especially_prior_driven_appendix_only
voluntary_pools,probability_weighted,year_5_annual,cause_directed_cash,wild_animal_suffering,USD,200000,69531160860,5632.98139861,1389.37019461,0,0,16316.1772587,25731.8421582,0.17762,especially_prior_driven_appendix_only
voluntary_pools,probability_weighted,year_5_annual,cause_directed_cash,residual_existential_risk_prevention,USD,200000,69531160860,17775.515198,4408.02514355,0,0,51686.8442646,81118.7674399,0.1776,especially_prior_driven_appendix_only
voluntary_pools,probability_weighted,year_5_annual,cause_directed_cash,preventing_extreme_power_concentration,USD,200000,69531160860,23766.1636086,5727.45280208,0,0,69742.8996684,108993.773045,0.177585,especially_prior_driven_appendix_only
voluntary_pools,probability_weighted,year_5_annual,cause_directed_cash,biorisk_prevention,USD,200000,69531160860,12891.4702001,3152.79349553,0,0,37366.4656523,58942.6056647,0.17763,especially_prior_driven_appendix_only
voluntary_pools,probability_weighted,year_5_annual,cause_directed_cash,space_governance,USD,200000,69531160860,6641.54283435,1634.81690515,0,0,19338.8034411,30224.4599083,0.177615,especially_prior_driven_appendix_only
voluntary_pools,probability_weighted,year_5_annual,cause_directed_cash,global_health,USD,200000,69531160860,36677.8272841,8908.39904938,0,0,107202.870909,168735.129379,0.17763,especially_prior_driven_appendix_only
voluntary_pools,probability_weighted,year_5_annual,cause_directed_cash,strategic_reasoning,USD,200000,69531160860,9616.09280958,2375.99315256,0,0,27684.8581677,44010.2563473,0.177625,especially_prior_driven_appendix_only
voluntary_pools,probability_weighted,year_5_annual,cause_directed_cash,environmental_protection,USD,200000,69531160860,31040.239934,7457.94881509,0,0,90567.2862832,143485.686006,0.177665,especially_prior_driven_appendix_only
voluntary_pools,probability_weighted,year_5_annual,ordinary_action_hours,factory_farming_reduction,hours,200000,69531160860,114.887393997,7.19043589396,0,0,255.368447841,532.349527855,0.20221,especially_prior_driven_appendix_only
voluntary_pools,probability_weighted,year_5_annual,ordinary_action_hours,wild_animal_suffering,hours,200000,69531160860,12.6407001069,0.766944497763,0,0,27.5384381616,58.340980204,0.202375,especially_prior_driven_appendix_only
voluntary_pools,probability_weighted,year_5_annual,ordinary_action_hours,residual_existential_risk_prevention,hours,200000,69531160860,31.1573636254,1.91590376252,0,0,68.4926387505,144.375591809,0.20262,especially_prior_driven_appendix_only
voluntary_pools,probability_weighted,year_5_annual,ordinary_action_hours,preventing_extreme_power_concentration,hours,200000,69531160860,18.8407116136,1.15327741588,0,0,41.4617543549,86.6439427003,0.20184,especially_prior_driven_appendix_only
voluntary_pools,probability_weighted,year_5_annual,ordinary_action_hours,biorisk_prevention,hours,200000,69531160860,20.980613687,1.29233979699,0,0,46.2989011448,96.4248678287,0.201735,especially_prior_driven_appendix_only
voluntary_pools,probability_weighted,year_5_annual,ordinary_action_hours,space_governance,hours,200000,69531160860,10.8450711507,0.661048300492,0,0,23.8953224856,49.8009504589,0.202705,especially_prior_driven_appendix_only
voluntary_pools,probability_weighted,year_5_annual,ordinary_action_hours,global_health,hours,200000,69531160860,46.9193554987,2.88632934426,0,0,103.228067684,216.655162239,0.20296,especially_prior_driven_appendix_only
voluntary_pools,probability_weighted,year_5_annual,ordinary_action_hours,strategic_reasoning,hours,200000,69531160860,29.0471835869,1.7676629583,0,0,63.8985092169,132.941970986,0.202835,especially_prior_driven_appendix_only
voluntary_pools,probability_weighted,year_5_annual,ordinary_action_hours,environmental_protection,hours,200000,69531160860,72.0135404069,4.45692830608,0,0,158.802192129,331.61156912,0.201995,especially_prior_driven_appendix_only
voluntary_pools,probability_weighted,year_5_annual,skilled_work_hours,factory_farming_reduction,hours,200000,69531160860,25.1367107145,1.2653806508,0,0,52.5127324634,114.101901965,0.202325,especially_prior_driven_appendix_only
voluntary_pools,probability_weighted,year_5_annual,skilled_work_hours,wild_animal_suffering,hours,200000,69531160860,3.88141127444,0.190030156034,0,0,7.93147592594,17.4983419623,0.202035,especially_prior_driven_appendix_only
voluntary_pools,probability_weighted,year_5_annual,skilled_work_hours,residual_existential_risk_prevention,hours,200000,69531160860,9.7390366104,0.478371044543,0,0,19.9682821563,43.5595852781,0.20188,especially_prior_driven_appendix_only
voluntary_pools,probability_weighted,year_5_annual,skilled_work_hours,preventing_extreme_power_concentration,hours,200000,69531160860,5.84924789343,0.2869004945,0,0,12.0284176916,26.0509328802,0.20195,especially_prior_driven_appendix_only
voluntary_pools,probability_weighted,year_5_annual,skilled_work_hours,biorisk_prevention,hours,200000,69531160860,7.10898043849,0.348662749742,0,0,14.6036009429,31.6216444183,0.20232,especially_prior_driven_appendix_only
voluntary_pools,probability_weighted,year_5_annual,skilled_work_hours,space_governance,hours,200000,69531160860,3.5967393918,0.176237545803,0,0,7.38413695714,16.0127680025,0.202755,especially_prior_driven_appendix_only
voluntary_pools,probability_weighted,year_5_annual,skilled_work_hours,global_health,hours,200000,69531160860,12.7703289867,0.631777974318,0,0,26.4704966433,57.4420225798,0.20191,especially_prior_driven_appendix_only
voluntary_pools,probability_weighted,year_5_annual,skilled_work_hours,strategic_reasoning,hours,200000,69531160860,8.43311780785,0.413852568377,0,0,17.251431242,37.40720883,0.201685,especially_prior_driven_appendix_only
voluntary_pools,probability_weighted,year_5_annual,skilled_work_hours,environmental_protection,hours,200000,69531160860,15.9612877278,0.784173860583,0,0,32.5899519914,71.4348644168,0.20235,especially_prior_driven_appendix_only
voluntary_pools,probability_weighted,five_year_cumulative,cause_directed_cash,factory_farming_reduction,USD,200000,69531160860,83847.2618533,20425.4208452,0,0,243872.621513,385596.506139,0.17764,especially_prior_driven_appendix_only
voluntary_pools,probability_weighted,five_year_cumulative,cause_directed_cash,wild_animal_suffering,USD,200000,69531160860,15822.9725653,3958.73179051,0,0,45782.7810604,72099.4786896,0.17762,especially_prior_driven_appendix_only
voluntary_pools,probability_weighted,five_year_cumulative,cause_directed_cash,residual_existential_risk_prevention,USD,200000,69531160860,49954.3219831,12585.9405427,0,0,144971.571825,227454.256974,0.1776,especially_prior_driven_appendix_only
voluntary_pools,probability_weighted,five_year_cumulative,cause_directed_cash,preventing_extreme_power_concentration,USD,200000,69531160860,66633.5587612,16176.903354,0,0,195408.461126,305273.249752,0.177585,especially_prior_driven_appendix_only
voluntary_pools,probability_weighted,five_year_cumulative,cause_directed_cash,biorisk_prevention,USD,200000,69531160860,36197.9637812,8958.13286199,0,0,104765.202112,165099.02895,0.17763,especially_prior_driven_appendix_only
voluntary_pools,probability_weighted,five_year_cumulative,cause_directed_cash,space_governance,USD,200000,69531160860,18656.5447385,4653.3832789,0,0,54264.7728961,84677.108109,0.177615,especially_prior_driven_appendix_only
voluntary_pools,probability_weighted,five_year_cumulative,cause_directed_cash,global_health,USD,200000,69531160860,102864.958875,25177.4629611,0,0,300428.451092,472244.666893,0.17763,especially_prior_driven_appendix_only
voluntary_pools,probability_weighted,five_year_cumulative,cause_directed_cash,strategic_reasoning,USD,200000,69531160860,27025.2401583,6781.07983938,0,0,77671.0009445,123297.788071,0.177625,especially_prior_driven_appendix_only
voluntary_pools,probability_weighted,five_year_cumulative,cause_directed_cash,environmental_protection,USD,200000,69531160860,87031.1797522,21068.6575009,0,0,253791.370251,401794.356595,0.177665,especially_prior_driven_appendix_only
voluntary_pools,probability_weighted,five_year_cumulative,ordinary_action_hours,factory_farming_reduction,hours,200000,69531160860,321.473900633,20.1200270427,0,0,714.563087994,1489.60188987,0.20221,especially_prior_driven_appendix_only
voluntary_pools,probability_weighted,five_year_cumulative,ordinary_action_hours,wild_animal_suffering,hours,200000,69531160860,35.3707663543,2.14603735612,0,0,77.0570976082,163.247696901,0.202375,especially_prior_driven_appendix_only
voluntary_pools,probability_weighted,five_year_cumulative,ordinary_action_hours,residual_existential_risk_prevention,hours,200000,69531160860,87.1834486767,5.36101511532,0,0,191.653713935,403.986747723,0.20262,especially_prior_driven_appendix_only
voluntary_pools,probability_weighted,five_year_cumulative,ordinary_action_hours,preventing_extreme_power_concentration,hours,200000,69531160860,52.719422405,3.22706065911,0,0,116.01683558,242.44405985,0.20184,especially_prior_driven_appendix_only
voluntary_pools,probability_weighted,five_year_cumulative,ordinary_action_hours,biorisk_prevention,hours,200000,69531160860,58.7072217847,3.61618016589,0,0,129.551971093,269.812703557,0.201735,especially_prior_driven_appendix_only
voluntary_pools,probability_weighted,five_year_cumulative,ordinary_action_hours,space_governance,hours,200000,69531160860,30.3463000087,1.84972230872,0,0,66.8630583313,139.351283394,0.202705,especially_prior_driven_appendix_only
voluntary_pools,probability_weighted,five_year_cumulative,ordinary_action_hours,global_health,hours,200000,69531160860,131.288104836,8.07642614677,0,0,288.849180217,606.236921861,0.20296,especially_prior_driven_appendix_only
voluntary_pools,probability_weighted,five_year_cumulative,ordinary_action_hours,strategic_reasoning,hours,200000,69531160860,81.2788164587,4.94621286497,0,0,178.798580836,371.993588538,0.202835,especially_prior_driven_appendix_only
voluntary_pools,probability_weighted,five_year_cumulative,ordinary_action_hours,environmental_protection,hours,200000,69531160860,201.505778203,12.4712214069,0,0,444.354757793,927.90393194,0.201995,especially_prior_driven_appendix_only
voluntary_pools,probability_weighted,five_year_cumulative,skilled_work_hours,factory_farming_reduction,hours,200000,69531160860,70.3366675957,3.54074402289,0,0,146.93929726,319.275964215,0.202325,especially_prior_driven_appendix_only
voluntary_pools,probability_weighted,five_year_cumulative,skilled_work_hours,wild_animal_suffering,hours,200000,69531160860,10.8608297129,0.531735757708,0,0,22.1935794258,48.9632504449,0.202035,especially_prior_driven_appendix_only
voluntary_pools,probability_weighted,five_year_cumulative,skilled_work_hours,residual_existential_risk_prevention,hours,200000,69531160860,27.2514327172,1.33856117968,0,0,55.8745509879,121.886912934,0.20188,especially_prior_driven_appendix_only
voluntary_pools,probability_weighted,five_year_cumulative,skilled_work_hours,preventing_extreme_power_concentration,hours,200000,69531160860,16.3671615367,0.802794961673,0,0,33.6574990453,72.8948121878,0.20195,especially_prior_driven_appendix_only
voluntary_pools,probability_weighted,five_year_cumulative,skilled_work_hours,biorisk_prevention,hours,200000,69531160860,19.892101227,0.975615951114,0,0,40.863287042,88.4825830052,0.20232,especially_prior_driven_appendix_only
voluntary_pools,probability_weighted,five_year_cumulative,skilled_work_hours,space_governance,hours,200000,69531160860,10.0642707752,0.493141756606,0,0,20.6620346048,44.8063691813,0.202755,especially_prior_driven_appendix_only
voluntary_pools,probability_weighted,five_year_cumulative,skilled_work_hours,global_health,hours,200000,69531160860,35.7334893665,1.76781910245,0,0,74.0688208825,160.732265017,0.20191,especially_prior_driven_appendix_only
voluntary_pools,probability_weighted,five_year_cumulative,skilled_work_hours,strategic_reasoning,hours,200000,69531160860,23.5972562513,1.15802782894,0,0,48.2723534752,104.671547644,0.201685,especially_prior_driven_appendix_only
voluntary_pools,probability_weighted,five_year_cumulative,skilled_work_hours,environmental_protection,hours,200000,69531160860,44.6623188713,2.19424795851,0,0,91.1920674988,199.886547221,0.20235,especially_prior_driven_appendix_only
voluntary_pools,probability_weighted,eoy5_annualized_run_rate,cause_directed_cash,factory_farming_reduction,USD,200000,69531160860,32899.7929777,7933.00290078,0,0,95835.6142776,151555.889661,0.17764,especially_prior_driven_appendix_only
voluntary_pools,probability_weighted,eoy5_annualized_run_rate,cause_directed_cash,wild_animal_suffering,USD,200000,69531160860,6200.04669167,1525.74575171,0,0,17962.1073549,28326.8576993,0.17762,especially_prior_driven_appendix_only
voluntary_pools,probability_weighted,eoy5_annualized_run_rate,cause_directed_cash,residual_existential_risk_prevention,USD,200000,69531160860,19564.7180408,4840.96135897,0,0,56886.2748852,89316.0604959,0.1776,especially_prior_driven_appendix_only
voluntary_pools,probability_weighted,eoy5_annualized_run_rate,cause_directed_cash,preventing_extreme_power_concentration,USD,200000,69531160860,26161.6827735,6301.01872658,0,0,76779.6722452,120014.920406,0.177585,especially_prior_driven_appendix_only
voluntary_pools,probability_weighted,eoy5_annualized_run_rate,cause_directed_cash,biorisk_prevention,USD,200000,69531160860,14189.6382781,3464.09758478,0,0,41129.3340536,64895.842559,0.17763,especially_prior_driven_appendix_only
voluntary_pools,probability_weighted,eoy5_annualized_run_rate,cause_directed_cash,space_governance,USD,200000,69531160860,7310.26657418,1797.29152081,0,0,21284.0137057,33274.6347615,0.177615,especially_prior_driven_appendix_only
voluntary_pools,probability_weighted,eoy5_annualized_run_rate,cause_directed_cash,global_health,USD,200000,69531160860,40374.2010078,9794.48972889,0,0,118022.250921,185763.445188,0.17763,especially_prior_driven_appendix_only
voluntary_pools,probability_weighted,eoy5_annualized_run_rate,cause_directed_cash,strategic_reasoning,USD,200000,69531160860,10583.8805249,2607.0501481,0,0,30478.0565065,48455.5525893,0.177625,especially_prior_driven_appendix_only
voluntary_pools,probability_weighted,eoy5_annualized_run_rate,cause_directed_cash,environmental_protection,USD,200000,69531160860,34168.8034403,8203.18826125,0,0,99704.4286557,157975.796644,0.177665,especially_prior_driven_appendix_only
voluntary_pools,probability_weighted,eoy5_annualized_run_rate,ordinary_action_hours,factory_farming_reduction,hours,200000,69531160860,126.481534675,7.91607621353,0,0,281.139575604,586.072874703,0.20221,especially_prior_driven_appendix_only
voluntary_pools,probability_weighted,eoy5_annualized_run_rate,ordinary_action_hours,wild_animal_suffering,hours,200000,69531160860,13.9163670902,0.844342566344,0,0,30.3175466,64.2286020594,0.202375,especially_prior_driven_appendix_only
voluntary_pools,probability_weighted,eoy5_annualized_run_rate,ordinary_action_hours,residual_existential_risk_prevention,hours,200000,69531160860,34.3016847252,2.10925184865,0,0,75.4047399088,158.945605661,0.20262,especially_prior_driven_appendix_only
voluntary_pools,probability_weighted,eoy5_annualized_run_rate,ordinary_action_hours,preventing_extreme_power_concentration,hours,200000,69531160860,20.7420678315,1.26966321014,0,0,45.6459680971,95.3878268261,0.20184,especially_prior_driven_appendix_only
voluntary_pools,probability_weighted,eoy5_annualized_run_rate,ordinary_action_hours,biorisk_prevention,hours,200000,69531160860,23.0979233251,1.42275940953,0,0,50.9712673154,106.155817793,0.201735,especially_prior_driven_appendix_only
voluntary_pools,probability_weighted,eoy5_annualized_run_rate,ordinary_action_hours,space_governance,hours,200000,69531160860,11.9395278723,0.727759596872,0,0,26.3067770484,54.8267344502,0.202705,especially_prior_driven_appendix_only
voluntary_pools,probability_weighted,eoy5_annualized_run_rate,ordinary_action_hours,global_health,hours,200000,69531160860,51.6543363288,3.17761028725,0,0,113.645579102,238.519444667,0.20296,especially_prior_driven_appendix_only
voluntary_pools,probability_weighted,eoy5_annualized_run_rate,ordinary_action_hours,strategic_reasoning,hours,200000,69531160860,31.9785507379,1.94605096327,0,0,70.3469826241,146.358133195,0.202835,especially_prior_driven_appendix_only
voluntary_pools,probability_weighted,eoy5_annualized_run_rate,ordinary_action_hours,environmental_protection,hours,200000,69531160860,79.2809619158,4.90671006174,0,0,174.828101427,365.076956829,0.201995,especially_prior_driven_appendix_only
voluntary_pools,probability_weighted,eoy5_annualized_run_rate,skilled_work_hours,factory_farming_reduction,hours,200000,69531160860,27.6734429885,1.39307961556,0,0,57.8121825285,125.616772806,0.202325,especially_prior_driven_appendix_only
voluntary_pools,probability_weighted,eoy5_annualized_run_rate,skilled_work_hours,wild_animal_suffering,hours,200000,69531160860,4.27311332966,0.20920751123,0,0,8.73190010195,19.2642296832,0.202035,especially_prior_driven_appendix_only
voluntary_pools,probability_weighted,eoy5_annualized_run_rate,skilled_work_hours,residual_existential_risk_prevention,hours,200000,69531160860,10.7218751674,0.526647021515,0,0,21.9834298969,47.9555067282,0.20188,especially_prior_driven_appendix_only
voluntary_pools,probability_weighted,eoy5_annualized_run_rate,skilled_work_hours,preventing_extreme_power_concentration,hours,200000,69531160860,6.43953896524,0.315853755412,0,0,13.2422947064,28.6799261067,0.20195,especially_prior_driven_appendix_only
voluntary_pools,probability_weighted,eoy5_annualized_run_rate,skilled_work_hours,biorisk_prevention,hours,200000,69531160860,7.82640048274,0.383848898799,0,0,16.0773588362,34.812819543,0.20232,especially_prior_driven_appendix_only
voluntary_pools,probability_weighted,eoy5_annualized_run_rate,skilled_work_hours,space_governance,hours,200000,69531160860,3.95971309189,0.194022986206,0,0,8.12932509043,17.6287354156,0.202755,especially_prior_driven_appendix_only
voluntary_pools,probability_weighted,eoy5_annualized_run_rate,skilled_work_hours,global_health,hours,200000,69531160860,14.0590777835,0.69553538457,0,0,29.1418311669,63.238923941,0.20191,especially_prior_driven_appendix_only
voluntary_pools,probability_weighted,eoy5_annualized_run_rate,skilled_work_hours,strategic_reasoning,hours,200000,69531160860,9.28416639397,0.45561750647,0,0,18.9924013673,41.1822482533,0.201685,especially_prior_driven_appendix_only
voluntary_pools,probability_weighted,eoy5_annualized_run_rate,skilled_work_hours,environmental_protection,hours,200000,69531160860,17.5720598838,0.863310672202,0,0,35.878846229,78.6438874314,0.20235,especially_prior_driven_appendix_only
compulsory_5pct_governance,conditional,year_1,cause_directed_cash,factory_farming_reduction,USD,200000,69521260844,7411.12270256,4394.35270038,432.602272367,751.021415223,17902.7484092,24819.0080011,2e-05,especially_prior_driven_appendix_only
compulsory_5pct_governance,conditional,year_1,cause_directed_cash,wild_animal_suffering,USD,200000,69521260844,1430.1535607,859.27713965,88.1945034001,153.976792572,3414.31586258,4714.78381054,3.5e-05,especially_prior_driven_appendix_only
compulsory_5pct_governance,conditional,year_1,cause_directed_cash,residual_existential_risk_prevention,USD,200000,69521260844,4527.67815355,2763.81272207,287.080857191,503.175572409,10781.2385315,14817.1149617,4e-05,especially_prior_driven_appendix_only
compulsory_5pct_governance,conditional,year_1,cause_directed_cash,preventing_extreme_power_concentration,USD,200000,69521260844,5890.30778336,3516.41568214,303.212890594,548.896917573,14294.258282,19643.0210054,2e-05,especially_prior_driven_appendix_only
compulsory_5pct_governance,conditional,year_1,cause_directed_cash,biorisk_prevention,USD,200000,69521260844,3231.80355401,1954.73743365,197.125682265,345.705511624,7731.42220412,10664.0293837,2e-05,especially_prior_driven_appendix_only
compulsory_5pct_governance,conditional,year_1,cause_directed_cash,space_governance,USD,200000,69521260844,1679.31695499,1019.09600026,104.242890524,181.342394911,4009.58355154,5501.13633067,2.5e-05,especially_prior_driven_appendix_only
compulsory_5pct_governance,conditional,year_1,cause_directed_cash,global_health,USD,200000,69521260844,9071.95916953,5471.55901075,504.880769852,894.217917367,21940.485233,30126.9049583,2.5e-05,especially_prior_driven_appendix_only
compulsory_5pct_governance,conditional,year_1,cause_directed_cash,strategic_reasoning,USD,200000,69521260844,2452.9914535,1480.46683089,157.113990707,272.980662902,5847.18550544,8086.48828659,1e-05,especially_prior_driven_appendix_only
compulsory_5pct_governance,conditional,year_1,cause_directed_cash,environmental_protection,USD,200000,69521260844,7641.39145003,4540.56124271,415.806904729,736.409213413,18522.511672,25480.422851,1.5e-05,especially_prior_driven_appendix_only
compulsory_5pct_governance,conditional,year_1,ordinary_action_hours,factory_farming_reduction,hours,200000,69521260844,26.9870972701,5.65300394685,0.0434218206394,0.206974290438,65.4522250813,119.209058114,0.03041,especially_prior_driven_appendix_only
compulsory_5pct_governance,conditional,year_1,ordinary_action_hours,wild_animal_suffering,hours,200000,69521260844,2.96143940717,0.610451987093,0.00487716490584,0.0223615323688,7.16434727373,12.9504327715,0.029455,especially_prior_driven_appendix_only
compulsory_5pct_governance,conditional,year_1,ordinary_action_hours,residual_existential_risk_prevention,hours,200000,69521260844,7.34641526101,1.51915455946,0.0116926636221,0.0547326415354,17.7254488167,32.0761435321,0.030355,especially_prior_driven_appendix_only
compulsory_5pct_governance,conditional,year_1,ordinary_action_hours,preventing_extreme_power_concentration,hours,200000,69521260844,4.44506648945,0.91241122074,0.0072447628048,0.0334413003463,10.7184094936,19.5027802839,0.02958,especially_prior_driven_appendix_only
compulsory_5pct_governance,conditional,year_1,ordinary_action_hours,biorisk_prevention,hours,200000,69521260844,4.92674791123,1.012450266,0.00775747628077,0.0367506870997,11.7989254975,21.565940945,0.030335,especially_prior_driven_appendix_only
compulsory_5pct_governance,conditional,year_1,ordinary_action_hours,space_governance,hours,200000,69521260844,2.57029536305,0.525832836152,0.00410831031033,0.0191795504809,6.15053233671,11.2121094777,0.03009,especially_prior_driven_appendix_only
compulsory_5pct_governance,conditional,year_1,ordinary_action_hours,global_health,hours,200000,69521260844,11.0875112228,2.2937483751,0.0178945577426,0.0835218602665,26.7331597146,48.7964581668,0.029975,especially_prior_driven_appendix_only
compulsory_5pct_governance,conditional,year_1,ordinary_action_hours,strategic_reasoning,hours,200000,69521260844,6.81954789686,1.40697701264,0.0111389715515,0.0514361288795,16.3514175035,29.9002608739,0.029665,especially_prior_driven_appendix_only
compulsory_5pct_governance,conditional,year_1,ordinary_action_hours,environmental_protection,hours,200000,69521260844,16.9470792774,3.53781452837,0.0281156437946,0.130494978966,40.9018743505,74.3532601075,0.02944,especially_prior_driven_appendix_only
compulsory_5pct_governance,conditional,year_1,skilled_work_hours,factory_farming_reduction,hours,200000,69521260844,5.98324130939,1.0374494014,0.00657056070312,0.0326048096496,13.9827861838,26.1896498999,0.029955,especially_prior_driven_appendix_only
compulsory_5pct_governance,conditional,year_1,skilled_work_hours,wild_animal_suffering,hours,200000,69521260844,0.923669446663,0.155014558583,0.000917864279616,0.00475693983231,2.14129622318,4.05723988515,0.03076,especially_prior_driven_appendix_only
compulsory_5pct_governance,conditional,year_1,skilled_work_hours,residual_existential_risk_prevention,hours,200000,69521260844,2.30083988782,0.393372968841,0.00244604792632,0.0123441367465,5.37223702017,10.1322328826,0.030095,especially_prior_driven_appendix_only
compulsory_5pct_governance,conditional,year_1,skilled_work_hours,preventing_extreme_power_concentration,hours,200000,69521260844,1.38839051236,0.236044271367,0.00146625717474,0.00733334790858,3.23439801141,6.12208377983,0.029935,especially_prior_driven_appendix_only
compulsory_5pct_governance,conditional,year_1,skilled_work_hours,biorisk_prevention,hours,200000,69521260844,1.68952943902,0.287234849478,0.00173797502587,0.00887771836364,3.93715894084,7.39558968251,0.030235,especially_prior_driven_appendix_only
compulsory_5pct_governance,conditional,year_1,skilled_work_hours,space_governance,hours,200000,69521260844,0.855051090156,0.145609961365,0.000927486142457,0.00458086685997,1.99557419396,3.74408479017,0.02952,especially_prior_driven_appendix_only
compulsory_5pct_governance,conditional,year_1,skilled_work_hours,global_health,hours,200000,69521260844,3.03669530341,0.515681463944,0.00314539619142,0.0160106145256,7.08537963742,13.3847276494,0.030375,especially_prior_driven_appendix_only
compulsory_5pct_governance,conditional,year_1,skilled_work_hours,strategic_reasoning,hours,200000,69521260844,2.00113001836,0.339328990824,0.00214288133108,0.010675931876,4.64805500622,8.78325239578,0.029625,especially_prior_driven_appendix_only
compulsory_5pct_governance,conditional,year_1,skilled_work_hours,environmental_protection,hours,200000,69521260844,3.75002798854,0.643744771974,0.00408140720535,0.0202255697356,8.72238789189,16.5668504187,0.02973,especially_prior_driven_appendix_only
compulsory_5pct_governance,conditional,year_5_annual,cause_directed_cash,factory_farming_reduction,USD,200000,69521260844,60749.2154364,35422.0877305,3030.26023759,5492.3486244,148187.263239,206129.841261,2e-05,especially_prior_driven_appendix_only
compulsory_5pct_governance,conditional,year_5_annual,cause_directed_cash,wild_animal_suffering,USD,200000,69521260844,11598.2216864,6809.71546155,602.077328299,1075.00584529,28093.9032346,38952.8819656,3.5e-05,especially_prior_driven_appendix_only
compulsory_5pct_governance,conditional,year_5_annual,cause_directed_cash,residual_existential_risk_prevention,USD,200000,69521260844,36573.3158957,21751.2155393,1931.75791667,3494.13766292,88508.4931843,122129.430497,4e-05,especially_prior_driven_appendix_only
compulsory_5pct_governance,conditional,year_5_annual,cause_directed_cash,preventing_extreme_power_concentration,USD,200000,69521260844,48528.3127488,28616.0396666,2092.08128055,4078.79286015,118679.72383,163547.80189,2e-05,especially_prior_driven_appendix_only
compulsory_5pct_governance,conditional,year_5_annual,cause_directed_cash,biorisk_prevention,USD,200000,69521260844,26278.4833149,15548.3665269,1331.01812054,2429.03798137,63684.6198757,88199.4423536,2e-05,especially_prior_driven_appendix_only
compulsory_5pct_governance,conditional,year_5_annual,cause_directed_cash,space_governance,USD,200000,69521260844,13608.4125391,8054.57753429,700.593697074,1269.78041959,32940.3217459,45457.7105176,2.5e-05,especially_prior_driven_appendix_only
compulsory_5pct_governance,conditional,year_5_annual,cause_directed_cash,global_health,USD,200000,69521260844,74551.533598,44297.4436846,3501.44482693,6597.15574798,181972.800795,250157.330356,2.5e-05,especially_prior_driven_appendix_only
compulsory_5pct_governance,conditional,year_5_annual,cause_directed_cash,strategic_reasoning,USD,200000,69521260844,19802.8864607,11614.0398608,1071.35279756,1895.54685318,47962.2271261,66736.5700617,1e-05,especially_prior_driven_appendix_only
compulsory_5pct_governance,conditional,year_5_annual,cause_directed_cash,environmental_protection,USD,200000,69521260844,62926.8329041,36954.181679,2930.43627751,5493.88843754,153580.791523,212019.340811,1.5e-05,especially_prior_driven_appendix_only
compulsory_5pct_governance,conditional,year_5_annual,ordinary_action_hours,factory_farming_reduction,hours,200000,69521260844,226.276430957,47.3982638621,0.364075265361,1.73539981983,548.791733374,999.522102646,0.03041,especially_prior_driven_appendix_only
compulsory_5pct_governance,conditional,year_5_annual,ordinary_action_hours,wild_animal_suffering,hours,200000,69521260844,24.830530414,5.11840512255,0.0408931519028,0.187492848323,60.0702963721,108.584397853,0.029455,especially_prior_driven_appendix_only
compulsory_5pct_governance,conditional,year_5_annual,ordinary_action_hours,residual_existential_risk_prevention,hours,200000,69521260844,61.5968664192,12.7375266909,0.0980384872934,0.458912148259,148.621070848,268.946126538,0.030355,especially_prior_driven_appendix_only
compulsory_5pct_governance,conditional,year_5_annual,ordinary_action_hours,preventing_extreme_power_concentration,hours,200000,69521260844,37.2701728731,7.65021715852,0.060744549671,0.280392441365,89.8697411384,163.523311611,0.02958,especially_prior_driven_appendix_only
compulsory_5pct_governance,conditional,year_5_annual,ordinary_action_hours,biorisk_prevention,hours,200000,69521260844,41.3088863326,8.48900607644,0.0650434549695,0.308140376451,98.9294522486,180.822120231,0.030335,especially_prior_driven_appendix_only
compulsory_5pct_governance,conditional,year_5_annual,ordinary_action_hours,space_governance,hours,200000,69521260844,21.550938044,4.40890608774,0.0344466018328,0.160813154032,51.569848054,94.0092256204,0.03009,especially_prior_driven_appendix_only
compulsory_5pct_governance,conditional,year_5_annual,ordinary_action_hours,global_health,hours,200000,69521260844,92.9645171761,19.2321979143,0.150038984149,0.700298674542,224.147262223,409.13953386,0.029975,especially_prior_driven_appendix_only
compulsory_5pct_governance,conditional,year_5_annual,ordinary_action_hours,strategic_reasoning,hours,200000,69521260844,57.1792862121,11.796961106,0.0933959922396,0.431272157528,137.10034676,250.702187327,0.029665,especially_prior_driven_appendix_only
compulsory_5pct_governance,conditional,year_5_annual,ordinary_action_hours,environmental_protection,hours,200000,69521260844,142.094741633,29.6632141225,0.235738859508,1.09415020825,342.946484939,623.423488594,0.02944,especially_prior_driven_appendix_only
compulsory_5pct_governance,conditional,year_5_annual,skilled_work_hours,factory_farming_reduction,hours,200000,69521260844,50.1671771325,8.69861421173,0.0550916243569,0.273378788601,117.240284157,219.590141469,0.029955,especially_prior_driven_appendix_only
compulsory_5pct_governance,conditional,year_5_annual,skilled_work_hours,wild_animal_suffering,hours,200000,69521260844,7.74461305279,1.29973745274,0.00769593895986,0.0398851109017,17.9539452559,34.0183959601,0.03076,especially_prior_driven_appendix_only
compulsory_5pct_governance,conditional,year_5_annual,skilled_work_hours,residual_existential_risk_prevention,hours,200000,69521260844,19.291657521,3.29828104644,0.0205091710746,0.103500838875,45.0441411691,84.954875708,0.030095,especially_prior_driven_appendix_only
compulsory_5pct_governance,conditional,year_5_annual,skilled_work_hours,preventing_extreme_power_concentration,hours,200000,69521260844,11.6411204498,1.97914042915,0.0122940024652,0.061487301695,27.1191833265,51.3313178463,0.029935,especially_prior_driven_appendix_only
compulsory_5pct_governance,conditional,year_5_annual,skilled_work_hours,biorisk_prevention,hours,200000,69521260844,14.1660545271,2.40835373793,0.01457225214,0.0744362539721,33.011563427,62.0091750303,0.030235,especially_prior_driven_appendix_only
compulsory_5pct_governance,conditional,year_5_annual,skilled_work_hours,space_governance,hours,200000,69521260844,7.16927452515,1.22088352222,0.00777661457906,0.0384088067489,16.7321220878,31.392710933,0.02952,especially_prior_driven_appendix_only
compulsory_5pct_governance,conditional,year_5_annual,skilled_work_hours,global_health,hours,200000,69521260844,25.4615221593,4.32379073614,0.0263729372973,0.134242844868,59.4081831138,112.225793368,0.030375,especially_prior_driven_appendix_only
compulsory_5pct_governance,conditional,year_5_annual,skilled_work_hours,strategic_reasoning,hours,200000,69521260844,16.7787055386,2.84514307691,0.0179672357759,0.0895135826525,38.9721535137,73.6441931646,0.029625,especially_prior_driven_appendix_only
compulsory_5pct_governance,conditional,year_5_annual,skilled_work_hours,environmental_protection,hours,200000,69521260844,31.4425423655,5.39755231886,0.0342210296448,0.169583623168,73.1338677089,138.906668895,0.02973,especially_prior_driven_appendix_only
compulsory_5pct_governance,conditional,five_year_cumulative,cause_directed_cash,factory_farming_reduction,USD,200000,69521260844,170216.76555,99361.8226794,8680.4564432,15549.8029765,414798.641462,577033.058681,2e-05,especially_prior_driven_appendix_only
compulsory_5pct_governance,conditional,five_year_cumulative,cause_directed_cash,wild_animal_suffering,USD,200000,69521260844,32518.9349216,19123.197926,1737.82382043,3068.70758676,78680.0892354,109057.086484,3.5e-05,especially_prior_driven_appendix_only
compulsory_5pct_governance,conditional,five_year_cumulative,cause_directed_cash,residual_existential_risk_prevention,USD,200000,69521260844,102570.116514,61101.4275484,5613.50242733,9968.18718145,247906.602318,342264.878247,4e-05,especially_prior_driven_appendix_only
compulsory_5pct_governance,conditional,five_year_cumulative,cause_directed_cash,preventing_extreme_power_concentration,USD,200000,69521260844,135933.639328,80232.4843264,5969.39629935,11520.0432122,332299.995102,457741.228816,2e-05,especially_prior_driven_appendix_only
compulsory_5pct_governance,conditional,five_year_cumulative,cause_directed_cash,biorisk_prevention,USD,200000,69521260844,73667.9290055,43664.2966795,3838.32167262,6909.98720553,178359.625085,246972.846346,2e-05,especially_prior_driven_appendix_only
compulsory_5pct_governance,conditional,five_year_cumulative,cause_directed_cash,space_governance,USD,200000,69521260844,38157.3700069,22625.0103527,2023.95154779,3624.23251757,92247.1141097,127294.391574,2.5e-05,especially_prior_driven_appendix_only
compulsory_5pct_governance,conditional,five_year_cumulative,cause_directed_cash,global_health,USD,200000,69521260844,208858.224154,124245.442889,10013.86281,18678.7266999,509558.41618,700207.793823,2.5e-05,especially_prior_driven_appendix_only
compulsory_5pct_governance,conditional,five_year_cumulative,cause_directed_cash,strategic_reasoning,USD,200000,69521260844,55539.054704,32627.4418609,3097.65766093,5419.72639801,134334.928293,186868.306837,1e-05,especially_prior_driven_appendix_only
compulsory_5pct_governance,conditional,five_year_cumulative,cause_directed_cash,environmental_protection,USD,200000,69521260844,176270.262612,103575.091792,8358.21504386,15523.5345006,430015.757795,593473.524218,1.5e-05,especially_prior_driven_appendix_only
compulsory_5pct_governance,conditional,five_year_cumulative,ordinary_action_hours,factory_farming_reduction,hours,200000,69521260844,633.158820569,132.628169522,1.018742715,4.85593527566,1535.60989614,2796.8279019,0.03041,especially_prior_driven_appendix_only
compulsory_5pct_governance,conditional,five_year_cumulative,ordinary_action_hours,wild_animal_suffering,hours,200000,69521260844,69.4799245528,14.3221427741,0.114425792022,0.524635951729,168.086609114,303.837076562,0.029455,especially_prior_driven_appendix_only
compulsory_5pct_governance,conditional,five_year_cumulative,ordinary_action_hours,residual_existential_risk_prevention,hours,200000,69521260844,172.358204201,35.6417031258,0.274327877289,1.28411197449,415.866299161,752.555675176,0.030355,especially_prior_driven_appendix_only
compulsory_5pct_governance,conditional,five_year_cumulative,ordinary_action_hours,preventing_extreme_power_concentration,hours,200000,69521260844,104.288098406,21.4065709481,0.16997328119,0.784584354279,251.47037658,457.565229737,0.02958,especially_prior_driven_appendix_only
compulsory_5pct_governance,conditional,five_year_cumulative,ordinary_action_hours,biorisk_prevention,hours,200000,69521260844,115.58908561,23.7536408561,0.182002328126,0.862227658877,276.820944365,505.97015294,0.030335,especially_prior_driven_appendix_only
compulsory_5pct_governance,conditional,five_year_cumulative,ordinary_action_hours,space_governance,hours,200000,69521260844,60.3030835176,12.3368473097,0.0963872803577,0.449981761283,144.300950977,263.053337745,0.03009,especially_prior_driven_appendix_only
compulsory_5pct_governance,conditional,five_year_cumulative,ordinary_action_hours,global_health,hours,200000,69521260844,260.130070997,53.8148657235,0.41983385473,1.95955133702,627.201054843,1144.83998007,0.029975,especially_prior_driven_appendix_only
compulsory_5pct_governance,conditional,five_year_cumulative,ordinary_action_hours,strategic_reasoning,hours,200000,69521260844,159.997085272,33.0098452965,0.261337409478,1.20677071602,383.629410659,701.506120502,0.029665,especially_prior_driven_appendix_only
compulsory_5pct_governance,conditional,five_year_cumulative,ordinary_action_hours,environmental_protection,hours,200000,69521260844,397.604552277,83.0025716271,0.659636258258,3.06161296805,959.620898223,1744.44187175,0.02944,especially_prior_driven_appendix_only
compulsory_5pct_governance,conditional,five_year_cumulative,skilled_work_hours,factory_farming_reduction,hours,200000,69521260844,140.376046105,24.3401590328,0.15415546265,0.764958995626,328.057675851,614.449478421,0.029955,especially_prior_driven_appendix_only
compulsory_5pct_governance,conditional,five_year_cumulative,skilled_work_hours,wild_animal_suffering,hours,200000,69521260844,21.6707062486,3.6368800283,0.0215345080987,0.111605126835,50.2381036978,95.189089613,0.03076,especially_prior_driven_appendix_only
compulsory_5pct_governance,conditional,five_year_cumulative,skilled_work_hours,residual_existential_risk_prevention,hours,200000,69521260844,53.981243522,9.22913503819,0.0573880475022,0.289612439053,126.040945473,237.717771476,0.030095,especially_prior_driven_appendix_only
compulsory_5pct_governance,conditional,five_year_cumulative,skilled_work_hours,preventing_extreme_power_concentration,hours,200000,69521260844,32.5737774053,5.5379617513,0.0344006490997,0.172051624009,75.8839533447,143.633504065,0.029935,especially_prior_driven_appendix_only
compulsory_5pct_governance,conditional,five_year_cumulative,skilled_work_hours,biorisk_prevention,hours,200000,69521260844,39.6389599154,6.73897146852,0.0407755679147,0.208284930839,92.3718059196,173.511911782,0.030235,especially_prior_driven_appendix_only
compulsory_5pct_governance,conditional,five_year_cumulative,skilled_work_hours,space_governance,hours,200000,69521260844,20.0608140383,3.41623370896,0.0217602518038,0.107474184022,46.8192407045,87.8419893078,0.02952,especially_prior_driven_appendix_only
compulsory_5pct_governance,conditional,five_year_cumulative,skilled_work_hours,global_health,hours,200000,69521260844,71.2455436568,12.0986805002,0.0737958337218,0.375633648485,166.233906878,314.026302543,0.030375,especially_prior_driven_appendix_only
compulsory_5pct_governance,conditional,five_year_cumulative,skilled_work_hours,strategic_reasoning,hours,200000,69521260844,46.9495888924,7.96118016934,0.0502752927675,0.250473786321,109.0505213,206.068613901,0.029625,especially_prior_driven_appendix_only
compulsory_5pct_governance,conditional,five_year_cumulative,skilled_work_hours,environmental_protection,hours,200000,69521260844,87.9814258851,15.1032427271,0.0957560921254,0.474522982258,204.640639002,388.683798284,0.02973,especially_prior_driven_appendix_only
compulsory_5pct_governance,conditional,eoy5_annualized_run_rate,cause_directed_cash,factory_farming_reduction,USD,200000,69521260844,66896.1007666,39012.6673969,3334.40843686,6051.71353007,163168.677417,226992.029086,2e-05,especially_prior_driven_appendix_only
compulsory_5pct_governance,conditional,eoy5_annualized_run_rate,cause_directed_cash,wild_animal_suffering,USD,200000,69521260844,12773.3009194,7500.15454778,662.680326055,1184.65771643,30936.5926135,42891.0600685,3.5e-05,especially_prior_driven_appendix_only
compulsory_5pct_governance,conditional,eoy5_annualized_run_rate,cause_directed_cash,residual_existential_risk_prevention,USD,200000,69521260844,40280.4908129,23961.2980321,2125.70554746,3848.7910712,97477.5349632,134500.297916,4e-05,especially_prior_driven_appendix_only
compulsory_5pct_governance,conditional,eoy5_annualized_run_rate,cause_directed_cash,preventing_extreme_power_concentration,USD,200000,69521260844,53435.7865542,31512.3158917,2303.55893493,4493.0686052,130668.108544,180045.149097,2e-05,especially_prior_driven_appendix_only
compulsory_5pct_governance,conditional,eoy5_annualized_run_rate,cause_directed_cash,biorisk_prevention,USD,200000,69521260844,28940.0768126,17126.6718705,1466.39769332,2677.76825781,70129.2637443,97102.5483769,2e-05,especially_prior_driven_appendix_only
compulsory_5pct_governance,conditional,eoy5_annualized_run_rate,cause_directed_cash,space_governance,USD,200000,69521260844,14987.266509,8872.29943204,771.011918089,1398.40567701,36281.5436012,50057.4888123,2.5e-05,especially_prior_driven_appendix_only
compulsory_5pct_governance,conditional,eoy5_annualized_run_rate,cause_directed_cash,global_health,USD,200000,69521260844,82092.8135472,48782.5199391,3856.47303211,7268.61916183,200359.513216,275436.99087,2.5e-05,especially_prior_driven_appendix_only
compulsory_5pct_governance,conditional,eoy5_annualized_run_rate,cause_directed_cash,strategic_reasoning,USD,200000,69521260844,21810.3109638,12796.7042508,1178.5198484,2088.42752765,52820.1258445,73483.676765,1e-05,especially_prior_driven_appendix_only
compulsory_5pct_governance,conditional,eoy5_annualized_run_rate,cause_directed_cash,environmental_protection,USD,200000,69521260844,69290.6577877,40695.6765691,3227.95602001,6055.06358976,169105.035137,233425.513698,1.5e-05,especially_prior_driven_appendix_only
compulsory_5pct_governance,conditional,eoy5_annualized_run_rate,ordinary_action_hours,factory_farming_reduction,hours,200000,69521260844,249.111667109,52.181574894,0.400816805902,1.91053191173,604.174385366,1100.39130566,0.03041,especially_prior_driven_appendix_only
compulsory_5pct_governance,conditional,eoy5_annualized_run_rate,ordinary_action_hours,wild_animal_suffering,hours,200000,69521260844,27.3363637585,5.63494141932,0.0450199837462,0.206414144943,66.1324363729,119.542456352,0.029455,especially_prior_driven_appendix_only
compulsory_5pct_governance,conditional,eoy5_annualized_run_rate,ordinary_action_hours,residual_existential_risk_prevention,hours,200000,69521260844,67.8130639478,14.0229651642,0.107932279589,0.505224383404,163.619527539,296.087478758,0.030355,especially_prior_driven_appendix_only
compulsory_5pct_governance,conditional,eoy5_annualized_run_rate,ordinary_action_hours,preventing_extreme_power_concentration,hours,200000,69521260844,41.0313829796,8.42225742222,0.0668747335828,0.308688926274,98.939164556,180.025664159,0.02958,especially_prior_driven_appendix_only
compulsory_5pct_governance,conditional,eoy5_annualized_run_rate,ordinary_action_hours,biorisk_prevention,hours,200000,69521260844,45.4776730268,9.34569476305,0.0716074733609,0.339237111689,108.913158439,199.070224107,0.030335,especially_prior_driven_appendix_only
compulsory_5pct_governance,conditional,eoy5_annualized_run_rate,ordinary_action_hours,space_governance,hours,200000,69521260844,23.7258033512,4.85384156448,0.037922864403,0.177042004439,56.7741446466,103.496395178,0.03009,especially_prior_driven_appendix_only
compulsory_5pct_governance,conditional,eoy5_annualized_run_rate,ordinary_action_hours,global_health,hours,200000,69521260844,102.346257442,21.173061924,0.165180533009,0.770971017844,246.767628135,450.428844617,0.029975,especially_prior_driven_appendix_only
compulsory_5pct_governance,conditional,eoy5_annualized_run_rate,ordinary_action_hours,strategic_reasoning,hours,200000,69521260844,62.949672894,12.9874801167,0.10282127586,0.474795035811,150.936161571,276.002408066,0.029665,especially_prior_driven_appendix_only
compulsory_5pct_governance,conditional,eoy5_annualized_run_rate,ordinary_action_hours,environmental_protection,hours,200000,69521260844,156.434577945,32.6567494926,0.259529019642,1.20456903661,377.555763235,686.337785608,0.02944,especially_prior_driven_appendix_only
compulsory_5pct_governance,conditional,eoy5_annualized_run_rate,skilled_work_hours,factory_farming_reduction,hours,200000,69521260844,55.229919779,9.57645601292,0.0606513295672,0.300967473689,129.071872466,241.750614461,0.029955,especially_prior_driven_appendix_only
compulsory_5pct_governance,conditional,eoy5_annualized_run_rate,skilled_work_hours,wild_animal_suffering,hours,200000,69521260844,8.52617950766,1.43090361769,0.0084725933503,0.0439102138367,19.7658112909,37.4514450937,0.03076,especially_prior_driven_appendix_only
compulsory_5pct_governance,conditional,eoy5_annualized_run_rate,skilled_work_hours,residual_existential_risk_prevention,hours,200000,69521260844,21.2385220415,3.63113509699,0.0225789039353,0.11394587766,49.5898801862,93.5283035317,0.030095,especially_prior_driven_appendix_only
compulsory_5pct_governance,conditional,eoy5_annualized_run_rate,skilled_work_hours,preventing_extreme_power_concentration,hours,200000,69521260844,12.8159124218,2.17887019723,0.013534681613,0.0676924422331,29.8559816438,56.5115425831,0.029935,especially_prior_driven_appendix_only
compulsory_5pct_governance,conditional,eoy5_annualized_run_rate,skilled_work_hours,biorisk_prevention,hours,200000,69521260844,15.5956563602,2.65139861057,0.0160428463927,0.0819481695105,36.3430056077,68.2669816847,0.030235,especially_prior_driven_appendix_only
compulsory_5pct_governance,conditional,eoy5_annualized_run_rate,skilled_work_hours,space_governance,hours,200000,69521260844,7.89277929375,1.34409195107,0.00856141054576,0.0422849248612,18.4206848673,34.5607826785,0.02952,especially_prior_driven_appendix_only
compulsory_5pct_governance,conditional,eoy5_annualized_run_rate,skilled_work_hours,global_health,hours,200000,69521260844,28.0310335699,4.76013659025,0.0290344263824,0.147790287928,65.4035043454,123.551332148,0.030375,especially_prior_driven_appendix_only
compulsory_5pct_governance,conditional,eoy5_annualized_run_rate,skilled_work_hours,strategic_reasoning,hours,200000,69521260844,18.4719694003,3.13226760761,0.0197804430561,0.0985470634707,42.9051231343,81.0761759611,0.029625,especially_prior_driven_appendix_only
compulsory_5pct_governance,conditional,eoy5_annualized_run_rate,skilled_work_hours,environmental_protection,hours,200000,69521260844,34.6156429712,5.94225943361,0.0376745280493,0.18669756679,80.5143497713,152.924773095,0.02973,especially_prior_driven_appendix_only
compulsory_5pct_governance,probability_weighted,year_1,cause_directed_cash,factory_farming_reduction,USD,200000,69531260863,3216.99239848,868.074344204,0,0,9174.44022083,14510.7189877,0.18161,especially_prior_driven_appendix_only
compulsory_5pct_governance,probability_weighted,year_1,cause_directed_cash,wild_animal_suffering,USD,200000,69531260863,626.77906034,178.501959735,0,0,1780.01761046,2769.10753166,0.181615,especially_prior_driven_appendix_only
compulsory_5pct_governance,probability_weighted,year_1,cause_directed_cash,residual_existential_risk_prevention,USD,200000,69531260863,1993.47099078,583.742491764,0,0,5659.33094781,8777.80105522,0.181605,especially_prior_driven_appendix_only
compulsory_5pct_governance,probability_weighted,year_1,cause_directed_cash,preventing_extreme_power_concentration,USD,200000,69531260863,2556.12740797,669.066324052,0,0,7343.04807147,11534.4109785,0.1816,especially_prior_driven_appendix_only
compulsory_5pct_governance,probability_weighted,year_1,cause_directed_cash,biorisk_prevention,USD,200000,69531260863,1415.5931293,399.209095272,0,0,4023.80398001,6301.92289924,0.1816,especially_prior_driven_appendix_only
compulsory_5pct_governance,probability_weighted,year_1,cause_directed_cash,space_governance,USD,200000,69531260863,739.510335825,211.512323963,0,0,2093.34475902,3284.88028955,0.181595,especially_prior_driven_appendix_only
compulsory_5pct_governance,probability_weighted,year_1,cause_directed_cash,global_health,USD,200000,69531260863,3956.82376219,1058.80226067,0,0,11407.9680826,17802.9047664,0.18161,especially_prior_driven_appendix_only
compulsory_5pct_governance,probability_weighted,year_1,cause_directed_cash,strategic_reasoning,USD,200000,69531260863,1078.28975802,312.915420839,0,0,3049.94471513,4760.95433926,0.18162,especially_prior_driven_appendix_only
compulsory_5pct_governance,probability_weighted,year_1,cause_directed_cash,environmental_protection,USD,200000,69531260863,3310.63773249,872.815033874,0,0,9521.72770667,14968.6124064,0.18162,especially_prior_driven_appendix_only
compulsory_5pct_governance,probability_weighted,year_1,ordinary_action_hours,factory_farming_reduction,hours,200000,69531260863,11.5584763325,0.692686537963,0,0,25.2731657257,53.4663422728,0.20603,especially_prior_driven_appendix_only
compulsory_5pct_governance,probability_weighted,year_1,ordinary_action_hours,wild_animal_suffering,hours,200000,69531260863,1.27109156616,0.0745937876177,0,0,2.73949922736,5.82694228055,0.205695,especially_prior_driven_appendix_only
compulsory_5pct_governance,probability_weighted,year_1,ordinary_action_hours,residual_existential_risk_prevention,hours,200000,69531260863,3.12906178239,0.18493158849,0,0,6.78498493474,14.4826580026,0.206245,especially_prior_driven_appendix_only
compulsory_5pct_governance,probability_weighted,year_1,ordinary_action_hours,preventing_extreme_power_concentration,hours,200000,69531260863,1.89640404264,0.110652926114,0,0,4.10124413005,8.69482958617,0.206845,especially_prior_driven_appendix_only
compulsory_5pct_governance,probability_weighted,year_1,ordinary_action_hours,biorisk_prevention,hours,200000,69531260863,2.09653064783,0.12358213786,0,0,4.52230491784,9.72641587945,0.206015,especially_prior_driven_appendix_only
compulsory_5pct_governance,probability_weighted,year_1,ordinary_action_hours,space_governance,hours,200000,69531260863,1.09508699239,0.063983608367,0,0,2.34421167108,5.00979503942,0.206985,especially_prior_driven_appendix_only
compulsory_5pct_governance,probability_weighted,year_1,ordinary_action_hours,global_health,hours,200000,69531260863,4.73941718599,0.279969060231,0,0,10.2343960763,21.8747959746,0.20644,especially_prior_driven_appendix_only
compulsory_5pct_governance,probability_weighted,year_1,ordinary_action_hours,strategic_reasoning,hours,200000,69531260863,2.91402264308,0.171745078033,0,0,6.29725573275,13.3023601314,0.206465,especially_prior_driven_appendix_only
compulsory_5pct_governance,probability_weighted,year_1,ordinary_action_hours,environmental_protection,hours,200000,69531260863,7.22388372123,0.431910302094,0,0,15.722517479,33.581296926,0.205905,especially_prior_driven_appendix_only
compulsory_5pct_governance,probability_weighted,year_1,skilled_work_hours,factory_farming_reduction,hours,200000,69531260863,2.56633302951,0.122255828227,0,0,5.17997849009,11.4233147641,0.205985,especially_prior_driven_appendix_only
compulsory_5pct_governance,probability_weighted,year_1,skilled_work_hours,wild_animal_suffering,hours,200000,69531260863,0.393354705728,0.0183824910791,0,0,0.792073830138,1.74030232757,0.206265,especially_prior_driven_appendix_only
compulsory_5pct_governance,probability_weighted,year_1,skilled_work_hours,residual_existential_risk_prevention,hours,200000,69531260863,0.984242451336,0.0463177123245,0,0,1.9796888442,4.33387639555,0.20621,especially_prior_driven_appendix_only
compulsory_5pct_governance,probability_weighted,year_1,skilled_work_hours,preventing_extreme_power_concentration,hours,200000,69531260863,0.589390526061,0.0275817859459,0,0,1.18754678856,2.61072408058,0.206485,especially_prior_driven_appendix_only
compulsory_5pct_governance,probability_weighted,year_1,skilled_work_hours,biorisk_prevention,hours,200000,69531260863,0.724080571897,0.0335885422816,0,0,1.46284324705,3.18446190653,0.206455,especially_prior_driven_appendix_only
compulsory_5pct_governance,probability_weighted,year_1,skilled_work_hours,space_governance,hours,200000,69531260863,0.36396693338,0.0170820101384,0,0,0.733328951656,1.62366069278,0.206405,especially_prior_driven_appendix_only
compulsory_5pct_governance,probability_weighted,year_1,skilled_work_hours,global_health,hours,200000,69531260863,1.29729887126,0.0612754116639,0,0,2.62065709602,5.72722426693,0.205795,especially_prior_driven_appendix_only
compulsory_5pct_governance,probability_weighted,year_1,skilled_work_hours,strategic_reasoning,hours,200000,69531260863,0.847086571424,0.0398667336728,0,0,1.70627574161,3.76976645703,0.20619,especially_prior_driven_appendix_only
compulsory_5pct_governance,probability_weighted,year_1,skilled_work_hours,environmental_protection,hours,200000,69531260863,1.60482963944,0.0759973497227,0,0,3.23955700498,7.13337184592,0.2063,especially_prior_driven_appendix_only
compulsory_5pct_governance,probability_weighted,year_5_annual,cause_directed_cash,factory_farming_reduction,USD,200000,69531260863,24430.3461852,5991.37496827,0,0,70162.7661442,111949.794884,0.18161,especially_prior_driven_appendix_only
compulsory_5pct_governance,probability_weighted,year_5_annual,cause_directed_cash,wild_animal_suffering,USD,200000,69531260863,4689.58909292,1170.44309128,0,0,13458.8735748,21221.8166709,0.181615,especially_prior_driven_appendix_only
compulsory_5pct_governance,probability_weighted,year_5_annual,cause_directed_cash,residual_existential_risk_prevention,USD,200000,69531260863,14834.2580747,3777.82742681,0,0,42573.278206,67180.236224,0.181605,especially_prior_driven_appendix_only
compulsory_5pct_governance,probability_weighted,year_5_annual,cause_directed_cash,preventing_extreme_power_concentration,USD,200000,69531260863,19563.9972075,4709.87334347,0,0,56466.8169638,89545.0552747,0.1816,especially_prior_driven_appendix_only
compulsory_5pct_governance,probability_weighted,year_5_annual,cause_directed_cash,biorisk_prevention,USD,200000,69531260863,10634.0798351,2665.40691559,0,0,30527.1966075,48322.6582865,0.1816,especially_prior_driven_appendix_only
compulsory_5pct_governance,probability_weighted,year_5_annual,cause_directed_cash,space_governance,USD,200000,69531260863,5529.33428186,1383.25678326,0,0,15802.4529386,25175.9978069,0.181595,especially_prior_driven_appendix_only
compulsory_5pct_governance,probability_weighted,year_5_annual,cause_directed_cash,global_health,USD,200000,69531260863,30171.5250392,7396.53033537,0,0,87504.2677946,137760.320207,0.18161,especially_prior_driven_appendix_only
compulsory_5pct_governance,probability_weighted,year_5_annual,cause_directed_cash,strategic_reasoning,USD,200000,69531260863,8014.66401907,2024.81028616,0,0,22910.887492,36263.9020785,0.18162,especially_prior_driven_appendix_only
compulsory_5pct_governance,probability_weighted,year_5_annual,cause_directed_cash,environmental_protection,USD,200000,69531260863,25319.7713848,6164.92225925,0,0,73239.7666434,115974.788591,0.18162,especially_prior_driven_appendix_only
compulsory_5pct_governance,probability_weighted,year_5_annual,ordinary_action_hours,factory_farming_reduction,hours,200000,69531260863,90.4325231356,5.38965782905,0,0,197.341235054,418.441120664,0.20603,especially_prior_driven_appendix_only
compulsory_5pct_governance,probability_weighted,year_5_annual,ordinary_action_hours,wild_animal_suffering,hours,200000,69531260863,9.94527755613,0.58010661529,0,0,21.4031061044,45.5606530779,0.205695,especially_prior_driven_appendix_only
compulsory_5pct_governance,probability_weighted,year_5_annual,ordinary_action_hours,residual_existential_risk_prevention,hours,200000,69531260863,24.482687255,1.43945771131,0,0,52.9616771781,113.304250083,0.206245,especially_prior_driven_appendix_only
compulsory_5pct_governance,probability_weighted,year_5_annual,ordinary_action_hours,preventing_extreme_power_concentration,hours,200000,69531260863,14.8379482394,0.861585581391,0,0,32.0602235177,68.0278105569,0.206845,especially_prior_driven_appendix_only
compulsory_5pct_governance,probability_weighted,year_5_annual,ordinary_action_hours,biorisk_prevention,hours,200000,69531260863,16.4037460963,0.962525548631,0,0,35.2926016583,76.0430886585,0.206015,especially_prior_driven_appendix_only
compulsory_5pct_governance,probability_weighted,year_5_annual,ordinary_action_hours,space_governance,hours,200000,69531260863,8.5682582517,0.497410865238,0,0,18.3037980193,39.1564376312,0.206985,especially_prior_driven_appendix_only
compulsory_5pct_governance,probability_weighted,year_5_annual,ordinary_action_hours,global_health,hours,200000,69531260863,37.0823592851,2.17536040458,0,0,80.0727773183,171.182406741,0.20644,especially_prior_driven_appendix_only
compulsory_5pct_governance,probability_weighted,year_5_annual,ordinary_action_hours,strategic_reasoning,hours,200000,69531260863,22.7993767618,1.33656508671,0,0,49.1900817588,104.164979586,0.206465,especially_prior_driven_appendix_only
compulsory_5pct_governance,probability_weighted,year_5_annual,ordinary_action_hours,environmental_protection,hours,200000,69531260863,56.5155389375,3.36080733184,0,0,122.80957279,262.162511758,0.205905,especially_prior_driven_appendix_only
compulsory_5pct_governance,probability_weighted,year_5_annual,skilled_work_hours,factory_farming_reduction,hours,200000,69531260863,20.0777239227,0.951618296411,0,0,40.4517979025,89.2963035435,0.205985,especially_prior_driven_appendix_only
compulsory_5pct_governance,probability_weighted,year_5_annual,skilled_work_hours,wild_animal_suffering,hours,200000,69531260863,3.07742381602,0.142973441123,0,0,6.17835347503,13.5963150186,0.206265,especially_prior_driven_appendix_only
compulsory_5pct_governance,probability_weighted,year_5_annual,skilled_work_hours,residual_existential_risk_prevention,hours,200000,69531260863,7.70008299512,0.360369300625,0,0,15.4432629821,33.8649256683,0.20621,especially_prior_driven_appendix_only
compulsory_5pct_governance,probability_weighted,year_5_annual,skilled_work_hours,preventing_extreme_power_concentration,hours,200000,69531260863,4.61097962759,0.214735472208,0,0,9.27762500999,20.4150213872,0.206485,especially_prior_driven_appendix_only
compulsory_5pct_governance,probability_weighted,year_5_annual,skilled_work_hours,biorisk_prevention,hours,200000,69531260863,5.6646401607,0.261474136221,0,0,11.4202536614,24.8813228384,0.206455,especially_prior_driven_appendix_only
compulsory_5pct_governance,probability_weighted,year_5_annual,skilled_work_hours,space_governance,hours,200000,69531260863,2.8475976511,0.132868627035,0,0,5.72238618865,12.6537825975,0.206405,especially_prior_driven_appendix_only
compulsory_5pct_governance,probability_weighted,year_5_annual,skilled_work_hours,global_health,hours,200000,69531260863,10.1491937158,0.476417212689,0,0,20.4612100342,44.7699147965,0.205795,especially_prior_driven_appendix_only
compulsory_5pct_governance,probability_weighted,year_5_annual,skilled_work_hours,strategic_reasoning,hours,200000,69531260863,6.62676901881,0.310318659534,0,0,13.3067172509,29.4682398847,0.20619,especially_prior_driven_appendix_only
compulsory_5pct_governance,probability_weighted,year_5_annual,skilled_work_hours,environmental_protection,hours,200000,69531260863,12.5545382134,0.591710013685,0,0,25.2833923145,55.7861339279,0.2063,especially_prior_driven_appendix_only
compulsory_5pct_governance,probability_weighted,five_year_cumulative,cause_directed_cash,factory_farming_reduction,USD,200000,69531260863,69935.2529339,17367.4098551,0,0,200758.693729,320087.159659,0.18161,especially_prior_driven_appendix_only
compulsory_5pct_governance,probability_weighted,five_year_cumulative,cause_directed_cash,wild_animal_suffering,USD,200000,69531260863,13439.5440425,3414.64091932,0,0,38524.3465193,60650.7135935,0.181615,especially_prior_driven_appendix_only
compulsory_5pct_governance,probability_weighted,five_year_cumulative,cause_directed_cash,residual_existential_risk_prevention,USD,200000,69531260863,42531.2310233,11050.8375992,0,0,121827.906001,192105.741982,0.181605,especially_prior_driven_appendix_only
compulsory_5pct_governance,probability_weighted,five_year_cumulative,cause_directed_cash,preventing_extreme_power_concentration,USD,200000,69531260863,55965.942923,13615.3095665,0,0,161510.493753,255588.952162,0.1816,especially_prior_driven_appendix_only
compulsory_5pct_governance,probability_weighted,five_year_cumulative,cause_directed_cash,biorisk_prevention,USD,200000,69531260863,30465.401216,7764.54024213,0,0,87283.5185875,138086.025853,0.1816,especially_prior_driven_appendix_only
compulsory_5pct_governance,probability_weighted,five_year_cumulative,cause_directed_cash,space_governance,USD,200000,69531260863,15846.7350787,4042.44195565,0,0,45215.3185104,71945.835794,0.181595,especially_prior_driven_appendix_only
compulsory_5pct_governance,probability_weighted,five_year_cumulative,cause_directed_cash,global_health,USD,200000,69531260863,86336.6840396,21410.9668967,0,0,250219.805831,393206.955106,0.18161,especially_prior_driven_appendix_only
compulsory_5pct_governance,probability_weighted,five_year_cumulative,cause_directed_cash,strategic_reasoning,USD,200000,69531260863,22981.2508522,5914.44136488,0,0,65599.0951965,103692.88249,0.18162,especially_prior_driven_appendix_only
compulsory_5pct_governance,probability_weighted,five_year_cumulative,cause_directed_cash,environmental_protection,USD,200000,69531260863,72437.9244551,17819.1635008,0,0,209372.750729,331332.980011,0.18162,especially_prior_driven_appendix_only
compulsory_5pct_governance,probability_weighted,five_year_cumulative,ordinary_action_hours,factory_farming_reduction,hours,200000,69531260863,258.465622384,15.4376595629,0,0,564.709772666,1197.29651026,0.20603,especially_prior_driven_appendix_only
compulsory_5pct_governance,probability_weighted,five_year_cumulative,ordinary_action_hours,wild_animal_suffering,hours,200000,69531260863,28.4243204196,1.66083026867,0,0,61.2102801224,130.319131247,0.205695,especially_prior_driven_appendix_only
compulsory_5pct_governance,probability_weighted,five_year_cumulative,ordinary_action_hours,residual_existential_risk_prevention,hours,200000,69531260863,69.9730388139,4.11917022907,0,0,151.488293693,323.789071928,0.206245,especially_prior_driven_appendix_only
compulsory_5pct_governance,probability_weighted,five_year_cumulative,ordinary_action_hours,preventing_extreme_power_concentration,hours,200000,69531260863,42.407838508,2.46585181971,0,0,91.623554574,194.381875667,0.206845,especially_prior_driven_appendix_only
compulsory_5pct_governance,probability_weighted,five_year_cumulative,ordinary_action_hours,biorisk_prevention,hours,200000,69531260863,46.883027145,2.75485139696,0,0,100.93379067,217.375175055,0.206015,especially_prior_driven_appendix_only
compulsory_5pct_governance,probability_weighted,five_year_cumulative,ordinary_action_hours,space_governance,hours,200000,69531260863,24.4886340398,1.42417819411,0,0,52.3687087008,111.976120561,0.206985,especially_prior_driven_appendix_only
compulsory_5pct_governance,probability_weighted,five_year_cumulative,ordinary_action_hours,global_health,hours,200000,69531260863,105.983886166,6.22993422933,0,0,228.897280591,489.502291456,0.20644,especially_prior_driven_appendix_only
compulsory_5pct_governance,probability_weighted,five_year_cumulative,ordinary_action_hours,strategic_reasoning,hours,200000,69531260863,65.1627249052,3.82538840791,0,0,140.686083882,297.486775981,0.206465,especially_prior_driven_appendix_only
compulsory_5pct_governance,probability_weighted,five_year_cumulative,ordinary_action_hours,environmental_protection,hours,200000,69531260863,161.530424795,9.62040977067,0,0,351.070407716,749.673434418,0.205905,especially_prior_driven_appendix_only
compulsory_5pct_governance,probability_weighted,five_year_cumulative,skilled_work_hours,factory_farming_reduction,hours,200000,69531260863,57.3851530754,2.72277071366,0,0,115.649322505,255.30398018,0.205985,especially_prior_driven_appendix_only
compulsory_5pct_governance,probability_weighted,five_year_cumulative,skilled_work_hours,wild_animal_suffering,hours,200000,69531260863,8.79573017908,0.409311095861,0,0,17.674511201,38.8634737986,0.206265,especially_prior_driven_appendix_only
compulsory_5pct_governance,probability_weighted,five_year_cumulative,skilled_work_hours,residual_existential_risk_prevention,hours,200000,69531260863,22.0081212709,1.03116314265,0,0,44.1869369082,96.8745974467,0.20621,especially_prior_driven_appendix_only
compulsory_5pct_governance,probability_weighted,five_year_cumulative,skilled_work_hours,preventing_extreme_power_concentration,hours,200000,69531260863,13.1789800913,0.614857360714,0,0,26.5468705555,58.3752191244,0.206485,especially_prior_driven_appendix_only
compulsory_5pct_governance,probability_weighted,five_year_cumulative,skilled_work_hours,biorisk_prevention,hours,200000,69531260863,16.1905775482,0.748092176466,0,0,32.6617136217,71.1228779835,0.206455,especially_prior_driven_appendix_only
compulsory_5pct_governance,probability_weighted,five_year_cumulative,skilled_work_hours,space_governance,hours,200000,69531260863,8.13877349049,0.380501372646,0,0,16.3735893767,36.2091719592,0.206405,especially_prior_driven_appendix_only
compulsory_5pct_governance,probability_weighted,five_year_cumulative,skilled_work_hours,global_health,hours,200000,69531260863,29.008124397,1.36435076533,0,0,58.4837088439,128.052677641,0.205795,especially_prior_driven_appendix_only
compulsory_5pct_governance,probability_weighted,five_year_cumulative,skilled_work_hours,strategic_reasoning,hours,200000,69531260863,18.9406705353,0.88825308689,0,0,38.0694843113,84.2944366563,0.20619,especially_prior_driven_appendix_only
compulsory_5pct_governance,probability_weighted,five_year_cumulative,skilled_work_hours,environmental_protection,hours,200000,69531260863,35.8835135507,1.69324392586,0,0,72.3051620212,159.512948628,0.2063,especially_prior_driven_appendix_only
compulsory_5pct_governance,probability_weighted,eoy5_annualized_run_rate,cause_directed_cash,factory_farming_reduction,USD,200000,69531260863,26899.0738879,6592.91538882,0,0,77251.2208471,123266.142978,0.18161,especially_prior_driven_appendix_only
compulsory_5pct_governance,probability_weighted,eoy5_annualized_run_rate,cause_directed_cash,wild_animal_suffering,USD,200000,69531260863,5163.77116668,1288.05826389,0,0,14824.3872117,23366.1789434,0.181615,especially_prior_driven_appendix_only
compulsory_5pct_governance,probability_weighted,eoy5_annualized_run_rate,cause_directed_cash,residual_existential_risk_prevention,USD,200000,69531260863,16334.3875613,4156.98333901,0,0,46887.8260603,73976.9464368,0.181605,especially_prior_driven_appendix_only
compulsory_5pct_governance,probability_weighted,eoy5_annualized_run_rate,cause_directed_cash,preventing_extreme_power_concentration,USD,200000,69531260863,21540.2941446,5183.77617611,0,0,62175.2248283,98602.0706998,0.1816,especially_prior_driven_appendix_only
compulsory_5pct_governance,probability_weighted,eoy5_annualized_run_rate,cause_directed_cash,biorisk_prevention,USD,200000,69531260863,11709.1118232,2930.91097505,0,0,33613.2386461,53207.1639051,0.1816,especially_prior_driven_appendix_only
compulsory_5pct_governance,probability_weighted,eoy5_annualized_run_rate,cause_directed_cash,space_governance,USD,200000,69531260863,6088.38102953,1522.37085871,0,0,17407.4064605,27719.6394122,0.181595,especially_prior_driven_appendix_only
compulsory_5pct_governance,probability_weighted,eoy5_annualized_run_rate,cause_directed_cash,global_health,USD,200000,69531260863,33219.7935147,8142.12570222,0,0,96359.5663718,151671.88625,0.18161,especially_prior_driven_appendix_only
compulsory_5pct_governance,probability_weighted,eoy5_annualized_run_rate,cause_directed_cash,strategic_reasoning,USD,200000,69531260863,8825.23035322,2226.55712451,0,0,25238.7675068,39944.1147001,0.18162,especially_prior_driven_appendix_only
compulsory_5pct_governance,probability_weighted,eoy5_annualized_run_rate,cause_directed_cash,environmental_protection,USD,200000,69531260863,27877.6258456,6785.75486074,0,0,80649.7037605,127702.72208,0.18162,especially_prior_driven_appendix_only
compulsory_5pct_governance,probability_weighted,eoy5_annualized_run_rate,ordinary_action_hours,factory_farming_reduction,hours,200000,69531260863,99.5587410667,5.93356825217,0,0,217.256405564,460.669123667,0.20603,especially_prior_driven_appendix_only
compulsory_5pct_governance,probability_weighted,eoy5_annualized_run_rate,ordinary_action_hours,wild_animal_suffering,hours,200000,69531260863,10.9489294196,0.638649484723,0,0,23.563052592,50.15851715,0.205695,especially_prior_driven_appendix_only
compulsory_5pct_governance,probability_weighted,eoy5_annualized_run_rate,ordinary_action_hours,residual_existential_risk_prevention,hours,200000,69531260863,26.9534171615,1.58472408584,0,0,58.3064335906,124.738623944,0.206245,especially_prior_driven_appendix_only
compulsory_5pct_governance,probability_weighted,eoy5_annualized_run_rate,ordinary_action_hours,preventing_extreme_power_concentration,hours,200000,69531260863,16.3353558599,0.948534585017,0,0,35.2956589185,74.893002448,0.206845,especially_prior_driven_appendix_only
compulsory_5pct_governance,probability_weighted,eoy5_annualized_run_rate,ordinary_action_hours,biorisk_prevention,hours,200000,69531260863,18.0591700143,1.05966115446,0,0,38.8542403578,83.7171618259,0.206015,especially_prior_driven_appendix_only
compulsory_5pct_governance,probability_weighted,eoy5_annualized_run_rate,ordinary_action_hours,space_governance,hours,200000,69531260863,9.43294486426,0.547608292005,0,0,20.1509702964,43.1080047316,0.206985,especially_prior_driven_appendix_only
compulsory_5pct_governance,probability_weighted,eoy5_annualized_run_rate,ordinary_action_hours,global_health,hours,200000,69531260863,40.8246157267,2.39489218853,0,0,88.1535163137,188.457695494,0.20644,especially_prior_driven_appendix_only
compulsory_5pct_governance,probability_weighted,eoy5_annualized_run_rate,ordinary_action_hours,strategic_reasoning,hours,200000,69531260863,25.1002312974,1.47144780189,0,0,54.1542184501,114.677041746,0.206465,especially_prior_driven_appendix_only
compulsory_5pct_governance,probability_weighted,eoy5_annualized_run_rate,ordinary_action_hours,environmental_protection,hours,200000,69531260863,62.2189419495,3.6999713745,0,0,135.203199402,288.619278999,0.205905,especially_prior_driven_appendix_only
compulsory_5pct_governance,probability_weighted,eoy5_annualized_run_rate,skilled_work_hours,factory_farming_reduction,hours,200000,69531260863,22.1039162451,1.04765317036,0,0,44.534089434,98.3078571121,0.205985,especially_prior_driven_appendix_only
compulsory_5pct_governance,probability_weighted,eoy5_annualized_run_rate,skilled_work_hours,wild_animal_suffering,hours,200000,69531260863,3.38798952222,0.15740195353,0,0,6.80185703673,14.9684202039,0.206265,especially_prior_driven_appendix_only
compulsory_5pct_governance,probability_weighted,eoy5_annualized_run_rate,skilled_work_hours,residual_existential_risk_prevention,hours,200000,69531260863,8.47715559096,0.396736844725,0,0,17.0017574114,37.2824869743,0.20621,especially_prior_driven_appendix_only
compulsory_5pct_governance,probability_weighted,eoy5_annualized_run_rate,skilled_work_hours,preventing_extreme_power_concentration,hours,200000,69531260863,5.07630784689,0.236406024449,0,0,10.2138990936,22.4752529033,0.206485,especially_prior_driven_appendix_only
compulsory_5pct_governance,probability_weighted,eoy5_annualized_run_rate,skilled_work_hours,biorisk_prevention,hours,200000,69531260863,6.23630109434,0.287861434372,0,0,12.5727563245,27.392282024,0.206455,especially_prior_driven_appendix_only
compulsory_5pct_governance,probability_weighted,eoy5_annualized_run_rate,skilled_work_hours,space_governance,hours,200000,69531260863,3.13496989112,0.146277387561,0,0,6.2998747031,13.9307698321,0.206405,especially_prior_driven_appendix_only
compulsory_5pct_governance,probability_weighted,eoy5_annualized_run_rate,skilled_work_hours,global_health,hours,200000,69531260863,11.1734242743,0.524496013969,0,0,22.52610279,49.2879795925,0.205795,especially_prior_driven_appendix_only
compulsory_5pct_governance,probability_weighted,eoy5_annualized_run_rate,skilled_work_hours,strategic_reasoning,hours,200000,69531260863,7.29552552529,0.341635221505,0,0,14.6495969734,32.4420989556,0.20619,especially_prior_driven_appendix_only
compulsory_5pct_governance,probability_weighted,eoy5_annualized_run_rate,skilled_work_hours,environmental_protection,hours,200000,69531260863,13.8215099597,0.651423868277,0,0,27.8349273187,61.41592726,0.2063,especially_prior_driven_appendix_only
